# The ik router trace of a prose text (50,000 tokens, top-6): routed count per (layer, expert), 300,000 a layer.
# Read from the box file /root/bloomery-data/router/prose/counts.tsv by the hoststream-recal round on 2026-09-25
# (docs/research/hoststream-recal-report.md:37-39: rc 0, 15361 lines); copied here so the prose arm does not live in a scratchpad.
# layer	expert	count
0	0	478
0	1	174
0	2	10776
0	3	211
0	4	533
0	5	490
0	6	54
0	7	691
0	8	697
0	9	233
0	10	207
0	11	619
0	12	853
0	13	0
0	14	431
0	15	1198
0	16	120
0	17	562
0	18	206
0	19	16
0	20	412
0	21	225
0	22	95
0	23	342
0	24	1258
0	25	99
0	26	484
0	27	148
0	28	1542
0	29	1487
0	30	3838
0	31	1674
0	32	382
0	33	450
0	34	361
0	35	7238
0	36	750
0	37	136
0	38	662
0	39	4264
0	40	2696
0	41	2088
0	42	259
0	43	386
0	44	701
0	45	473
0	46	258
0	47	65
0	48	883
0	49	1825
0	50	10
0	51	623
0	52	16
0	53	215
0	54	185
0	55	1245
0	56	212
0	57	295
0	58	118
0	59	746
0	60	91
0	61	881
0	62	60
0	63	788
0	64	873
0	65	159
0	66	513
0	67	1130
0	68	3526
0	69	3291
0	70	679
0	71	1572
0	72	846
0	73	2814
0	74	192
0	75	146
0	76	162
0	77	585
0	78	877
0	79	8
0	80	286
0	81	1021
0	82	289
0	83	43
0	84	456
0	85	1300
0	86	1317
0	87	616
0	88	374
0	89	152
0	90	247
0	91	23
0	92	260
0	93	25
0	94	1265
0	95	237
0	96	466
0	97	250
0	98	351
0	99	299
0	100	46
0	101	334
0	102	259
0	103	9
0	104	1017
0	105	2362
0	106	247
0	107	816
0	108	484
0	109	491
0	110	1268
0	111	3641
0	112	2068
0	113	556
0	114	119
0	115	1780
0	116	3600
0	117	358
0	118	1284
0	119	658
0	120	934
0	121	105
0	122	4
0	123	238
0	124	586
0	125	253
0	126	647
0	127	635
0	128	843
0	129	137
0	130	220
0	131	344
0	132	692
0	133	563
0	134	1254
0	135	1449
0	136	672
0	137	21
0	138	772
0	139	4
0	140	685
0	141	645
0	142	1415
0	143	905
0	144	294
0	145	925
0	146	194
0	147	1299
0	148	569
0	149	748
0	150	139
0	151	494
0	152	524
0	153	148
0	154	360
0	155	997
0	156	1051
0	157	286
0	158	1155
0	159	326
0	160	78
0	161	675
0	162	1690
0	163	216
0	164	509
0	165	1305
0	166	740
0	167	646
0	168	475
0	169	453
0	170	1208
0	171	113
0	172	578
0	173	397
0	174	685
0	175	305
0	176	2566
0	177	137
0	178	167
0	179	33
0	180	1274
0	181	170
0	182	227
0	183	3164
0	184	643
0	185	715
0	186	210
0	187	455
0	188	1063
0	189	791
0	190	64
0	191	709
0	192	382
0	193	1406
0	194	892
0	195	614
0	196	494
0	197	1762
0	198	1588
0	199	213
0	200	536
0	201	668
0	202	6
0	203	738
0	204	77
0	205	1080
0	206	122
0	207	588
0	208	2092
0	209	662
0	210	7
0	211	438
0	212	55
0	213	324
0	214	49
0	215	518
0	216	540
0	217	141
0	218	23
0	219	295
0	220	132
0	221	59
0	222	446
0	223	948
0	224	91
0	225	1834
0	226	146
0	227	1690
0	228	1953
0	229	3104
0	230	700
0	231	673
0	232	1113
0	233	1
0	234	463
0	235	37
0	236	1631
0	237	5573
0	238	1681
0	239	331
0	240	168
0	241	936
0	242	7752
0	243	172
0	244	63
0	245	278
0	246	193
0	247	430
0	248	2036
0	249	9
0	250	789
0	251	767
0	252	463
0	253	1682
0	254	686
0	255	391
0	256	1077
0	257	794
0	258	14
0	259	275
0	260	1391
0	261	566
0	262	1084
0	263	412
0	264	277
0	265	47
0	266	229
0	267	413
0	268	699
0	269	1564
0	270	604
0	271	545
0	272	147
0	273	1368
0	274	829
0	275	1240
0	276	909
0	277	1192
0	278	1069
0	279	373
0	280	736
0	281	668
0	282	1001
0	283	1389
0	284	316
0	285	934
0	286	831
0	287	274
0	288	317
0	289	1227
0	290	702
0	291	515
0	292	0
0	293	631
0	294	410
0	295	604
0	296	1243
0	297	626
0	298	737
0	299	1570
0	300	1326
0	301	1070
0	302	1000
0	303	457
0	304	260
0	305	623
0	306	280
0	307	2041
0	308	991
0	309	123
0	310	491
0	311	608
0	312	275
0	313	311
0	314	1260
0	315	2456
0	316	220
0	317	2262
0	318	875
0	319	1510
0	320	831
0	321	684
0	322	790
0	323	4452
0	324	194
0	325	381
0	326	160
0	327	416
0	328	755
0	329	210
0	330	523
0	331	108
0	332	392
0	333	443
0	334	1003
0	335	170
0	336	224
0	337	1757
0	338	1046
0	339	214
0	340	677
0	341	1687
0	342	411
0	343	719
0	344	19
0	345	562
0	346	273
0	347	567
0	348	781
0	349	609
0	350	494
0	351	803
0	352	905
0	353	841
0	354	370
0	355	471
0	356	725
0	357	607
0	358	567
0	359	545
0	360	54
0	361	790
0	362	186
0	363	293
0	364	312
0	365	116
0	366	903
0	367	731
0	368	385
0	369	792
0	370	1331
0	371	916
0	372	381
0	373	11
0	374	315
0	375	325
0	376	80
0	377	497
0	378	1922
0	379	735
0	380	97
0	381	840
0	382	593
0	383	435
1	0	5537
1	1	244
1	2	661
1	3	778
1	4	795
1	5	2412
1	6	596
1	7	713
1	8	2415
1	9	2
1	10	405
1	11	535
1	12	3096
1	13	101
1	14	1056
1	15	1297
1	16	92
1	17	17
1	18	227
1	19	936
1	20	1322
1	21	369
1	22	1105
1	23	1003
1	24	649
1	25	450
1	26	563
1	27	56
1	28	220
1	29	95
1	30	641
1	31	140
1	32	178
1	33	301
1	34	665
1	35	1315
1	36	119
1	37	300
1	38	112
1	39	679
1	40	34
1	41	318
1	42	462
1	43	568
1	44	109
1	45	1748
1	46	305
1	47	1744
1	48	753
1	49	775
1	50	335
1	51	299
1	52	71
1	53	604
1	54	891
1	55	721
1	56	854
1	57	247
1	58	40
1	59	608
1	60	230
1	61	469
1	62	602
1	63	552
1	64	643
1	65	374
1	66	237
1	67	2828
1	68	795
1	69	64
1	70	1189
1	71	1191
1	72	520
1	73	128
1	74	1
1	75	808
1	76	23
1	77	279
1	78	31
1	79	2
1	80	150
1	81	74
1	82	841
1	83	258
1	84	238
1	85	11304
1	86	383
1	87	1130
1	88	1464
1	89	810
1	90	140
1	91	673
1	92	1509
1	93	1298
1	94	254
1	95	144
1	96	77
1	97	491
1	98	586
1	99	327
1	100	3047
1	101	280
1	102	2824
1	103	1971
1	104	2115
1	105	278
1	106	982
1	107	354
1	108	2985
1	109	179
1	110	923
1	111	401
1	112	862
1	113	1078
1	114	1592
1	115	864
1	116	150
1	117	899
1	118	268
1	119	556
1	120	2669
1	121	221
1	122	2156
1	123	113
1	124	5
1	125	140
1	126	107
1	127	1306
1	128	483
1	129	758
1	130	1095
1	131	1577
1	132	31
1	133	2930
1	134	1785
1	135	773
1	136	185
1	137	480
1	138	496
1	139	0
1	140	169
1	141	125
1	142	46
1	143	4469
1	144	1306
1	145	137
1	146	1182
1	147	1975
1	148	885
1	149	2205
1	150	223
1	151	769
1	152	325
1	153	130
1	154	886
1	155	960
1	156	656
1	157	1715
1	158	471
1	159	566
1	160	345
1	161	601
1	162	751
1	163	1366
1	164	558
1	165	355
1	166	292
1	167	195
1	168	538
1	169	224
1	170	308
1	171	165
1	172	1184
1	173	162
1	174	290
1	175	1075
1	176	1799
1	177	984
1	178	403
1	179	281
1	180	2628
1	181	41
1	182	402
1	183	275
1	184	910
1	185	1089
1	186	1618
1	187	384
1	188	298
1	189	175
1	190	251
1	191	112
1	192	721
1	193	1647
1	194	515
1	195	480
1	196	19
1	197	30
1	198	1268
1	199	371
1	200	975
1	201	37
1	202	354
1	203	337
1	204	5
1	205	2
1	206	1638
1	207	16
1	208	63
1	209	389
1	210	296
1	211	714
1	212	1373
1	213	7516
1	214	1078
1	215	434
1	216	406
1	217	7298
1	218	2236
1	219	926
1	220	166
1	221	1125
1	222	522
1	223	421
1	224	776
1	225	406
1	226	655
1	227	195
1	228	1116
1	229	155
1	230	377
1	231	557
1	232	279
1	233	45
1	234	441
1	235	334
1	236	956
1	237	330
1	238	325
1	239	241
1	240	205
1	241	456
1	242	263
1	243	204
1	244	1139
1	245	1206
1	246	464
1	247	565
1	248	569
1	249	707
1	250	322
1	251	1637
1	252	452
1	253	1110
1	254	737
1	255	441
1	256	213
1	257	648
1	258	625
1	259	1651
1	260	481
1	261	39
1	262	794
1	263	655
1	264	115
1	265	1104
1	266	937
1	267	326
1	268	184
1	269	176
1	270	664
1	271	1029
1	272	765
1	273	288
1	274	3472
1	275	132
1	276	40
1	277	794
1	278	115
1	279	193
1	280	955
1	281	558
1	282	28
1	283	1421
1	284	448
1	285	310
1	286	34
1	287	95
1	288	144
1	289	2293
1	290	395
1	291	283
1	292	455
1	293	826
1	294	720
1	295	357
1	296	272
1	297	375
1	298	283
1	299	357
1	300	2370
1	301	331
1	302	114
1	303	126
1	304	189
1	305	100
1	306	606
1	307	819
1	308	942
1	309	7
1	310	2463
1	311	753
1	312	219
1	313	878
1	314	284
1	315	55
1	316	173
1	317	81
1	318	8205
1	319	520
1	320	251
1	321	662
1	322	465
1	323	1284
1	324	900
1	325	229
1	326	429
1	327	1500
1	328	396
1	329	751
1	330	350
1	331	35
1	332	2314
1	333	1051
1	334	522
1	335	732
1	336	1460
1	337	1057
1	338	810
1	339	295
1	340	1644
1	341	646
1	342	430
1	343	695
1	344	507
1	345	316
1	346	375
1	347	377
1	348	185
1	349	2313
1	350	3080
1	351	6
1	352	0
1	353	310
1	354	95
1	355	144
1	356	249
1	357	236
1	358	345
1	359	211
1	360	253
1	361	5643
1	362	437
1	363	471
1	364	504
1	365	548
1	366	517
1	367	6
1	368	370
1	369	764
1	370	1812
1	371	202
1	372	171
1	373	472
1	374	494
1	375	558
1	376	264
1	377	2607
1	378	736
1	379	1842
1	380	547
1	381	558
1	382	95
1	383	168
2	0	135
2	1	556
2	2	224
2	3	1416
2	4	265
2	5	695
2	6	254
2	7	831
2	8	548
2	9	373
2	10	583
2	11	552
2	12	616
2	13	135
2	14	4554
2	15	590
2	16	374
2	17	29
2	18	171
2	19	256
2	20	250
2	21	707
2	22	7
2	23	495
2	24	1761
2	25	571
2	26	897
2	27	11220
2	28	995
2	29	80
2	30	511
2	31	900
2	32	826
2	33	228
2	34	18
2	35	1954
2	36	40
2	37	25
2	38	25
2	39	89
2	40	674
2	41	946
2	42	248
2	43	26
2	44	166
2	45	1139
2	46	85
2	47	486
2	48	281
2	49	459
2	50	796
2	51	200
2	52	203
2	53	1413
2	54	75
2	55	31
2	56	752
2	57	207
2	58	1241
2	59	1048
2	60	602
2	61	32
2	62	42
2	63	123
2	64	583
2	65	179
2	66	1522
2	67	680
2	68	355
2	69	502
2	70	50
2	71	1418
2	72	74
2	73	145
2	74	803
2	75	96
2	76	306
2	77	292
2	78	324
2	79	1101
2	80	404
2	81	2814
2	82	665
2	83	159
2	84	725
2	85	177
2	86	6
2	87	1552
2	88	376
2	89	410
2	90	753
2	91	4793
2	92	69
2	93	249
2	94	13
2	95	601
2	96	113
2	97	416
2	98	433
2	99	1451
2	100	160
2	101	256
2	102	438
2	103	538
2	104	431
2	105	7082
2	106	239
2	107	1045
2	108	1220
2	109	159
2	110	499
2	111	61
2	112	109
2	113	260
2	114	603
2	115	930
2	116	203
2	117	312
2	118	183
2	119	448
2	120	16566
2	121	823
2	122	336
2	123	88
2	124	453
2	125	695
2	126	226
2	127	14
2	128	247
2	129	613
2	130	802
2	131	407
2	132	5129
2	133	237
2	134	532
2	135	358
2	136	664
2	137	101
2	138	656
2	139	94
2	140	718
2	141	1288
2	142	854
2	143	165
2	144	1280
2	145	474
2	146	1115
2	147	1077
2	148	43
2	149	238
2	150	251
2	151	3744
2	152	1304
2	153	119
2	154	278
2	155	133
2	156	88
2	157	240
2	158	702
2	159	182
2	160	248
2	161	1138
2	162	642
2	163	325
2	164	2
2	165	310
2	166	8664
2	167	1059
2	168	193
2	169	81
2	170	727
2	171	198
2	172	1775
2	173	284
2	174	642
2	175	1047
2	176	465
2	177	1253
2	178	772
2	179	383
2	180	724
2	181	412
2	182	150
2	183	46
2	184	351
2	185	193
2	186	128
2	187	403
2	188	236
2	189	231
2	190	257
2	191	227
2	192	226
2	193	463
2	194	1501
2	195	182
2	196	187
2	197	52
2	198	220
2	199	410
2	200	802
2	201	109
2	202	548
2	203	900
2	204	1553
2	205	145
2	206	388
2	207	314
2	208	10
2	209	356
2	210	630
2	211	3399
2	212	162
2	213	3453
2	214	40
2	215	41
2	216	3634
2	217	1490
2	218	232
2	219	84
2	220	651
2	221	670
2	222	874
2	223	678
2	224	529
2	225	467
2	226	742
2	227	16
2	228	1785
2	229	165
2	230	2406
2	231	8
2	232	285
2	233	1228
2	234	2087
2	235	118
2	236	545
2	237	863
2	238	631
2	239	1134
2	240	589
2	241	689
2	242	756
2	243	672
2	244	163
2	245	300
2	246	923
2	247	242
2	248	50
2	249	198
2	250	2238
2	251	448
2	252	961
2	253	52
2	254	2145
2	255	559
2	256	434
2	257	761
2	258	276
2	259	23
2	260	467
2	261	629
2	262	93
2	263	14
2	264	24
2	265	912
2	266	148
2	267	23
2	268	217
2	269	705
2	270	1341
2	271	1179
2	272	35
2	273	116
2	274	76
2	275	15
2	276	92
2	277	186
2	278	319
2	279	977
2	280	3864
2	281	447
2	282	70
2	283	743
2	284	91
2	285	175
2	286	830
2	287	119
2	288	495
2	289	2420
2	290	211
2	291	1069
2	292	221
2	293	795
2	294	475
2	295	511
2	296	1449
2	297	2596
2	298	371
2	299	2542
2	300	224
2	301	149
2	302	536
2	303	61
2	304	564
2	305	2243
2	306	375
2	307	615
2	308	31
2	309	139
2	310	15
2	311	1261
2	312	12
2	313	680
2	314	31
2	315	168
2	316	932
2	317	558
2	318	504
2	319	90
2	320	1085
2	321	772
2	322	236
2	323	13638
2	324	545
2	325	28
2	326	841
2	327	1092
2	328	950
2	329	492
2	330	119
2	331	198
2	332	589
2	333	672
2	334	154
2	335	169
2	336	112
2	337	935
2	338	120
2	339	167
2	340	261
2	341	195
2	342	241
2	343	11
2	344	1986
2	345	150
2	346	0
2	347	514
2	348	110
2	349	27
2	350	0
2	351	2812
2	352	9305
2	353	112
2	354	302
2	355	300
2	356	185
2	357	240
2	358	1009
2	359	129
2	360	218
2	361	253
2	362	372
2	363	2724
2	364	544
2	365	733
2	366	679
2	367	17
2	368	575
2	369	62
2	370	115
2	371	1
2	372	123
2	373	281
2	374	90
2	375	1142
2	376	223
2	377	435
2	378	1008
2	379	54
2	380	7479
2	381	57
2	382	473
2	383	2681
3	0	102
3	1	106
3	2	139
3	3	128
3	4	596
3	5	178
3	6	300
3	7	1115
3	8	165
3	9	70
3	10	133
3	11	553
3	12	904
3	13	114
3	14	254
3	15	965
3	16	5366
3	17	7290
3	18	504
3	19	475
3	20	195
3	21	57
3	22	1078
3	23	66
3	24	5
3	25	59
3	26	42
3	27	5
3	28	1391
3	29	65
3	30	241
3	31	177
3	32	256
3	33	1667
3	34	662
3	35	827
3	36	464
3	37	4723
3	38	814
3	39	3414
3	40	127
3	41	3
3	42	71
3	43	350
3	44	184
3	45	979
3	46	253
3	47	261
3	48	40
3	49	529
3	50	316
3	51	1303
3	52	174
3	53	66
3	54	629
3	55	442
3	56	844
3	57	21
3	58	35
3	59	84
3	60	502
3	61	649
3	62	2164
3	63	640
3	64	908
3	65	850
3	66	51
3	67	853
3	68	65
3	69	391
3	70	203
3	71	43
3	72	245
3	73	340
3	74	310
3	75	403
3	76	324
3	77	54
3	78	252
3	79	128
3	80	688
3	81	429
3	82	2
3	83	658
3	84	237
3	85	24
3	86	1016
3	87	426
3	88	162
3	89	250
3	90	197
3	91	339
3	92	828
3	93	2
3	94	562
3	95	28
3	96	5031
3	97	56
3	98	422
3	99	160
3	100	839
3	101	57
3	102	2915
3	103	290
3	104	360
3	105	292
3	106	523
3	107	937
3	108	62
3	109	4
3	110	689
3	111	229
3	112	16
3	113	997
3	114	2079
3	115	247
3	116	485
3	117	1343
3	118	33
3	119	850
3	120	245
3	121	95
3	122	445
3	123	142
3	124	170
3	125	80
3	126	688
3	127	0
3	128	1300
3	129	85
3	130	44
3	131	170
3	132	317
3	133	254
3	134	31
3	135	79
3	136	897
3	137	70
3	138	102
3	139	0
3	140	189
3	141	225
3	142	899
3	143	737
3	144	697
3	145	231
3	146	17
3	147	12297
3	148	4618
3	149	454
3	150	802
3	151	542
3	152	13
3	153	13491
3	154	1962
3	155	322
3	156	49
3	157	593
3	158	79
3	159	1565
3	160	841
3	161	1526
3	162	0
3	163	307
3	164	1019
3	165	1305
3	166	411
3	167	11792
3	168	1071
3	169	412
3	170	353
3	171	147
3	172	316
3	173	5349
3	174	132
3	175	434
3	176	168
3	177	566
3	178	237
3	179	236
3	180	1251
3	181	189
3	182	1220
3	183	1729
3	184	454
3	185	612
3	186	1818
3	187	363
3	188	93
3	189	399
3	190	841
3	191	1155
3	192	498
3	193	753
3	194	1093
3	195	748
3	196	16
3	197	278
3	198	705
3	199	2311
3	200	400
3	201	215
3	202	720
3	203	61
3	204	282
3	205	744
3	206	132
3	207	609
3	208	229
3	209	167
3	210	201
3	211	113
3	212	32
3	213	55
3	214	1799
3	215	171
3	216	39
3	217	213
3	218	779
3	219	15
3	220	2197
3	221	246
3	222	93
3	223	3
3	224	11488
3	225	315
3	226	1551
3	227	1
3	228	467
3	229	109
3	230	48
3	231	543
3	232	264
3	233	272
3	234	1192
3	235	11
3	236	686
3	237	524
3	238	5
3	239	343
3	240	783
3	241	10
3	242	17
3	243	815
3	244	174
3	245	861
3	246	706
3	247	76
3	248	11
3	249	314
3	250	1904
3	251	340
3	252	134
3	253	529
3	254	460
3	255	110
3	256	3
3	257	298
3	258	516
3	259	208
3	260	888
3	261	1380
3	262	2132
3	263	104
3	264	80
3	265	412
3	266	1390
3	267	385
3	268	708
3	269	281
3	270	698
3	271	848
3	272	361
3	273	443
3	274	383
3	275	1375
3	276	135
3	277	48
3	278	206
3	279	549
3	280	81
3	281	28
3	282	100
3	283	810
3	284	1089
3	285	118
3	286	2495
3	287	748
3	288	796
3	289	443
3	290	202
3	291	674
3	292	154
3	293	1744
3	294	878
3	295	315
3	296	276
3	297	556
3	298	669
3	299	474
3	300	33
3	301	55
3	302	132
3	303	3324
3	304	796
3	305	1021
3	306	15
3	307	1873
3	308	48
3	309	3022
3	310	47
3	311	354
3	312	1217
3	313	319
3	314	656
3	315	147
3	316	202
3	317	8385
3	318	404
3	319	400
3	320	380
3	321	691
3	322	132
3	323	265
3	324	1322
3	325	8
3	326	1062
3	327	308
3	328	573
3	329	6837
3	330	4479
3	331	565
3	332	631
3	333	12
3	334	348
3	335	117
3	336	200
3	337	344
3	338	314
3	339	457
3	340	25
3	341	56
3	342	193
3	343	93
3	344	742
3	345	326
3	346	544
3	347	194
3	348	606
3	349	6100
3	350	760
3	351	22
3	352	372
3	353	373
3	354	130
3	355	888
3	356	88
3	357	3714
3	358	511
3	359	813
3	360	633
3	361	122
3	362	2
3	363	108
3	364	2408
3	365	2567
3	366	298
3	367	28
3	368	751
3	369	109
3	370	1312
3	371	76
3	372	84
3	373	490
3	374	261
3	375	15
3	376	1541
3	377	1544
3	378	1398
3	379	407
3	380	220
3	381	426
3	382	1205
3	383	232
4	0	2690
4	1	372
4	2	235
4	3	41
4	4	44
4	5	3589
4	6	58
4	7	435
4	8	594
4	9	663
4	10	228
4	11	311
4	12	5120
4	13	380
4	14	114
4	15	70
4	16	22
4	17	640
4	18	864
4	19	314
4	20	154
4	21	590
4	22	34
4	23	2886
4	24	132
4	25	1327
4	26	98
4	27	46
4	28	254
4	29	382
4	30	151
4	31	107
4	32	73
4	33	497
4	34	279
4	35	1061
4	36	52
4	37	320
4	38	537
4	39	300
4	40	355
4	41	16
4	42	491
4	43	305
4	44	98
4	45	1381
4	46	3491
4	47	482
4	48	562
4	49	187
4	50	946
4	51	786
4	52	178
4	53	1036
4	54	1125
4	55	58
4	56	447
4	57	76
4	58	940
4	59	7513
4	60	45
4	61	1369
4	62	224
4	63	664
4	64	44
4	65	202
4	66	337
4	67	573
4	68	2351
4	69	2872
4	70	1681
4	71	126
4	72	734
4	73	657
4	74	97
4	75	754
4	76	11
4	77	221
4	78	185
4	79	1363
4	80	125
4	81	116
4	82	622
4	83	447
4	84	81
4	85	2000
4	86	935
4	87	55
4	88	1307
4	89	452
4	90	1018
4	91	206
4	92	369
4	93	489
4	94	17402
4	95	324
4	96	116
4	97	468
4	98	6
4	99	908
4	100	603
4	101	155
4	102	1100
4	103	335
4	104	140
4	105	43
4	106	42
4	107	490
4	108	133
4	109	283
4	110	715
4	111	661
4	112	420
4	113	79
4	114	372
4	115	251
4	116	519
4	117	60
4	118	84
4	119	610
4	120	68
4	121	12
4	122	304
4	123	993
4	124	221
4	125	626
4	126	1242
4	127	745
4	128	749
4	129	27
4	130	19
4	131	155
4	132	4110
4	133	136
4	134	94
4	135	1124
4	136	579
4	137	756
4	138	105
4	139	381
4	140	1979
4	141	1649
4	142	87
4	143	520
4	144	353
4	145	489
4	146	782
4	147	1583
4	148	1701
4	149	198
4	150	196
4	151	648
4	152	208
4	153	185
4	154	689
4	155	163
4	156	8
4	157	846
4	158	220
4	159	452
4	160	250
4	161	548
4	162	3
4	163	342
4	164	491
4	165	534
4	166	163
4	167	714
4	168	52
4	169	703
4	170	82
4	171	612
4	172	29
4	173	1424
4	174	684
4	175	192
4	176	640
4	177	153
4	178	206
4	179	1078
4	180	555
4	181	457
4	182	45
4	183	188
4	184	2971
4	185	298
4	186	627
4	187	57
4	188	627
4	189	1400
4	190	153
4	191	8535
4	192	4094
4	193	167
4	194	399
4	195	23155
4	196	706
4	197	16
4	198	1630
4	199	426
4	200	303
4	201	322
4	202	743
4	203	244
4	204	204
4	205	712
4	206	225
4	207	364
4	208	167
4	209	342
4	210	662
4	211	299
4	212	174
4	213	457
4	214	69
4	215	71
4	216	321
4	217	43
4	218	499
4	219	1145
4	220	1437
4	221	1698
4	222	229
4	223	237
4	224	341
4	225	442
4	226	11
4	227	285
4	228	78
4	229	390
4	230	284
4	231	230
4	232	154
4	233	164
4	234	262
4	235	59
4	236	24
4	237	2126
4	238	272
4	239	496
4	240	178
4	241	366
4	242	70
4	243	889
4	244	54
4	245	10
4	246	493
4	247	134
4	248	1076
4	249	126
4	250	51
4	251	623
4	252	576
4	253	134
4	254	1651
4	255	207
4	256	12
4	257	356
4	258	689
4	259	326
4	260	1288
4	261	316
4	262	128
4	263	258
4	264	182
4	265	345
4	266	102
4	267	1348
4	268	505
4	269	289
4	270	163
4	271	364
4	272	757
4	273	583
4	274	24
4	275	81
4	276	359
4	277	78
4	278	3743
4	279	813
4	280	1134
4	281	419
4	282	207
4	283	4
4	284	509
4	285	532
4	286	3455
4	287	895
4	288	868
4	289	444
4	290	186
4	291	3839
4	292	2437
4	293	1729
4	294	2353
4	295	29
4	296	1144
4	297	542
4	298	306
4	299	71
4	300	205
4	301	504
4	302	647
4	303	104
4	304	246
4	305	18
4	306	131
4	307	533
4	308	67
4	309	35
4	310	1262
4	311	461
4	312	479
4	313	9465
4	314	872
4	315	8044
4	316	2815
4	317	4
4	318	1668
4	319	889
4	320	452
4	321	51
4	322	811
4	323	57
4	324	110
4	325	351
4	326	1197
4	327	56
4	328	248
4	329	819
4	330	72
4	331	47
4	332	42
4	333	1440
4	334	119
4	335	9359
4	336	514
4	337	304
4	338	389
4	339	325
4	340	1161
4	341	86
4	342	841
4	343	186
4	344	502
4	345	0
4	346	314
4	347	1425
4	348	366
4	349	54
4	350	820
4	351	498
4	352	127
4	353	653
4	354	99
4	355	166
4	356	749
4	357	515
4	358	922
4	359	565
4	360	453
4	361	593
4	362	43
4	363	19
4	364	1891
4	365	150
4	366	214
4	367	360
4	368	76
4	369	398
4	370	211
4	371	389
4	372	466
4	373	926
4	374	80
4	375	434
4	376	82
4	377	454
4	378	552
4	379	1097
4	380	16
4	381	69
4	382	1152
4	383	783
5	0	296
5	1	841
5	2	1171
5	3	25
5	4	711
5	5	101
5	6	965
5	7	1153
5	8	2458
5	9	581
5	10	715
5	11	327
5	12	416
5	13	179
5	14	17
5	15	347
5	16	554
5	17	640
5	18	232
5	19	1391
5	20	44
5	21	184
5	22	1
5	23	12
5	24	84
5	25	140
5	26	935
5	27	70
5	28	112
5	29	679
5	30	160
5	31	463
5	32	2190
5	33	237
5	34	1516
5	35	1092
5	36	1289
5	37	1458
5	38	247
5	39	990
5	40	5250
5	41	379
5	42	7314
5	43	85
5	44	306
5	45	2050
5	46	350
5	47	343
5	48	1825
5	49	151
5	50	117
5	51	211
5	52	529
5	53	3342
5	54	785
5	55	901
5	56	159
5	57	930
5	58	572
5	59	29
5	60	1371
5	61	414
5	62	423
5	63	1157
5	64	117
5	65	788
5	66	92
5	67	284
5	68	458
5	69	2643
5	70	36
5	71	37
5	72	566
5	73	3
5	74	137
5	75	5
5	76	485
5	77	123
5	78	197
5	79	4195
5	80	336
5	81	1237
5	82	806
5	83	1104
5	84	318
5	85	417
5	86	241
5	87	110
5	88	624
5	89	3
5	90	412
5	91	0
5	92	188
5	93	76
5	94	130
5	95	108
5	96	1749
5	97	1131
5	98	155
5	99	281
5	100	357
5	101	132
5	102	42
5	103	55
5	104	17
5	105	213
5	106	229
5	107	3219
5	108	181
5	109	684
5	110	236
5	111	193
5	112	2213
5	113	1014
5	114	91
5	115	10
5	116	2303
5	117	1246
5	118	169
5	119	105
5	120	271
5	121	744
5	122	27
5	123	36
5	124	790
5	125	449
5	126	9
5	127	765
5	128	78
5	129	17
5	130	185
5	131	41
5	132	130
5	133	1355
5	134	452
5	135	72
5	136	3301
5	137	366
5	138	925
5	139	291
5	140	53
5	141	405
5	142	43
5	143	427
5	144	699
5	145	75
5	146	1005
5	147	9121
5	148	83
5	149	2009
5	150	15
5	151	271
5	152	817
5	153	1405
5	154	549
5	155	418
5	156	1102
5	157	368
5	158	399
5	159	176
5	160	160
5	161	290
5	162	559
5	163	312
5	164	430
5	165	502
5	166	51
5	167	565
5	168	312
5	169	9672
5	170	338
5	171	194
5	172	341
5	173	434
5	174	273
5	175	284
5	176	1579
5	177	655
5	178	43
5	179	1919
5	180	675
5	181	382
5	182	747
5	183	205
5	184	42
5	185	449
5	186	126
5	187	14160
5	188	352
5	189	0
5	190	258
5	191	508
5	192	31
5	193	704
5	194	11
5	195	160
5	196	390
5	197	374
5	198	1019
5	199	100
5	200	1647
5	201	293
5	202	150
5	203	2379
5	204	970
5	205	108
5	206	877
5	207	64
5	208	1407
5	209	593
5	210	180
5	211	203
5	212	443
5	213	257
5	214	418
5	215	698
5	216	1770
5	217	197
5	218	238
5	219	251
5	220	798
5	221	989
5	222	564
5	223	445
5	224	1554
5	225	1578
5	226	234
5	227	648
5	228	1195
5	229	259
5	230	2143
5	231	158
5	232	13521
5	233	269
5	234	125
5	235	5081
5	236	94
5	237	1082
5	238	1077
5	239	183
5	240	350
5	241	876
5	242	49
5	243	432
5	244	174
5	245	1924
5	246	479
5	247	707
5	248	1041
5	249	234
5	250	311
5	251	809
5	252	454
5	253	110
5	254	382
5	255	225
5	256	758
5	257	558
5	258	366
5	259	254
5	260	1083
5	261	1156
5	262	38
5	263	186
5	264	371
5	265	115
5	266	21
5	267	116
5	268	19
5	269	309
5	270	64
5	271	135
5	272	27
5	273	955
5	274	41
5	275	219
5	276	172
5	277	912
5	278	53
5	279	69
5	280	1634
5	281	225
5	282	1672
5	283	1833
5	284	1610
5	285	1128
5	286	795
5	287	95
5	288	420
5	289	269
5	290	54
5	291	1231
5	292	1554
5	293	4916
5	294	231
5	295	146
5	296	12
5	297	35
5	298	1567
5	299	202
5	300	113
5	301	491
5	302	2139
5	303	156
5	304	3279
5	305	18
5	306	1820
5	307	143
5	308	73
5	309	64
5	310	419
5	311	134
5	312	228
5	313	494
5	314	546
5	315	1522
5	316	94
5	317	576
5	318	167
5	319	579
5	320	775
5	321	265
5	322	1304
5	323	22
5	324	466
5	325	763
5	326	1255
5	327	541
5	328	654
5	329	837
5	330	25
5	331	381
5	332	112
5	333	281
5	334	265
5	335	3591
5	336	1
5	337	1852
5	338	1103
5	339	1106
5	340	24
5	341	1057
5	342	1771
5	343	6
5	344	95
5	345	172
5	346	465
5	347	104
5	348	542
5	349	451
5	350	1446
5	351	417
5	352	2074
5	353	302
5	354	524
5	355	688
5	356	2581
5	357	159
5	358	339
5	359	428
5	360	921
5	361	7731
5	362	79
5	363	100
5	364	103
5	365	727
5	366	273
5	367	24
5	368	1650
5	369	1196
5	370	8
5	371	430
5	372	405
5	373	137
5	374	353
5	375	107
5	376	738
5	377	183
5	378	374
5	379	3316
5	380	1374
5	381	58
5	382	212
5	383	212
6	0	272
6	1	781
6	2	72
6	3	45
6	4	443
6	5	8124
6	6	4
6	7	485
6	8	631
6	9	10
6	10	333
6	11	6
6	12	1175
6	13	410
6	14	5
6	15	1056
6	16	47
6	17	3472
6	18	157
6	19	267
6	20	1744
6	21	58
6	22	625
6	23	513
6	24	174
6	25	30
6	26	98
6	27	314
6	28	11383
6	29	216
6	30	2
6	31	4073
6	32	75
6	33	690
6	34	441
6	35	559
6	36	1820
6	37	1982
6	38	17
6	39	118
6	40	818
6	41	19
6	42	8
6	43	79
6	44	262
6	45	119
6	46	224
6	47	6509
6	48	531
6	49	117
6	50	1483
6	51	4333
6	52	1054
6	53	94
6	54	65
6	55	1181
6	56	3991
6	57	5
6	58	52
6	59	2170
6	60	35
6	61	487
6	62	828
6	63	517
6	64	43
6	65	147
6	66	408
6	67	715
6	68	7
6	69	40
6	70	30
6	71	57
6	72	176
6	73	181
6	74	66
6	75	234
6	76	343
6	77	488
6	78	14
6	79	3085
6	80	152
6	81	1075
6	82	428
6	83	11
6	84	284
6	85	121
6	86	90
6	87	100
6	88	14
6	89	79
6	90	642
6	91	472
6	92	287
6	93	320
6	94	442
6	95	19
6	96	28
6	97	9
6	98	178
6	99	757
6	100	2853
6	101	5431
6	102	1027
6	103	591
6	104	19
6	105	1989
6	106	222
6	107	208
6	108	384
6	109	150
6	110	390
6	111	240
6	112	1411
6	113	20
6	114	617
6	115	2477
6	116	24
6	117	22528
6	118	202
6	119	47
6	120	3427
6	121	105
6	122	2931
6	123	6
6	124	242
6	125	2438
6	126	115
6	127	27
6	128	164
6	129	958
6	130	122
6	131	148
6	132	125
6	133	145
6	134	1345
6	135	198
6	136	12
6	137	57
6	138	201
6	139	147
6	140	1682
6	141	94
6	142	4
6	143	81
6	144	116
6	145	27
6	146	20
6	147	215
6	148	341
6	149	307
6	150	282
6	151	404
6	152	1871
6	153	38
6	154	7316
6	155	24
6	156	31
6	157	21
6	158	3284
6	159	783
6	160	3922
6	161	32
6	162	140
6	163	20
6	164	108
6	165	69
6	166	835
6	167	688
6	168	4
6	169	57
6	170	76
6	171	536
6	172	60
6	173	426
6	174	1216
6	175	680
6	176	62
6	177	251
6	178	202
6	179	200
6	180	222
6	181	1106
6	182	239
6	183	773
6	184	187
6	185	1065
6	186	87
6	187	55
6	188	341
6	189	308
6	190	1667
6	191	28
6	192	1388
6	193	205
6	194	150
6	195	109
6	196	113
6	197	499
6	198	2
6	199	35
6	200	3925
6	201	377
6	202	349
6	203	1493
6	204	1286
6	205	488
6	206	1271
6	207	54
6	208	91
6	209	27
6	210	325
6	211	132
6	212	680
6	213	48
6	214	874
6	215	182
6	216	451
6	217	19
6	218	23
6	219	364
6	220	336
6	221	65
6	222	23
6	223	141
6	224	1459
6	225	29
6	226	6
6	227	1612
6	228	287
6	229	251
6	230	155
6	231	19
6	232	159
6	233	221
6	234	165
6	235	88
6	236	27
6	237	419
6	238	20
6	239	987
6	240	2092
6	241	24
6	242	20
6	243	1706
6	244	1119
6	245	228
6	246	42
6	247	27
6	248	207
6	249	1269
6	250	27
6	251	281
6	252	15
6	253	179
6	254	1051
6	255	9029
6	256	1418
6	257	1130
6	258	69
6	259	261
6	260	2204
6	261	2352
6	262	388
6	263	218
6	264	290
6	265	124
6	266	96
6	267	90
6	268	91
6	269	6
6	270	179
6	271	16
6	272	485
6	273	455
6	274	170
6	275	11299
6	276	43
6	277	82
6	278	653
6	279	362
6	280	310
6	281	36
6	282	1705
6	283	1317
6	284	934
6	285	25
6	286	283
6	287	481
6	288	385
6	289	476
6	290	144
6	291	63
6	292	424
6	293	120
6	294	263
6	295	170
6	296	100
6	297	26
6	298	688
6	299	98
6	300	20
6	301	1313
6	302	3530
6	303	1323
6	304	37
6	305	1944
6	306	590
6	307	140
6	308	63
6	309	2814
6	310	534
6	311	2095
6	312	1452
6	313	21
6	314	120
6	315	1135
6	316	61
6	317	383
6	318	26
6	319	101
6	320	16
6	321	763
6	322	109
6	323	530
6	324	131
6	325	456
6	326	57
6	327	277
6	328	801
6	329	1
6	330	1265
6	331	107
6	332	173
6	333	34
6	334	16
6	335	12
6	336	4
6	337	4
6	338	69
6	339	2089
6	340	162
6	341	513
6	342	582
6	343	517
6	344	74
6	345	75
6	346	163
6	347	833
6	348	132
6	349	216
6	350	19
6	351	6286
6	352	183
6	353	173
6	354	415
6	355	12
6	356	289
6	357	72
6	358	732
6	359	145
6	360	6886
6	361	363
6	362	13
6	363	68
6	364	364
6	365	17
6	366	390
6	367	4382
6	368	1293
6	369	842
6	370	1747
6	371	2844
6	372	2976
6	373	781
6	374	93
6	375	10
6	376	58
6	377	246
6	378	3745
6	379	137
6	380	116
6	381	75
6	382	136
6	383	1339
7	0	885
7	1	4
7	2	44
7	3	275
7	4	34
7	5	28
7	6	1714
7	7	18
7	8	92
7	9	16
7	10	859
7	11	84
7	12	838
7	13	7075
7	14	37
7	15	1
7	16	10
7	17	62
7	18	97
7	19	55
7	20	327
7	21	1112
7	22	92
7	23	553
7	24	194
7	25	77
7	26	439
7	27	209
7	28	523
7	29	2442
7	30	829
7	31	92
7	32	1292
7	33	140
7	34	523
7	35	418
7	36	785
7	37	306
7	38	536
7	39	725
7	40	728
7	41	219
7	42	270
7	43	326
7	44	5762
7	45	38
7	46	1841
7	47	6
7	48	1607
7	49	39
7	50	343
7	51	14538
7	52	67
7	53	3623
7	54	176
7	55	38
7	56	366
7	57	66
7	58	243
7	59	42
7	60	8
7	61	193
7	62	469
7	63	993
7	64	2
7	65	657
7	66	347
7	67	141
7	68	254
7	69	599
7	70	42
7	71	56
7	72	627
7	73	835
7	74	6
7	75	1842
7	76	102
7	77	835
7	78	634
7	79	689
7	80	50
7	81	1224
7	82	13
7	83	40
7	84	966
7	85	666
7	86	1398
7	87	243
7	88	850
7	89	300
7	90	9291
7	91	60
7	92	169
7	93	296
7	94	1928
7	95	38
7	96	112
7	97	11
7	98	85
7	99	10
7	100	533
7	101	36
7	102	509
7	103	66
7	104	41
7	105	39
7	106	409
7	107	385
7	108	6
7	109	3156
7	110	124
7	111	640
7	112	93
7	113	235
7	114	147
7	115	265
7	116	15
7	117	54
7	118	2643
7	119	110
7	120	186
7	121	9
7	122	792
7	123	601
7	124	708
7	125	2177
7	126	49
7	127	624
7	128	27
7	129	933
7	130	586
7	131	619
7	132	103
7	133	246
7	134	19
7	135	6
7	136	1179
7	137	119
7	138	34
7	139	453
7	140	598
7	141	25
7	142	137
7	143	29
7	144	1777
7	145	49
7	146	425
7	147	118
7	148	3777
7	149	28
7	150	674
7	151	1649
7	152	339
7	153	345
7	154	8108
7	155	77
7	156	795
7	157	486
7	158	242
7	159	6
7	160	272
7	161	3
7	162	953
7	163	401
7	164	108
7	165	1220
7	166	9
7	167	643
7	168	1515
7	169	1902
7	170	61
7	171	745
7	172	151
7	173	209
7	174	54
7	175	399
7	176	1533
7	177	759
7	178	1
7	179	137
7	180	182
7	181	803
7	182	504
7	183	517
7	184	175
7	185	17
7	186	18
7	187	67
7	188	55
7	189	48
7	190	463
7	191	278
7	192	8
7	193	3048
7	194	193
7	195	32
7	196	567
7	197	80
7	198	1006
7	199	57
7	200	887
7	201	7606
7	202	181
7	203	174
7	204	142
7	205	129
7	206	831
7	207	27576
7	208	378
7	209	141
7	210	54
7	211	5
7	212	55
7	213	50
7	214	146
7	215	1764
7	216	130
7	217	672
7	218	3213
7	219	13
7	220	540
7	221	250
7	222	1
7	223	2
7	224	10
7	225	1224
7	226	44
7	227	2
7	228	1120
7	229	519
7	230	14
7	231	8
7	232	257
7	233	141
7	234	464
7	235	758
7	236	584
7	237	0
7	238	12
7	239	14
7	240	466
7	241	8558
7	242	271
7	243	355
7	244	331
7	245	4605
7	246	120
7	247	739
7	248	1300
7	249	52
7	250	1222
7	251	627
7	252	623
7	253	322
7	254	58
7	255	1920
7	256	123
7	257	344
7	258	632
7	259	2042
7	260	480
7	261	33
7	262	415
7	263	735
7	264	441
7	265	1095
7	266	981
7	267	92
7	268	69
7	269	4
7	270	11070
7	271	257
7	272	1306
7	273	517
7	274	36
7	275	901
7	276	28
7	277	1
7	278	1224
7	279	18
7	280	61
7	281	64
7	282	21
7	283	369
7	284	786
7	285	1
7	286	174
7	287	438
7	288	27
7	289	14
7	290	526
7	291	3104
7	292	31
7	293	186
7	294	251
7	295	912
7	296	1020
7	297	8
7	298	1868
7	299	993
7	300	385
7	301	0
7	302	239
7	303	109
7	304	25
7	305	433
7	306	628
7	307	141
7	308	87
7	309	155
7	310	511
7	311	152
7	312	248
7	313	1578
7	314	1242
7	315	40
7	316	50
7	317	2100
7	318	50
7	319	268
7	320	1271
7	321	11
7	322	190
7	323	371
7	324	1462
7	325	1005
7	326	412
7	327	1
7	328	789
7	329	626
7	330	1
7	331	17
7	332	548
7	333	149
7	334	2
7	335	45
7	336	594
7	337	16438
7	338	55
7	339	9
7	340	531
7	341	953
7	342	1190
7	343	225
7	344	8
7	345	2
7	346	100
7	347	320
7	348	923
7	349	78
7	350	675
7	351	185
7	352	54
7	353	619
7	354	1379
7	355	16
7	356	47
7	357	3647
7	358	756
7	359	36
7	360	898
7	361	3257
7	362	37
7	363	23
7	364	1216
7	365	273
7	366	769
7	367	13
7	368	0
7	369	6
7	370	205
7	371	114
7	372	383
7	373	16
7	374	428
7	375	99
7	376	4
7	377	786
7	378	9
7	379	675
7	380	541
7	381	1302
7	382	204
7	383	69
8	0	370
8	1	2027
8	2	204
8	3	20
8	4	1620
8	5	100
8	6	839
8	7	97
8	8	465
8	9	1266
8	10	153
8	11	415
8	12	96
8	13	545
8	14	146
8	15	6
8	16	528
8	17	85
8	18	1209
8	19	10
8	20	65
8	21	1166
8	22	790
8	23	77
8	24	633
8	25	809
8	26	34
8	27	275
8	28	27
8	29	433
8	30	4
8	31	25
8	32	8
8	33	375
8	34	337
8	35	10
8	36	20
8	37	4
8	38	71
8	39	129
8	40	161
8	41	587
8	42	1775
8	43	451
8	44	262
8	45	953
8	46	154
8	47	898
8	48	114
8	49	56
8	50	43
8	51	531
8	52	6
8	53	29
8	54	3327
8	55	181
8	56	131
8	57	1439
8	58	397
8	59	7
8	60	70
8	61	1716
8	62	39
8	63	13
8	64	394
8	65	34
8	66	1714
8	67	2173
8	68	11
8	69	25
8	70	332
8	71	893
8	72	88
8	73	181
8	74	245
8	75	127
8	76	716
8	77	115
8	78	372
8	79	38
8	80	8
8	81	180
8	82	10
8	83	186
8	84	21
8	85	1117
8	86	21
8	87	235
8	88	69
8	89	1838
8	90	14605
8	91	209
8	92	2358
8	93	147
8	94	7455
8	95	211
8	96	93
8	97	280
8	98	1
8	99	307
8	100	1138
8	101	973
8	102	950
8	103	328
8	104	69
8	105	19
8	106	36
8	107	54
8	108	10
8	109	2334
8	110	575
8	111	870
8	112	532
8	113	168
8	114	812
8	115	533
8	116	156
8	117	902
8	118	685
8	119	2045
8	120	9
8	121	8155
8	122	536
8	123	209
8	124	231
8	125	55
8	126	32
8	127	597
8	128	1154
8	129	130
8	130	185
8	131	4
8	132	0
8	133	139
8	134	652
8	135	1561
8	136	79
8	137	1008
8	138	1314
8	139	426
8	140	9
8	141	223
8	142	2769
8	143	284
8	144	37
8	145	488
8	146	26
8	147	21
8	148	12
8	149	29
8	150	1378
8	151	414
8	152	557
8	153	10
8	154	820
8	155	308
8	156	1857
8	157	298
8	158	668
8	159	173
8	160	141
8	161	673
8	162	2
8	163	1133
8	164	3578
8	165	691
8	166	74
8	167	44
8	168	2856
8	169	567
8	170	624
8	171	1227
8	172	1926
8	173	1018
8	174	176
8	175	262
8	176	0
8	177	1558
8	178	4278
8	179	233
8	180	26
8	181	160
8	182	219
8	183	3
8	184	169
8	185	737
8	186	14939
8	187	104
8	188	2
8	189	1390
8	190	57
8	191	279
8	192	5015
8	193	1352
8	194	73
8	195	457
8	196	1
8	197	610
8	198	24
8	199	103
8	200	263
8	201	41
8	202	606
8	203	19
8	204	92
8	205	755
8	206	30
8	207	83
8	208	633
8	209	155
8	210	2022
8	211	3037
8	212	1650
8	213	55
8	214	110
8	215	56
8	216	966
8	217	233
8	218	444
8	219	749
8	220	433
8	221	25
8	222	1393
8	223	997
8	224	467
8	225	662
8	226	842
8	227	1749
8	228	695
8	229	716
8	230	43
8	231	152
8	232	149
8	233	981
8	234	1380
8	235	87
8	236	62
8	237	141
8	238	27
8	239	23
8	240	76
8	241	17
8	242	93
8	243	11
8	244	14
8	245	537
8	246	8811
8	247	25
8	248	1636
8	249	7
8	250	1188
8	251	14
8	252	56
8	253	739
8	254	616
8	255	3
8	256	299
8	257	7
8	258	13789
8	259	1081
8	260	482
8	261	59
8	262	27
8	263	3
8	264	2
8	265	106
8	266	37
8	267	1
8	268	929
8	269	945
8	270	653
8	271	17777
8	272	305
8	273	42
8	274	408
8	275	382
8	276	453
8	277	29
8	278	463
8	279	10673
8	280	197
8	281	2
8	282	1655
8	283	1604
8	284	19
8	285	9
8	286	640
8	287	737
8	288	428
8	289	787
8	290	312
8	291	305
8	292	117
8	293	40
8	294	649
8	295	839
8	296	1058
8	297	758
8	298	8
8	299	238
8	300	178
8	301	87
8	302	53
8	303	6
8	304	2894
8	305	3791
8	306	981
8	307	174
8	308	135
8	309	57
8	310	1664
8	311	126
8	312	63
8	313	36
8	314	636
8	315	55
8	316	786
8	317	114
8	318	257
8	319	759
8	320	8
8	321	68
8	322	335
8	323	425
8	324	930
8	325	141
8	326	151
8	327	0
8	328	189
8	329	366
8	330	224
8	331	137
8	332	565
8	333	199
8	334	103
8	335	210
8	336	128
8	337	1046
8	338	1069
8	339	10
8	340	71
8	341	523
8	342	103
8	343	1
8	344	0
8	345	146
8	346	625
8	347	91
8	348	540
8	349	166
8	350	203
8	351	8
8	352	7293
8	353	137
8	354	145
8	355	1
8	356	1080
8	357	1082
8	358	114
8	359	173
8	360	676
8	361	8129
8	362	251
8	363	27
8	364	433
8	365	51
8	366	0
8	367	357
8	368	3
8	369	40
8	370	34
8	371	72
8	372	2
8	373	403
8	374	1682
8	375	1965
8	376	358
8	377	130
8	378	654
8	379	982
8	380	2180
8	381	391
8	382	821
8	383	12
9	0	0
9	1	59
9	2	374
9	3	2419
9	4	130
9	5	2606
9	6	76
9	7	46
9	8	38
9	9	375
9	10	16584
9	11	11
9	12	82
9	13	713
9	14	74
9	15	3
9	16	141
9	17	1637
9	18	2620
9	19	0
9	20	939
9	21	18
9	22	8210
9	23	45
9	24	62
9	25	489
9	26	755
9	27	742
9	28	151
9	29	485
9	30	57
9	31	6864
9	32	54
9	33	1329
9	34	69
9	35	246
9	36	7
9	37	755
9	38	58
9	39	523
9	40	372
9	41	19
9	42	204
9	43	1
9	44	41
9	45	25
9	46	1152
9	47	12
9	48	33
9	49	532
9	50	318
9	51	3710
9	52	151
9	53	32
9	54	388
9	55	7
9	56	159
9	57	117
9	58	1481
9	59	111
9	60	43
9	61	91
9	62	810
9	63	266
9	64	26
9	65	90
9	66	331
9	67	0
9	68	136
9	69	1409
9	70	159
9	71	1701
9	72	8
9	73	427
9	74	7
9	75	838
9	76	1
9	77	826
9	78	1
9	79	2744
9	80	195
9	81	960
9	82	2951
9	83	30
9	84	36
9	85	39
9	86	3669
9	87	5
9	88	140
9	89	42
9	90	494
9	91	1576
9	92	144
9	93	2242
9	94	11
9	95	21
9	96	283
9	97	114
9	98	676
9	99	39
9	100	3597
9	101	895
9	102	10588
9	103	467
9	104	80
9	105	98
9	106	179
9	107	1416
9	108	370
9	109	62
9	110	213
9	111	195
9	112	273
9	113	113
9	114	255
9	115	891
9	116	166
9	117	4172
9	118	4423
9	119	199
9	120	950
9	121	448
9	122	139
9	123	5
9	124	200
9	125	701
9	126	69
9	127	674
9	128	811
9	129	2476
9	130	79
9	131	1058
9	132	1577
9	133	19
9	134	9738
9	135	240
9	136	718
9	137	628
9	138	453
9	139	102
9	140	4029
9	141	105
9	142	232
9	143	108
9	144	527
9	145	308
9	146	1330
9	147	1113
9	148	187
9	149	604
9	150	3421
9	151	5
9	152	257
9	153	688
9	154	112
9	155	107
9	156	1736
9	157	0
9	158	400
9	159	11
9	160	465
9	161	687
9	162	14
9	163	338
9	164	9
9	165	216
9	166	134
9	167	872
9	168	125
9	169	1027
9	170	1571
9	171	40
9	172	72
9	173	473
9	174	161
9	175	270
9	176	49
9	177	886
9	178	317
9	179	93
9	180	448
9	181	20
9	182	71
9	183	771
9	184	452
9	185	37
9	186	54
9	187	3168
9	188	2993
9	189	1
9	190	1358
9	191	185
9	192	6
9	193	77
9	194	0
9	195	1365
9	196	19
9	197	883
9	198	588
9	199	1098
9	200	613
9	201	1195
9	202	67
9	203	23
9	204	49
9	205	1599
9	206	89
9	207	10
9	208	1471
9	209	30
9	210	3
9	211	378
9	212	742
9	213	108
9	214	168
9	215	751
9	216	488
9	217	1297
9	218	172
9	219	190
9	220	877
9	221	1338
9	222	1189
9	223	1619
9	224	161
9	225	5
9	226	189
9	227	431
9	228	301
9	229	275
9	230	184
9	231	2488
9	232	571
9	233	183
9	234	365
9	235	350
9	236	67
9	237	114
9	238	9871
9	239	434
9	240	111
9	241	230
9	242	3957
9	243	26
9	244	556
9	245	1343
9	246	261
9	247	1349
9	248	582
9	249	776
9	250	25
9	251	621
9	252	799
9	253	9
9	254	8
9	255	748
9	256	827
9	257	1313
9	258	118
9	259	10
9	260	55
9	261	20
9	262	755
9	263	8468
9	264	53
9	265	492
9	266	1044
9	267	1025
9	268	3480
9	269	307
9	270	1784
9	271	31
9	272	10
9	273	894
9	274	216
9	275	7
9	276	5
9	277	38
9	278	992
9	279	37
9	280	44
9	281	122
9	282	144
9	283	21
9	284	8
9	285	877
9	286	2247
9	287	594
9	288	488
9	289	399
9	290	11
9	291	165
9	292	194
9	293	35
9	294	214
9	295	11
9	296	262
9	297	2469
9	298	103
9	299	345
9	300	10
9	301	62
9	302	1102
9	303	12865
9	304	121
9	305	13
9	306	63
9	307	8
9	308	227
9	309	167
9	310	102
9	311	2626
9	312	1247
9	313	134
9	314	775
9	315	744
9	316	2
9	317	168
9	318	27
9	319	506
9	320	910
9	321	226
9	322	11
9	323	15
9	324	541
9	325	71
9	326	354
9	327	1043
9	328	472
9	329	1343
9	330	0
9	331	8148
9	332	45
9	333	5157
9	334	72
9	335	685
9	336	13
9	337	757
9	338	6
9	339	164
9	340	52
9	341	164
9	342	434
9	343	82
9	344	68
9	345	119
9	346	230
9	347	460
9	348	638
9	349	16
9	350	625
9	351	661
9	352	22
9	353	295
9	354	315
9	355	4
9	356	1
9	357	258
9	358	14
9	359	201
9	360	29
9	361	159
9	362	1570
9	363	48
9	364	349
9	365	267
9	366	1759
9	367	179
9	368	3405
9	369	28
9	370	74
9	371	161
9	372	7
9	373	127
9	374	65
9	375	7
9	376	355
9	377	646
9	378	2360
9	379	599
9	380	16
9	381	24
9	382	0
9	383	793
10	0	59
10	1	341
10	2	3439
10	3	239
10	4	689
10	5	279
10	6	54
10	7	979
10	8	1498
10	9	1755
10	10	18
10	11	346
10	12	96
10	13	139
10	14	922
10	15	422
10	16	103
10	17	2165
10	18	38
10	19	49
10	20	594
10	21	5
10	22	176
10	23	256
10	24	3
10	25	280
10	26	248
10	27	972
10	28	10
10	29	55
10	30	327
10	31	223
10	32	17
10	33	46
10	34	750
10	35	130
10	36	670
10	37	190
10	38	97
10	39	726
10	40	453
10	41	1566
10	42	1174
10	43	360
10	44	386
10	45	3565
10	46	21
10	47	1216
10	48	631
10	49	970
10	50	380
10	51	36
10	52	164
10	53	30
10	54	621
10	55	11
10	56	2827
10	57	2527
10	58	1141
10	59	1149
10	60	310
10	61	206
10	62	1770
10	63	348
10	64	64
10	65	117
10	66	180
10	67	1893
10	68	82
10	69	683
10	70	293
10	71	240
10	72	245
10	73	55
10	74	1305
10	75	1056
10	76	42
10	77	603
10	78	343
10	79	108
10	80	439
10	81	0
10	82	552
10	83	12
10	84	472
10	85	55
10	86	60
10	87	1856
10	88	2
10	89	228
10	90	1125
10	91	500
10	92	1359
10	93	1800
10	94	68
10	95	2997
10	96	221
10	97	271
10	98	456
10	99	189
10	100	21
10	101	998
10	102	199
10	103	1021
10	104	1341
10	105	10
10	106	161
10	107	72
10	108	404
10	109	830
10	110	199
10	111	846
10	112	102
10	113	550
10	114	1229
10	115	365
10	116	6
10	117	2
10	118	374
10	119	3
10	120	186
10	121	717
10	122	993
10	123	165
10	124	4666
10	125	199
10	126	64
10	127	37
10	128	495
10	129	612
10	130	1782
10	131	53
10	132	450
10	133	84
10	134	340
10	135	111
10	136	263
10	137	449
10	138	1341
10	139	1
10	140	1753
10	141	1645
10	142	890
10	143	2000
10	144	315
10	145	1104
10	146	280
10	147	798
10	148	243
10	149	405
10	150	1
10	151	678
10	152	933
10	153	14
10	154	630
10	155	1257
10	156	875
10	157	545
10	158	315
10	159	364
10	160	102
10	161	3875
10	162	16
10	163	1100
10	164	14
10	165	1140
10	166	579
10	167	1477
10	168	26
10	169	99
10	170	1746
10	171	1520
10	172	100
10	173	3604
10	174	60
10	175	120
10	176	1
10	177	422
10	178	1270
10	179	568
10	180	315
10	181	735
10	182	4116
10	183	0
10	184	2304
10	185	905
10	186	3
10	187	24
10	188	877
10	189	112
10	190	1500
10	191	82
10	192	426
10	193	87
10	194	76
10	195	116
10	196	24
10	197	131
10	198	43
10	199	1116
10	200	566
10	201	136
10	202	2009
10	203	566
10	204	49
10	205	19
10	206	23
10	207	1948
10	208	107
10	209	560
10	210	3903
10	211	2594
10	212	104
10	213	40
10	214	164
10	215	99
10	216	1273
10	217	31
10	218	15
10	219	77
10	220	101
10	221	69
10	222	164
10	223	1399
10	224	5545
10	225	130
10	226	171
10	227	1063
10	228	137
10	229	883
10	230	277
10	231	239
10	232	287
10	233	44
10	234	474
10	235	405
10	236	171
10	237	3825
10	238	1433
10	239	363
10	240	19
10	241	315
10	242	785
10	243	956
10	244	158
10	245	282
10	246	1688
10	247	438
10	248	1345
10	249	62
10	250	1748
10	251	36
10	252	9
10	253	175
10	254	432
10	255	817
10	256	563
10	257	10
10	258	684
10	259	187
10	260	23
10	261	44
10	262	49
10	263	2929
10	264	2567
10	265	340
10	266	148
10	267	798
10	268	219
10	269	3548
10	270	32
10	271	3340
10	272	376
10	273	463
10	274	14272
10	275	488
10	276	217
10	277	935
10	278	355
10	279	1104
10	280	59
10	281	5854
10	282	92
10	283	144
10	284	1066
10	285	96
10	286	739
10	287	617
10	288	231
10	289	762
10	290	70
10	291	16
10	292	2682
10	293	4423
10	294	318
10	295	467
10	296	1109
10	297	2667
10	298	136
10	299	134
10	300	89
10	301	162
10	302	346
10	303	294
10	304	164
10	305	1704
10	306	348
10	307	2328
10	308	990
10	309	1485
10	310	3429
10	311	199
10	312	582
10	313	88
10	314	896
10	315	1099
10	316	308
10	317	139
10	318	176
10	319	294
10	320	865
10	321	1078
10	322	180
10	323	3511
10	324	1850
10	325	13
10	326	830
10	327	43
10	328	0
10	329	26
10	330	281
10	331	866
10	332	4158
10	333	6
10	334	183
10	335	788
10	336	500
10	337	405
10	338	291
10	339	5980
10	340	956
10	341	396
10	342	1240
10	343	255
10	344	34
10	345	206
10	346	807
10	347	13
10	348	399
10	349	4261
10	350	370
10	351	124
10	352	1174
10	353	357
10	354	3165
10	355	1733
10	356	15
10	357	29
10	358	50
10	359	41
10	360	14
10	361	1013
10	362	646
10	363	350
10	364	598
10	365	505
10	366	2
10	367	41
10	368	3352
10	369	59
10	370	65
10	371	2954
10	372	5596
10	373	306
10	374	1300
10	375	328
10	376	592
10	377	475
10	378	1868
10	379	27
10	380	201
10	381	1332
10	382	9
10	383	812
11	0	754
11	1	1
11	2	339
11	3	42
11	4	357
11	5	1716
11	6	172
11	7	137
11	8	24
11	9	131
11	10	77
11	11	155
11	12	0
11	13	1775
11	14	807
11	15	245
11	16	184
11	17	443
11	18	2392
11	19	1016
11	20	261
11	21	717
11	22	180
11	23	144
11	24	596
11	25	538
11	26	530
11	27	599
11	28	1481
11	29	167
11	30	1504
11	31	78
11	32	1594
11	33	166
11	34	1175
11	35	1952
11	36	471
11	37	16
11	38	1
11	39	522
11	40	883
11	41	86
11	42	18
11	43	474
11	44	97
11	45	168
11	46	701
11	47	898
11	48	163
11	49	437
11	50	172
11	51	569
11	52	1078
11	53	19
11	54	266
11	55	131
11	56	2489
11	57	15
11	58	0
11	59	30
11	60	3638
11	61	350
11	62	1
11	63	243
11	64	643
11	65	1117
11	66	1306
11	67	179
11	68	1059
11	69	8
11	70	1332
11	71	611
11	72	38
11	73	587
11	74	2475
11	75	59
11	76	71
11	77	240
11	78	4220
11	79	158
11	80	156
11	81	307
11	82	211
11	83	358
11	84	232
11	85	2875
11	86	150
11	87	496
11	88	1586
11	89	160
11	90	698
11	91	712
11	92	169
11	93	490
11	94	394
11	95	25
11	96	715
11	97	29
11	98	886
11	99	7109
11	100	177
11	101	105
11	102	3259
11	103	1126
11	104	242
11	105	647
11	106	52
11	107	0
11	108	4009
11	109	1478
11	110	261
11	111	893
11	112	13
11	113	421
11	114	1854
11	115	21
11	116	195
11	117	29
11	118	209
11	119	348
11	120	169
11	121	347
11	122	307
11	123	10
11	124	376
11	125	805
11	126	248
11	127	95
11	128	2496
11	129	224
11	130	1759
11	131	5500
11	132	284
11	133	18
11	134	21
11	135	18
11	136	51
11	137	855
11	138	6042
11	139	39
11	140	93
11	141	676
11	142	934
11	143	1373
11	144	279
11	145	385
11	146	63
11	147	471
11	148	2839
11	149	110
11	150	605
11	151	60
11	152	982
11	153	199
11	154	1674
11	155	520
11	156	61
11	157	4
11	158	1643
11	159	11
11	160	523
11	161	45
11	162	1076
11	163	5
11	164	1170
11	165	67
11	166	3274
11	167	751
11	168	3895
11	169	67
11	170	645
11	171	913
11	172	593
11	173	170
11	174	609
11	175	9936
11	176	2957
11	177	18
11	178	13
11	179	37
11	180	1641
11	181	219
11	182	25
11	183	1182
11	184	290
11	185	172
11	186	108
11	187	899
11	188	19
11	189	855
11	190	203
11	191	410
11	192	323
11	193	6
11	194	316
11	195	576
11	196	84
11	197	230
11	198	369
11	199	29
11	200	121
11	201	371
11	202	40
11	203	19844
11	204	135
11	205	178
11	206	59
11	207	101
11	208	326
11	209	1004
11	210	301
11	211	361
11	212	1099
11	213	968
11	214	2125
11	215	484
11	216	1391
11	217	54
11	218	66
11	219	30
11	220	197
11	221	1772
11	222	95
11	223	40
11	224	517
11	225	1482
11	226	1548
11	227	1631
11	228	0
11	229	24
11	230	1534
11	231	290
11	232	98
11	233	634
11	234	703
11	235	12
11	236	454
11	237	785
11	238	26
11	239	21
11	240	114
11	241	165
11	242	571
11	243	225
11	244	471
11	245	683
11	246	116
11	247	1286
11	248	16
11	249	22
11	250	413
11	251	51
11	252	2270
11	253	393
11	254	309
11	255	450
11	256	70
11	257	157
11	258	490
11	259	2818
11	260	0
11	261	106
11	262	347
11	263	18
11	264	62
11	265	12
11	266	1698
11	267	48
11	268	71
11	269	65
11	270	958
11	271	1528
11	272	8
11	273	118
11	274	2
11	275	565
11	276	10
11	277	129
11	278	549
11	279	398
11	280	1577
11	281	33
11	282	25
11	283	779
11	284	669
11	285	15782
11	286	1769
11	287	341
11	288	325
11	289	61
11	290	377
11	291	616
11	292	144
11	293	846
11	294	6926
11	295	1269
11	296	0
11	297	730
11	298	679
11	299	3
11	300	33
11	301	98
11	302	1233
11	303	221
11	304	1757
11	305	27
11	306	202
11	307	780
11	308	1132
11	309	3443
11	310	543
11	311	17
11	312	0
11	313	1139
11	314	877
11	315	114
11	316	43
11	317	234
11	318	0
11	319	525
11	320	688
11	321	1080
11	322	159
11	323	172
11	324	21
11	325	2
11	326	4006
11	327	364
11	328	2286
11	329	1140
11	330	842
11	331	375
11	332	953
11	333	297
11	334	32
11	335	129
11	336	947
11	337	874
11	338	263
11	339	4
11	340	41
11	341	105
11	342	4
11	343	1764
11	344	204
11	345	2871
11	346	2644
11	347	147
11	348	114
11	349	1434
11	350	0
11	351	20
11	352	100
11	353	850
11	354	100
11	355	683
11	356	768
11	357	776
11	358	74
11	359	977
11	360	80
11	361	38
11	362	2575
11	363	1387
11	364	4
11	365	673
11	366	472
11	367	82
11	368	4219
11	369	1323
11	370	1965
11	371	517
11	372	0
11	373	105
11	374	325
11	375	375
11	376	228
11	377	185
11	378	522
11	379	619
11	380	61
11	381	781
11	382	101
11	383	30
12	0	59
12	1	62
12	2	33
12	3	280
12	4	752
12	5	1087
12	6	1573
12	7	193
12	8	306
12	9	151
12	10	22
12	11	474
12	12	1329
12	13	0
12	14	549
12	15	0
12	16	547
12	17	1424
12	18	127
12	19	305
12	20	571
12	21	52
12	22	137
12	23	845
12	24	150
12	25	1798
12	26	2285
12	27	2418
12	28	98
12	29	272
12	30	289
12	31	2084
12	32	722
12	33	895
12	34	400
12	35	58
12	36	49
12	37	308
12	38	1008
12	39	549
12	40	647
12	41	842
12	42	268
12	43	103
12	44	384
12	45	111
12	46	647
12	47	3411
12	48	5205
12	49	396
12	50	489
12	51	148
12	52	34
12	53	314
12	54	24
12	55	3271
12	56	22
12	57	403
12	58	1020
12	59	558
12	60	874
12	61	5
12	62	4604
12	63	394
12	64	736
12	65	44
12	66	1080
12	67	1248
12	68	178
12	69	264
12	70	434
12	71	587
12	72	71
12	73	35
12	74	874
12	75	91
12	76	178
12	77	2069
12	78	1442
12	79	9
12	80	187
12	81	2500
12	82	76
12	83	968
12	84	22
12	85	335
12	86	623
12	87	1700
12	88	205
12	89	34
12	90	4485
12	91	114
12	92	394
12	93	27
12	94	242
12	95	4144
12	96	774
12	97	155
12	98	11
12	99	1597
12	100	952
12	101	595
12	102	1586
12	103	764
12	104	3987
12	105	572
12	106	704
12	107	96
12	108	339
12	109	5028
12	110	1145
12	111	873
12	112	298
12	113	638
12	114	53
12	115	25
12	116	979
12	117	131
12	118	1237
12	119	161
12	120	61
12	121	251
12	122	492
12	123	1311
12	124	945
12	125	420
12	126	233
12	127	352
12	128	334
12	129	13
12	130	483
12	131	794
12	132	21
12	133	1580
12	134	310
12	135	8292
12	136	749
12	137	791
12	138	1111
12	139	6667
12	140	162
12	141	6107
12	142	360
12	143	402
12	144	1896
12	145	1632
12	146	268
12	147	49
12	148	216
12	149	190
12	150	377
12	151	518
12	152	295
12	153	34
12	154	294
12	155	289
12	156	709
12	157	1247
12	158	976
12	159	134
12	160	5
12	161	239
12	162	815
12	163	167
12	164	240
12	165	472
12	166	294
12	167	361
12	168	181
12	169	347
12	170	164
12	171	52
12	172	46
12	173	51
12	174	1101
12	175	56
12	176	712
12	177	12
12	178	60
12	179	976
12	180	4970
12	181	83
12	182	263
12	183	115
12	184	84
12	185	0
12	186	326
12	187	18
12	188	194
12	189	121
12	190	1
12	191	856
12	192	521
12	193	143
12	194	287
12	195	118
12	196	486
12	197	83
12	198	325
12	199	1424
12	200	856
12	201	246
12	202	1205
12	203	18
12	204	155
12	205	42
12	206	33
12	207	7746
12	208	389
12	209	407
12	210	859
12	211	91
12	212	208
12	213	945
12	214	61
12	215	521
12	216	24
12	217	949
12	218	9
12	219	772
12	220	3
12	221	1739
12	222	1514
12	223	7705
12	224	577
12	225	210
12	226	1109
12	227	555
12	228	275
12	229	1634
12	230	403
12	231	81
12	232	135
12	233	20
12	234	318
12	235	533
12	236	566
12	237	470
12	238	3404
12	239	369
12	240	1014
12	241	28
12	242	2794
12	243	499
12	244	16
12	245	72
12	246	380
12	247	246
12	248	688
12	249	580
12	250	18
12	251	378
12	252	299
12	253	4525
12	254	291
12	255	1518
12	256	109
12	257	1048
12	258	102
12	259	718
12	260	171
12	261	54
12	262	462
12	263	1526
12	264	131
12	265	1474
12	266	60
12	267	683
12	268	21
12	269	258
12	270	152
12	271	923
12	272	1540
12	273	48
12	274	514
12	275	152
12	276	23
12	277	3171
12	278	1916
12	279	2375
12	280	974
12	281	4
12	282	64
12	283	2317
12	284	266
12	285	7830
12	286	10
12	287	7955
12	288	37
12	289	115
12	290	30
12	291	1693
12	292	497
12	293	134
12	294	351
12	295	820
12	296	152
12	297	138
12	298	275
12	299	105
12	300	1026
12	301	51
12	302	241
12	303	7
12	304	33
12	305	63
12	306	716
12	307	538
12	308	315
12	309	14
12	310	657
12	311	231
12	312	368
12	313	102
12	314	338
12	315	5
12	316	1471
12	317	370
12	318	671
12	319	107
12	320	473
12	321	248
12	322	4
12	323	12
12	324	353
12	325	76
12	326	1929
12	327	55
12	328	566
12	329	2255
12	330	199
12	331	414
12	332	274
12	333	161
12	334	776
12	335	396
12	336	579
12	337	39
12	338	209
12	339	838
12	340	3894
12	341	343
12	342	72
12	343	191
12	344	96
12	345	1534
12	346	9
12	347	6
12	348	1510
12	349	1686
12	350	869
12	351	60
12	352	1436
12	353	860
12	354	1951
12	355	4
12	356	59
12	357	100
12	358	165
12	359	132
12	360	1862
12	361	1749
12	362	1930
12	363	944
12	364	1680
12	365	15
12	366	1873
12	367	579
12	368	79
12	369	1356
12	370	138
12	371	22
12	372	788
12	373	6
12	374	503
12	375	43
12	376	341
12	377	496
12	378	380
12	379	644
12	380	1013
12	381	1941
12	382	358
12	383	2538
13	0	1275
13	1	55
13	2	179
13	3	20
13	4	210
13	5	920
13	6	149
13	7	70
13	8	907
13	9	102
13	10	5165
13	11	815
13	12	1992
13	13	477
13	14	58
13	15	488
13	16	99
13	17	998
13	18	481
13	19	6992
13	20	1193
13	21	448
13	22	180
13	23	934
13	24	528
13	25	146
13	26	424
13	27	29
13	28	576
13	29	231
13	30	151
13	31	285
13	32	487
13	33	532
13	34	1883
13	35	1304
13	36	39
13	37	13
13	38	184
13	39	203
13	40	69
13	41	431
13	42	775
13	43	161
13	44	401
13	45	1852
13	46	100
13	47	388
13	48	1565
13	49	861
13	50	1147
13	51	3565
13	52	97
13	53	587
13	54	714
13	55	93
13	56	869
13	57	1314
13	58	407
13	59	1002
13	60	1091
13	61	864
13	62	160
13	63	119
13	64	513
13	65	25
13	66	466
13	67	59
13	68	200
13	69	1058
13	70	881
13	71	4361
13	72	100
13	73	278
13	74	18
13	75	379
13	76	446
13	77	572
13	78	849
13	79	364
13	80	48
13	81	204
13	82	380
13	83	4605
13	84	482
13	85	116
13	86	1239
13	87	480
13	88	895
13	89	279
13	90	1210
13	91	623
13	92	155
13	93	437
13	94	509
13	95	1006
13	96	198
13	97	54
13	98	1765
13	99	912
13	100	397
13	101	221
13	102	554
13	103	299
13	104	1090
13	105	137
13	106	1080
13	107	493
13	108	124
13	109	2386
13	110	1001
13	111	211
13	112	467
13	113	685
13	114	364
13	115	469
13	116	2334
13	117	18
13	118	875
13	119	0
13	120	137
13	121	626
13	122	48
13	123	649
13	124	635
13	125	1108
13	126	19
13	127	851
13	128	417
13	129	389
13	130	689
13	131	37
13	132	200
13	133	115
13	134	735
13	135	6
13	136	19
13	137	869
13	138	65
13	139	75
13	140	472
13	141	79
13	142	939
13	143	680
13	144	162
13	145	171
13	146	67
13	147	1302
13	148	532
13	149	53
13	150	1166
13	151	373
13	152	232
13	153	541
13	154	681
13	155	13
13	156	332
13	157	1694
13	158	68
13	159	943
13	160	580
13	161	670
13	162	543
13	163	267
13	164	101
13	165	344
13	166	612
13	167	1390
13	168	675
13	169	278
13	170	818
13	171	78
13	172	737
13	173	228
13	174	269
13	175	2146
13	176	1480
13	177	3014
13	178	898
13	179	18
13	180	795
13	181	59
13	182	123
13	183	2757
13	184	2328
13	185	137
13	186	24
13	187	234
13	188	1374
13	189	61
13	190	696
13	191	163
13	192	1400
13	193	822
13	194	1070
13	195	301
13	196	446
13	197	870
13	198	536
13	199	513
13	200	380
13	201	1196
13	202	766
13	203	1513
13	204	1682
13	205	2709
13	206	1506
13	207	931
13	208	120
13	209	75
13	210	2053
13	211	435
13	212	699
13	213	139
13	214	780
13	215	79
13	216	77
13	217	1773
13	218	2121
13	219	413
13	220	625
13	221	118
13	222	836
13	223	1152
13	224	425
13	225	1300
13	226	1145
13	227	138
13	228	1481
13	229	163
13	230	85
13	231	932
13	232	682
13	233	21
13	234	453
13	235	4726
13	236	1163
13	237	1296
13	238	655
13	239	141
13	240	420
13	241	9
13	242	871
13	243	249
13	244	4
13	245	667
13	246	2230
13	247	803
13	248	4831
13	249	260
13	250	4821
13	251	1568
13	252	830
13	253	773
13	254	559
13	255	3486
13	256	15
13	257	325
13	258	498
13	259	1811
13	260	2557
13	261	735
13	262	428
13	263	838
13	264	423
13	265	1978
13	266	161
13	267	594
13	268	15
13	269	32
13	270	204
13	271	1131
13	272	3127
13	273	135
13	274	671
13	275	8
13	276	526
13	277	408
13	278	1213
13	279	1782
13	280	409
13	281	551
13	282	22
13	283	204
13	284	185
13	285	2381
13	286	182
13	287	783
13	288	477
13	289	170
13	290	263
13	291	217
13	292	395
13	293	3058
13	294	647
13	295	366
13	296	2262
13	297	1418
13	298	666
13	299	423
13	300	661
13	301	107
13	302	22
13	303	502
13	304	201
13	305	3061
13	306	456
13	307	3
13	308	205
13	309	522
13	310	766
13	311	242
13	312	616
13	313	1220
13	314	134
13	315	204
13	316	588
13	317	8
13	318	553
13	319	1057
13	320	42
13	321	5
13	322	993
13	323	391
13	324	897
13	325	757
13	326	1058
13	327	626
13	328	73
13	329	23
13	330	85
13	331	549
13	332	4274
13	333	427
13	334	125
13	335	787
13	336	2427
13	337	496
13	338	542
13	339	51
13	340	907
13	341	244
13	342	763
13	343	621
13	344	545
13	345	1009
13	346	322
13	347	1242
13	348	546
13	349	7
13	350	293
13	351	57
13	352	847
13	353	1386
13	354	96
13	355	274
13	356	1377
13	357	558
13	358	2346
13	359	107
13	360	208
13	361	593
13	362	1574
13	363	2432
13	364	178
13	365	665
13	366	331
13	367	1129
13	368	337
13	369	493
13	370	1259
13	371	125
13	372	713
13	373	173
13	374	389
13	375	83
13	376	9496
13	377	988
13	378	183
13	379	5934
13	380	1275
13	381	474
13	382	113
13	383	224
14	0	58
14	1	3911
14	2	189
14	3	298
14	4	293
14	5	161
14	6	684
14	7	360
14	8	57
14	9	243
14	10	3720
14	11	842
14	12	1067
14	13	4815
14	14	1129
14	15	2
14	16	1626
14	17	912
14	18	415
14	19	150
14	20	1055
14	21	67
14	22	111
14	23	851
14	24	126
14	25	380
14	26	1811
14	27	1075
14	28	300
14	29	1221
14	30	2696
14	31	688
14	32	446
14	33	325
14	34	119
14	35	195
14	36	299
14	37	1962
14	38	1106
14	39	68
14	40	751
14	41	338
14	42	366
14	43	2976
14	44	168
14	45	1258
14	46	501
14	47	1
14	48	2004
14	49	63
14	50	0
14	51	780
14	52	392
14	53	39
14	54	215
14	55	4
14	56	1195
14	57	4322
14	58	94
14	59	1722
14	60	720
14	61	544
14	62	493
14	63	564
14	64	7074
14	65	88
14	66	412
14	67	786
14	68	15
14	69	92
14	70	878
14	71	682
14	72	1997
14	73	119
14	74	490
14	75	46
14	76	333
14	77	1565
14	78	1026
14	79	342
14	80	588
14	81	12
14	82	4
14	83	157
14	84	402
14	85	239
14	86	87
14	87	21
14	88	460
14	89	71
14	90	2187
14	91	103
14	92	413
14	93	1074
14	94	3
14	95	18
14	96	738
14	97	10
14	98	475
14	99	1137
14	100	4915
14	101	20
14	102	89
14	103	419
14	104	32
14	105	786
14	106	890
14	107	1630
14	108	4535
14	109	438
14	110	1194
14	111	84
14	112	374
14	113	188
14	114	1315
14	115	23
14	116	413
14	117	390
14	118	151
14	119	122
14	120	10
14	121	49
14	122	383
14	123	1
14	124	135
14	125	122
14	126	559
14	127	133
14	128	697
14	129	555
14	130	237
14	131	95
14	132	214
14	133	28
14	134	751
14	135	3896
14	136	150
14	137	50
14	138	1802
14	139	746
14	140	606
14	141	74
14	142	5
14	143	32
14	144	102
14	145	465
14	146	663
14	147	220
14	148	222
14	149	516
14	150	20
14	151	2294
14	152	720
14	153	162
14	154	9
14	155	522
14	156	85
14	157	9
14	158	448
14	159	55
14	160	95
14	161	134
14	162	583
14	163	64
14	164	1004
14	165	2166
14	166	65
14	167	365
14	168	9
14	169	420
14	170	342
14	171	495
14	172	539
14	173	1958
14	174	75
14	175	37
14	176	57
14	177	326
14	178	61
14	179	239
14	180	64
14	181	316
14	182	99
14	183	55
14	184	3
14	185	151
14	186	98
14	187	29
14	188	15
14	189	2195
14	190	570
14	191	355
14	192	503
14	193	406
14	194	1314
14	195	3816
14	196	482
14	197	748
14	198	40
14	199	156
14	200	1281
14	201	1087
14	202	459
14	203	92
14	204	1129
14	205	40
14	206	536
14	207	1863
14	208	80
14	209	555
14	210	2947
14	211	18
14	212	2659
14	213	271
14	214	416
14	215	323
14	216	2641
14	217	1466
14	218	1
14	219	16
14	220	83
14	221	10889
14	222	112
14	223	1213
14	224	177
14	225	5957
14	226	620
14	227	284
14	228	210
14	229	1530
14	230	1538
14	231	1522
14	232	663
14	233	79
14	234	551
14	235	49
14	236	205
14	237	459
14	238	2244
14	239	3443
14	240	783
14	241	539
14	242	325
14	243	425
14	244	793
14	245	2884
14	246	22
14	247	38
14	248	771
14	249	333
14	250	653
14	251	3718
14	252	1876
14	253	322
14	254	4023
14	255	1995
14	256	2291
14	257	269
14	258	260
14	259	1870
14	260	170
14	261	1007
14	262	839
14	263	312
14	264	4
14	265	652
14	266	174
14	267	1808
14	268	88
14	269	14
14	270	158
14	271	365
14	272	449
14	273	411
14	274	85
14	275	202
14	276	63
14	277	504
14	278	18
14	279	349
14	280	460
14	281	148
14	282	48
14	283	911
14	284	1865
14	285	82
14	286	482
14	287	582
14	288	228
14	289	200
14	290	142
14	291	966
14	292	57
14	293	1
14	294	3467
14	295	1965
14	296	1677
14	297	93
14	298	410
14	299	1439
14	300	221
14	301	413
14	302	4
14	303	708
14	304	744
14	305	1299
14	306	803
14	307	139
14	308	1052
14	309	385
14	310	1237
14	311	4914
14	312	381
14	313	8
14	314	192
14	315	791
14	316	187
14	317	1101
14	318	131
14	319	40
14	320	62
14	321	336
14	322	65
14	323	3043
14	324	219
14	325	935
14	326	6
14	327	421
14	328	6
14	329	8
14	330	80
14	331	678
14	332	436
14	333	139
14	334	93
14	335	397
14	336	84
14	337	18094
14	338	119
14	339	762
14	340	15
14	341	90
14	342	622
14	343	879
14	344	108
14	345	92
14	346	34
14	347	305
14	348	147
14	349	1064
14	350	295
14	351	264
14	352	1119
14	353	282
14	354	800
14	355	517
14	356	549
14	357	634
14	358	2863
14	359	436
14	360	303
14	361	17
14	362	5
14	363	890
14	364	709
14	365	743
14	366	779
14	367	348
14	368	310
14	369	79
14	370	502
14	371	9
14	372	76
14	373	2939
14	374	46
14	375	392
14	376	1370
14	377	538
14	378	261
14	379	353
14	380	1585
14	381	1218
14	382	73
14	383	2028
15	0	2147
15	1	1262
15	2	541
15	3	1760
15	4	9
15	5	71
15	6	137
15	7	182
15	8	1704
15	9	790
15	10	49
15	11	146
15	12	882
15	13	45
15	14	260
15	15	938
15	16	397
15	17	64
15	18	278
15	19	455
15	20	896
15	21	493
15	22	711
15	23	1180
15	24	12
15	25	2278
15	26	3549
15	27	2109
15	28	264
15	29	84
15	30	47
15	31	84
15	32	199
15	33	242
15	34	108
15	35	286
15	36	354
15	37	228
15	38	913
15	39	95
15	40	1597
15	41	1811
15	42	388
15	43	1669
15	44	608
15	45	447
15	46	2971
15	47	3673
15	48	1623
15	49	945
15	50	1594
15	51	324
15	52	577
15	53	609
15	54	274
15	55	186
15	56	8
15	57	426
15	58	117
15	59	172
15	60	497
15	61	113
15	62	345
15	63	188
15	64	88
15	65	1314
15	66	142
15	67	174
15	68	81
15	69	5674
15	70	571
15	71	8
15	72	50
15	73	6007
15	74	118
15	75	371
15	76	1177
15	77	36
15	78	375
15	79	543
15	80	451
15	81	110
15	82	528
15	83	792
15	84	135
15	85	195
15	86	435
15	87	3552
15	88	187
15	89	256
15	90	1266
15	91	1256
15	92	343
15	93	1247
15	94	126
15	95	731
15	96	227
15	97	454
15	98	80
15	99	2555
15	100	390
15	101	107
15	102	806
15	103	552
15	104	745
15	105	535
15	106	2244
15	107	5012
15	108	111
15	109	99
15	110	299
15	111	2497
15	112	483
15	113	988
15	114	200
15	115	489
15	116	410
15	117	143
15	118	1755
15	119	1147
15	120	219
15	121	1011
15	122	154
15	123	1307
15	124	511
15	125	268
15	126	564
15	127	298
15	128	77
15	129	2404
15	130	439
15	131	202
15	132	118
15	133	1811
15	134	120
15	135	1321
15	136	1437
15	137	197
15	138	100
15	139	238
15	140	713
15	141	263
15	142	61
15	143	2079
15	144	529
15	145	487
15	146	2362
15	147	103
15	148	4479
15	149	420
15	150	129
15	151	768
15	152	463
15	153	527
15	154	1658
15	155	723
15	156	166
15	157	340
15	158	335
15	159	1272
15	160	398
15	161	211
15	162	429
15	163	98
15	164	121
15	165	2928
15	166	267
15	167	994
15	168	276
15	169	460
15	170	282
15	171	827
15	172	3947
15	173	4
15	174	1420
15	175	2774
15	176	1051
15	177	14196
15	178	750
15	179	167
15	180	197
15	181	1068
15	182	220
15	183	6
15	184	270
15	185	31
15	186	353
15	187	5911
15	188	221
15	189	461
15	190	263
15	191	276
15	192	403
15	193	552
15	194	341
15	195	1408
15	196	141
15	197	755
15	198	935
15	199	301
15	200	2478
15	201	908
15	202	1114
15	203	58
15	204	112
15	205	35
15	206	1879
15	207	722
15	208	231
15	209	173
15	210	254
15	211	490
15	212	4702
15	213	1970
15	214	834
15	215	1984
15	216	2115
15	217	229
15	218	49
15	219	325
15	220	448
15	221	2779
15	222	12
15	223	2314
15	224	111
15	225	11
15	226	42
15	227	650
15	228	37
15	229	1033
15	230	2093
15	231	331
15	232	280
15	233	459
15	234	119
15	235	152
15	236	341
15	237	609
15	238	10
15	239	354
15	240	23
15	241	206
15	242	555
15	243	258
15	244	95
15	245	421
15	246	672
15	247	218
15	248	410
15	249	268
15	250	455
15	251	762
15	252	28
15	253	10
15	254	214
15	255	804
15	256	10
15	257	1202
15	258	503
15	259	53
15	260	35
15	261	666
15	262	334
15	263	31
15	264	810
15	265	158
15	266	684
15	267	1374
15	268	1139
15	269	362
15	270	250
15	271	291
15	272	138
15	273	71
15	274	546
15	275	67
15	276	367
15	277	1478
15	278	1
15	279	86
15	280	373
15	281	414
15	282	64
15	283	638
15	284	994
15	285	61
15	286	6
15	287	1355
15	288	711
15	289	323
15	290	65
15	291	1255
15	292	985
15	293	253
15	294	1904
15	295	132
15	296	117
15	297	221
15	298	1191
15	299	655
15	300	1254
15	301	41
15	302	179
15	303	2386
15	304	839
15	305	2482
15	306	125
15	307	587
15	308	566
15	309	719
15	310	745
15	311	234
15	312	759
15	313	308
15	314	136
15	315	225
15	316	656
15	317	170
15	318	461
15	319	286
15	320	508
15	321	615
15	322	235
15	323	19
15	324	1531
15	325	230
15	326	207
15	327	71
15	328	1450
15	329	430
15	330	1258
15	331	840
15	332	1005
15	333	295
15	334	3235
15	335	188
15	336	502
15	337	492
15	338	60
15	339	409
15	340	9
15	341	1924
15	342	335
15	343	20
15	344	919
15	345	62
15	346	254
15	347	234
15	348	837
15	349	799
15	350	443
15	351	985
15	352	685
15	353	76
15	354	342
15	355	304
15	356	2214
15	357	434
15	358	248
15	359	556
15	360	366
15	361	281
15	362	178
15	363	2124
15	364	329
15	365	302
15	366	492
15	367	576
15	368	345
15	369	7506
15	370	376
15	371	367
15	372	301
15	373	376
15	374	254
15	375	476
15	376	2094
15	377	126
15	378	593
15	379	223
15	380	30
15	381	158
15	382	7819
15	383	807
16	0	76
16	1	1120
16	2	380
16	3	781
16	4	544
16	5	1081
16	6	113
16	7	261
16	8	7699
16	9	82
16	10	1197
16	11	1137
16	12	117
16	13	162
16	14	5
16	15	980
16	16	447
16	17	1034
16	18	17
16	19	123
16	20	3141
16	21	467
16	22	409
16	23	241
16	24	139
16	25	801
16	26	5
16	27	248
16	28	176
16	29	397
16	30	1916
16	31	2
16	32	49
16	33	63
16	34	347
16	35	1367
16	36	76
16	37	302
16	38	165
16	39	20
16	40	2419
16	41	1441
16	42	56
16	43	582
16	44	194
16	45	4
16	46	288
16	47	137
16	48	11412
16	49	330
16	50	75
16	51	387
16	52	687
16	53	5
16	54	1125
16	55	716
16	56	1262
16	57	5
16	58	57
16	59	356
16	60	1149
16	61	536
16	62	5815
16	63	501
16	64	1134
16	65	90
16	66	1323
16	67	1
16	68	48
16	69	41
16	70	3825
16	71	22
16	72	1021
16	73	420
16	74	2142
16	75	195
16	76	3
16	77	90
16	78	207
16	79	111
16	80	41
16	81	70
16	82	1187
16	83	426
16	84	4205
16	85	606
16	86	643
16	87	7
16	88	258
16	89	1869
16	90	706
16	91	164
16	92	98
16	93	521
16	94	2790
16	95	850
16	96	673
16	97	3622
16	98	429
16	99	37
16	100	226
16	101	43
16	102	863
16	103	480
16	104	98
16	105	732
16	106	1043
16	107	108
16	108	773
16	109	1348
16	110	337
16	111	2807
16	112	509
16	113	276
16	114	12
16	115	143
16	116	449
16	117	1457
16	118	70
16	119	1604
16	120	454
16	121	101
16	122	1160
16	123	3
16	124	1373
16	125	297
16	126	1392
16	127	1
16	128	0
16	129	264
16	130	523
16	131	62
16	132	3
16	133	1442
16	134	957
16	135	16
16	136	1065
16	137	570
16	138	258
16	139	328
16	140	352
16	141	20
16	142	1309
16	143	102
16	144	173
16	145	1
16	146	92
16	147	2607
16	148	143
16	149	495
16	150	311
16	151	241
16	152	607
16	153	0
16	154	21
16	155	375
16	156	412
16	157	970
16	158	14
16	159	919
16	160	951
16	161	648
16	162	3125
16	163	202
16	164	109
16	165	28
16	166	4403
16	167	9
16	168	69
16	169	173
16	170	215
16	171	96
16	172	770
16	173	420
16	174	679
16	175	167
16	176	1328
16	177	1163
16	178	2465
16	179	978
16	180	61
16	181	329
16	182	9
16	183	792
16	184	1163
16	185	410
16	186	11
16	187	590
16	188	179
16	189	346
16	190	520
16	191	111
16	192	2583
16	193	43
16	194	6
16	195	190
16	196	16
16	197	696
16	198	624
16	199	216
16	200	211
16	201	447
16	202	45
16	203	1944
16	204	1837
16	205	121
16	206	2004
16	207	6
16	208	3
16	209	136
16	210	7
16	211	123
16	212	108
16	213	46
16	214	677
16	215	59
16	216	741
16	217	118
16	218	474
16	219	28
16	220	950
16	221	506
16	222	8
16	223	2453
16	224	3
16	225	29
16	226	1791
16	227	115
16	228	1876
16	229	146
16	230	197
16	231	173
16	232	45
16	233	1317
16	234	9
16	235	121
16	236	0
16	237	2802
16	238	172
16	239	54
16	240	117
16	241	210
16	242	1062
16	243	766
16	244	1850
16	245	26
16	246	72
16	247	20
16	248	1033
16	249	8
16	250	299
16	251	254
16	252	151
16	253	1372
16	254	35
16	255	179
16	256	172
16	257	80
16	258	134
16	259	199
16	260	6
16	261	323
16	262	674
16	263	14635
16	264	1618
16	265	4175
16	266	9
16	267	571
16	268	1691
16	269	238
16	270	71
16	271	599
16	272	205
16	273	599
16	274	19
16	275	398
16	276	2466
16	277	275
16	278	63
16	279	1470
16	280	1787
16	281	1132
16	282	820
16	283	8
16	284	24
16	285	8
16	286	682
16	287	437
16	288	2316
16	289	61
16	290	357
16	291	6
16	292	2
16	293	679
16	294	124
16	295	276
16	296	62
16	297	3266
16	298	0
16	299	405
16	300	124
16	301	157
16	302	564
16	303	7
16	304	170
16	305	509
16	306	272
16	307	2184
16	308	2
16	309	15083
16	310	358
16	311	192
16	312	469
16	313	15
16	314	118
16	315	2
16	316	29
16	317	612
16	318	317
16	319	35
16	320	16
16	321	587
16	322	657
16	323	1549
16	324	98
16	325	472
16	326	182
16	327	0
16	328	779
16	329	1625
16	330	345
16	331	2567
16	332	2188
16	333	7
16	334	538
16	335	638
16	336	1497
16	337	458
16	338	15
16	339	2402
16	340	76
16	341	9
16	342	19
16	343	72
16	344	7455
16	345	161
16	346	352
16	347	248
16	348	44
16	349	292
16	350	214
16	351	5
16	352	2508
16	353	1621
16	354	242
16	355	652
16	356	993
16	357	627
16	358	63
16	359	48
16	360	251
16	361	486
16	362	465
16	363	448
16	364	5022
16	365	119
16	366	130
16	367	14
16	368	304
16	369	12
16	370	670
16	371	710
16	372	37
16	373	742
16	374	163
16	375	19
16	376	3967
16	377	346
16	378	11761
16	379	21
16	380	66
16	381	1002
16	382	75
16	383	327
17	0	480
17	1	13
17	2	880
17	3	223
17	4	55
17	5	45
17	6	666
17	7	48
17	8	257
17	9	245
17	10	244
17	11	691
17	12	533
17	13	130
17	14	961
17	15	22
17	16	407
17	17	879
17	18	2611
17	19	707
17	20	520
17	21	2671
17	22	439
17	23	1442
17	24	1620
17	25	1628
17	26	543
17	27	1103
17	28	25
17	29	9
17	30	2321
17	31	501
17	32	30
17	33	2
17	34	1186
17	35	192
17	36	720
17	37	199
17	38	65
17	39	202
17	40	1036
17	41	122
17	42	1022
17	43	1028
17	44	78
17	45	142
17	46	66
17	47	766
17	48	482
17	49	720
17	50	293
17	51	281
17	52	0
17	53	221
17	54	1077
17	55	24
17	56	33
17	57	1749
17	58	753
17	59	1212
17	60	10
17	61	615
17	62	1041
17	63	1000
17	64	752
17	65	494
17	66	173
17	67	827
17	68	433
17	69	715
17	70	3051
17	71	2050
17	72	1484
17	73	212
17	74	348
17	75	1912
17	76	76
17	77	232
17	78	275
17	79	203
17	80	18
17	81	15
17	82	5388
17	83	538
17	84	36
17	85	437
17	86	5
17	87	57
17	88	612
17	89	188
17	90	932
17	91	55
17	92	38
17	93	147
17	94	93
17	95	342
17	96	883
17	97	237
17	98	302
17	99	458
17	100	1739
17	101	753
17	102	1029
17	103	50
17	104	93
17	105	488
17	106	1092
17	107	879
17	108	50
17	109	110
17	110	735
17	111	170
17	112	537
17	113	1112
17	114	28
17	115	550
17	116	576
17	117	812
17	118	88
17	119	45
17	120	1068
17	121	149
17	122	75
17	123	16
17	124	779
17	125	61
17	126	261
17	127	112
17	128	290
17	129	479
17	130	402
17	131	191
17	132	19
17	133	362
17	134	1010
17	135	670
17	136	195
17	137	80
17	138	394
17	139	56
17	140	612
17	141	27
17	142	714
17	143	1774
17	144	73
17	145	276
17	146	498
17	147	0
17	148	1024
17	149	215
17	150	643
17	151	367
17	152	602
17	153	332
17	154	2197
17	155	113
17	156	808
17	157	835
17	158	670
17	159	1484
17	160	1155
17	161	1738
17	162	399
17	163	540
17	164	14
17	165	1523
17	166	476
17	167	93
17	168	1211
17	169	1557
17	170	804
17	171	648
17	172	133
17	173	202
17	174	285
17	175	869
17	176	340
17	177	285
17	178	603
17	179	1321
17	180	1129
17	181	391
17	182	259
17	183	2
17	184	4444
17	185	1096
17	186	0
17	187	14
17	188	383
17	189	348
17	190	18
17	191	102
17	192	41
17	193	534
17	194	192
17	195	1796
17	196	383
17	197	1290
17	198	2
17	199	197
17	200	859
17	201	258
17	202	205
17	203	215
17	204	922
17	205	645
17	206	27
17	207	299
17	208	2284
17	209	210
17	210	167
17	211	158
17	212	937
17	213	3057
17	214	123
17	215	8
17	216	226
17	217	189
17	218	517
17	219	6
17	220	406
17	221	57
17	222	1147
17	223	91
17	224	3367
17	225	632
17	226	416
17	227	910
17	228	55
17	229	7
17	230	536
17	231	149
17	232	676
17	233	376
17	234	894
17	235	697
17	236	1832
17	237	217
17	238	952
17	239	1253
17	240	1176
17	241	493
17	242	1
17	243	575
17	244	0
17	245	316
17	246	542
17	247	405
17	248	494
17	249	108
17	250	4858
17	251	1220
17	252	18
17	253	881
17	254	101
17	255	572
17	256	89
17	257	164
17	258	0
17	259	42
17	260	769
17	261	24
17	262	1507
17	263	186
17	264	462
17	265	397
17	266	447
17	267	1053
17	268	353
17	269	11
17	270	636
17	271	262
17	272	2016
17	273	796
17	274	3591
17	275	710
17	276	374
17	277	933
17	278	442
17	279	1194
17	280	169
17	281	432
17	282	487
17	283	896
17	284	820
17	285	202
17	286	903
17	287	595
17	288	198
17	289	620
17	290	953
17	291	202
17	292	862
17	293	105
17	294	333
17	295	2080
17	296	468
17	297	13815
17	298	2284
17	299	102
17	300	273
17	301	268
17	302	125
17	303	215
17	304	1064
17	305	5451
17	306	789
17	307	393
17	308	957
17	309	1555
17	310	394
17	311	747
17	312	7
17	313	1074
17	314	20
17	315	318
17	316	414
17	317	239
17	318	151
17	319	264
17	320	1
17	321	1083
17	322	666
17	323	664
17	324	1685
17	325	2775
17	326	0
17	327	1303
17	328	1484
17	329	12976
17	330	62
17	331	12662
17	332	1101
17	333	116
17	334	30
17	335	1779
17	336	6069
17	337	1058
17	338	67
17	339	64
17	340	120
17	341	296
17	342	676
17	343	384
17	344	1207
17	345	117
17	346	12146
17	347	288
17	348	55
17	349	55
17	350	464
17	351	1046
17	352	161
17	353	589
17	354	59
17	355	727
17	356	2473
17	357	1186
17	358	244
17	359	27
17	360	5304
17	361	552
17	362	354
17	363	115
17	364	163
17	365	184
17	366	271
17	367	426
17	368	127
17	369	1250
17	370	260
17	371	1585
17	372	99
17	373	1539
17	374	144
17	375	457
17	376	4
17	377	523
17	378	346
17	379	356
17	380	293
17	381	226
17	382	723
17	383	300
18	0	126
18	1	110
18	2	1781
18	3	15
18	4	186
18	5	92
18	6	0
18	7	34
18	8	83
18	9	489
18	10	621
18	11	3309
18	12	1037
18	13	782
18	14	469
18	15	2995
18	16	200
18	17	1177
18	18	30
18	19	628
18	20	78
18	21	1887
18	22	91
18	23	500
18	24	518
18	25	11433
18	26	702
18	27	5033
18	28	184
18	29	287
18	30	487
18	31	21
18	32	713
18	33	274
18	34	1201
18	35	68
18	36	577
18	37	829
18	38	2008
18	39	129
18	40	38
18	41	807
18	42	9
18	43	584
18	44	1142
18	45	943
18	46	1476
18	47	945
18	48	262
18	49	61
18	50	2
18	51	47
18	52	3129
18	53	2411
18	54	5321
18	55	1082
18	56	908
18	57	343
18	58	640
18	59	640
18	60	744
18	61	169
18	62	104
18	63	19
18	64	33
18	65	458
18	66	91
18	67	71
18	68	0
18	69	355
18	70	79
18	71	1303
18	72	2989
18	73	147
18	74	787
18	75	107
18	76	223
18	77	84
18	78	89
18	79	95
18	80	233
18	81	194
18	82	16
18	83	115
18	84	710
18	85	1303
18	86	544
18	87	134
18	88	352
18	89	38
18	90	14927
18	91	283
18	92	56
18	93	376
18	94	1519
18	95	651
18	96	3660
18	97	1520
18	98	394
18	99	5
18	100	0
18	101	655
18	102	357
18	103	1119
18	104	99
18	105	309
18	106	792
18	107	304
18	108	489
18	109	793
18	110	135
18	111	754
18	112	5000
18	113	1019
18	114	2640
18	115	2293
18	116	325
18	117	120
18	118	159
18	119	1015
18	120	231
18	121	593
18	122	427
18	123	2347
18	124	80
18	125	517
18	126	113
18	127	13
18	128	86
18	129	51
18	130	55
18	131	399
18	132	781
18	133	2627
18	134	10
18	135	211
18	136	1
18	137	64
18	138	651
18	139	256
18	140	403
18	141	767
18	142	10
18	143	704
18	144	6582
18	145	298
18	146	999
18	147	4954
18	148	357
18	149	6
18	150	387
18	151	219
18	152	1039
18	153	236
18	154	7495
18	155	222
18	156	438
18	157	16
18	158	546
18	159	686
18	160	393
18	161	44
18	162	256
18	163	210
18	164	1439
18	165	41
18	166	1193
18	167	214
18	168	387
18	169	2033
18	170	589
18	171	728
18	172	844
18	173	1034
18	174	61
18	175	1651
18	176	452
18	177	52
18	178	19
18	179	1305
18	180	1246
18	181	597
18	182	19
18	183	1336
18	184	715
18	185	243
18	186	386
18	187	119
18	188	383
18	189	81
18	190	572
18	191	2610
18	192	62
18	193	1760
18	194	597
18	195	210
18	196	260
18	197	0
18	198	69
18	199	9
18	200	593
18	201	753
18	202	1017
18	203	586
18	204	89
18	205	698
18	206	804
18	207	619
18	208	176
18	209	359
18	210	1
18	211	141
18	212	0
18	213	15
18	214	475
18	215	158
18	216	4186
18	217	449
18	218	797
18	219	1383
18	220	226
18	221	1017
18	222	200
18	223	155
18	224	802
18	225	3329
18	226	368
18	227	167
18	228	0
18	229	272
18	230	9
18	231	4220
18	232	623
18	233	10
18	234	2326
18	235	254
18	236	234
18	237	78
18	238	846
18	239	1
18	240	54
18	241	984
18	242	1521
18	243	605
18	244	671
18	245	174
18	246	15
18	247	22
18	248	399
18	249	1231
18	250	2424
18	251	672
18	252	18
18	253	49
18	254	255
18	255	842
18	256	81
18	257	318
18	258	516
18	259	25
18	260	89
18	261	454
18	262	210
18	263	740
18	264	65
18	265	4922
18	266	1168
18	267	121
18	268	2066
18	269	3
18	270	325
18	271	1138
18	272	1315
18	273	45
18	274	400
18	275	944
18	276	220
18	277	164
18	278	32
18	279	892
18	280	250
18	281	84
18	282	374
18	283	1095
18	284	844
18	285	72
18	286	455
18	287	1523
18	288	235
18	289	654
18	290	24
18	291	134
18	292	1081
18	293	583
18	294	447
18	295	179
18	296	58
18	297	28
18	298	320
18	299	11
18	300	602
18	301	10
18	302	1527
18	303	20
18	304	353
18	305	357
18	306	3
18	307	225
18	308	106
18	309	826
18	310	205
18	311	2808
18	312	219
18	313	234
18	314	272
18	315	36
18	316	513
18	317	927
18	318	304
18	319	313
18	320	731
18	321	2112
18	322	221
18	323	471
18	324	53
18	325	4855
18	326	0
18	327	12
18	328	508
18	329	27
18	330	173
18	331	143
18	332	788
18	333	120
18	334	1882
18	335	100
18	336	675
18	337	293
18	338	588
18	339	532
18	340	107
18	341	1490
18	342	3
18	343	666
18	344	352
18	345	1078
18	346	19
18	347	40
18	348	4119
18	349	7
18	350	50
18	351	21
18	352	354
18	353	101
18	354	3866
18	355	1345
18	356	470
18	357	13
18	358	183
18	359	1891
18	360	608
18	361	1285
18	362	238
18	363	299
18	364	41
18	365	143
18	366	371
18	367	363
18	368	300
18	369	66
18	370	4186
18	371	10676
18	372	41
18	373	228
18	374	344
18	375	354
18	376	138
18	377	267
18	378	428
18	379	629
18	380	76
18	381	32
18	382	39
18	383	29
19	0	4429
19	1	578
19	2	1217
19	3	1520
19	4	882
19	5	387
19	6	3488
19	7	50
19	8	978
19	9	201
19	10	145
19	11	283
19	12	78
19	13	130
19	14	976
19	15	3284
19	16	502
19	17	585
19	18	144
19	19	70
19	20	1848
19	21	199
19	22	143
19	23	27
19	24	104
19	25	257
19	26	65
19	27	155
19	28	2498
19	29	1255
19	30	947
19	31	521
19	32	774
19	33	812
19	34	661
19	35	672
19	36	30
19	37	811
19	38	73
19	39	862
19	40	1055
19	41	179
19	42	716
19	43	475
19	44	59
19	45	1504
19	46	474
19	47	2187
19	48	1079
19	49	2283
19	50	252
19	51	1032
19	52	215
19	53	672
19	54	494
19	55	7
19	56	1011
19	57	476
19	58	355
19	59	2173
19	60	24
19	61	454
19	62	588
19	63	1386
19	64	470
19	65	155
19	66	793
19	67	907
19	68	1166
19	69	95
19	70	22
19	71	1095
19	72	610
19	73	779
19	74	891
19	75	328
19	76	795
19	77	783
19	78	181
19	79	310
19	80	1361
19	81	199
19	82	966
19	83	223
19	84	994
19	85	66
19	86	325
19	87	670
19	88	425
19	89	1610
19	90	25
19	91	207
19	92	1082
19	93	257
19	94	938
19	95	25
19	96	177
19	97	42
19	98	801
19	99	608
19	100	464
19	101	1248
19	102	545
19	103	268
19	104	454
19	105	1415
19	106	4527
19	107	319
19	108	1468
19	109	748
19	110	505
19	111	67
19	112	2827
19	113	265
19	114	767
19	115	624
19	116	57
19	117	160
19	118	15056
19	119	36
19	120	585
19	121	219
19	122	969
19	123	1497
19	124	463
19	125	186
19	126	1152
19	127	1323
19	128	758
19	129	363
19	130	724
19	131	178
19	132	6
19	133	1722
19	134	139
19	135	448
19	136	1755
19	137	685
19	138	1225
19	139	49
19	140	1738
19	141	54
19	142	900
19	143	749
19	144	24
19	145	89
19	146	226
19	147	1128
19	148	88
19	149	662
19	150	1750
19	151	205
19	152	270
19	153	98
19	154	529
19	155	419
19	156	1331
19	157	454
19	158	165
19	159	258
19	160	502
19	161	115
19	162	231
19	163	511
19	164	404
19	165	1197
19	166	1621
19	167	145
19	168	777
19	169	442
19	170	425
19	171	738
19	172	274
19	173	107
19	174	694
19	175	363
19	176	200
19	177	663
19	178	1616
19	179	367
19	180	1315
19	181	190
19	182	89
19	183	756
19	184	290
19	185	606
19	186	2
19	187	434
19	188	867
19	189	548
19	190	842
19	191	376
19	192	3024
19	193	674
19	194	384
19	195	1781
19	196	118
19	197	618
19	198	228
19	199	387
19	200	534
19	201	1183
19	202	190
19	203	1460
19	204	931
19	205	1228
19	206	27
19	207	780
19	208	544
19	209	5
19	210	712
19	211	380
19	212	919
19	213	388
19	214	896
19	215	1825
19	216	3474
19	217	496
19	218	1776
19	219	1440
19	220	445
19	221	157
19	222	897
19	223	415
19	224	872
19	225	378
19	226	250
19	227	2254
19	228	1438
19	229	351
19	230	384
19	231	146
19	232	363
19	233	653
19	234	1316
19	235	1139
19	236	254
19	237	999
19	238	31
19	239	205
19	240	112
19	241	201
19	242	18
19	243	133
19	244	276
19	245	164
19	246	188
19	247	1654
19	248	875
19	249	1851
19	250	175
19	251	681
19	252	1971
19	253	817
19	254	834
19	255	2147
19	256	159
19	257	58
19	258	330
19	259	944
19	260	698
19	261	344
19	262	1401
19	263	740
19	264	225
19	265	910
19	266	1353
19	267	170
19	268	7
19	269	1542
19	270	704
19	271	349
19	272	463
19	273	821
19	274	152
19	275	1237
19	276	2647
19	277	109
19	278	251
19	279	224
19	280	869
19	281	375
19	282	1127
19	283	916
19	284	137
19	285	52
19	286	81
19	287	590
19	288	67
19	289	1036
19	290	431
19	291	346
19	292	515
19	293	1089
19	294	21
19	295	1029
19	296	453
19	297	308
19	298	308
19	299	811
19	300	3469
19	301	62
19	302	121
19	303	813
19	304	2573
19	305	1445
19	306	2209
19	307	3117
19	308	258
19	309	2906
19	310	210
19	311	497
19	312	530
19	313	340
19	314	982
19	315	422
19	316	698
19	317	51
19	318	414
19	319	1267
19	320	2616
19	321	41
19	322	983
19	323	16
19	324	431
19	325	1112
19	326	355
19	327	518
19	328	322
19	329	480
19	330	1225
19	331	261
19	332	93
19	333	1550
19	334	224
19	335	1641
19	336	366
19	337	783
19	338	79
19	339	2311
19	340	267
19	341	934
19	342	1241
19	343	294
19	344	737
19	345	1130
19	346	161
19	347	100
19	348	531
19	349	1240
19	350	8528
19	351	794
19	352	661
19	353	1317
19	354	208
19	355	241
19	356	20
19	357	266
19	358	827
19	359	119
19	360	787
19	361	265
19	362	395
19	363	345
19	364	169
19	365	998
19	366	1192
19	367	532
19	368	1501
19	369	770
19	370	1014
19	371	5
19	372	72
19	373	714
19	374	3654
19	375	159
19	376	818
19	377	51
19	378	1023
19	379	689
19	380	243
19	381	586
19	382	665
19	383	819
20	0	6
20	1	2354
20	2	70
20	3	1286
20	4	1501
20	5	11
20	6	597
20	7	240
20	8	1099
20	9	85
20	10	992
20	11	9
20	12	173
20	13	710
20	14	8138
20	15	447
20	16	274
20	17	86
20	18	104
20	19	258
20	20	13
20	21	26
20	22	579
20	23	185
20	24	24
20	25	943
20	26	16
20	27	463
20	28	503
20	29	1963
20	30	924
20	31	1735
20	32	1066
20	33	1244
20	34	185
20	35	1076
20	36	528
20	37	466
20	38	771
20	39	729
20	40	14
20	41	440
20	42	1022
20	43	138
20	44	821
20	45	5525
20	46	814
20	47	347
20	48	1530
20	49	849
20	50	125
20	51	5552
20	52	497
20	53	20
20	54	0
20	55	588
20	56	169
20	57	32
20	58	3208
20	59	439
20	60	20
20	61	702
20	62	141
20	63	68
20	64	542
20	65	676
20	66	52
20	67	2719
20	68	376
20	69	515
20	70	20000
20	71	797
20	72	1475
20	73	98
20	74	62
20	75	574
20	76	323
20	77	239
20	78	1340
20	79	482
20	80	376
20	81	13565
20	82	14
20	83	1711
20	84	1394
20	85	674
20	86	601
20	87	339
20	88	106
20	89	238
20	90	27
20	91	75
20	92	149
20	93	33
20	94	16
20	95	1223
20	96	375
20	97	460
20	98	22
20	99	1078
20	100	30
20	101	129
20	102	65
20	103	123
20	104	128
20	105	211
20	106	246
20	107	157
20	108	1523
20	109	2098
20	110	684
20	111	160
20	112	418
20	113	1150
20	114	7
20	115	97
20	116	337
20	117	200
20	118	364
20	119	5
20	120	46
20	121	7563
20	122	56
20	123	4
20	124	870
20	125	3
20	126	395
20	127	4
20	128	54
20	129	821
20	130	94
20	131	340
20	132	1247
20	133	2273
20	134	19
20	135	1842
20	136	217
20	137	82
20	138	366
20	139	565
20	140	532
20	141	8
20	142	49
20	143	265
20	144	677
20	145	1540
20	146	121
20	147	124
20	148	904
20	149	94
20	150	296
20	151	740
20	152	1121
20	153	845
20	154	649
20	155	20
20	156	1222
20	157	1
20	158	681
20	159	26
20	160	39
20	161	484
20	162	389
20	163	447
20	164	5577
20	165	1181
20	166	211
20	167	526
20	168	78
20	169	73
20	170	51
20	171	70
20	172	26
20	173	16
20	174	1998
20	175	84
20	176	355
20	177	1118
20	178	827
20	179	728
20	180	76
20	181	39
20	182	265
20	183	409
20	184	96
20	185	6002
20	186	1022
20	187	894
20	188	3
20	189	240
20	190	418
20	191	368
20	192	640
20	193	15
20	194	35
20	195	3
20	196	8813
20	197	46
20	198	2170
20	199	155
20	200	53
20	201	1845
20	202	612
20	203	108
20	204	29
20	205	47
20	206	531
20	207	12
20	208	412
20	209	15
20	210	1500
20	211	40
20	212	313
20	213	551
20	214	204
20	215	898
20	216	582
20	217	496
20	218	1717
20	219	45
20	220	490
20	221	356
20	222	289
20	223	957
20	224	882
20	225	84
20	226	95
20	227	1535
20	228	2249
20	229	75
20	230	695
20	231	2057
20	232	179
20	233	1867
20	234	187
20	235	77
20	236	222
20	237	202
20	238	344
20	239	960
20	240	120
20	241	592
20	242	232
20	243	282
20	244	7
20	245	686
20	246	2463
20	247	204
20	248	214
20	249	135
20	250	509
20	251	65
20	252	110
20	253	1790
20	254	358
20	255	176
20	256	1324
20	257	1778
20	258	140
20	259	362
20	260	22
20	261	2270
20	262	50
20	263	10
20	264	2
20	265	443
20	266	398
20	267	2780
20	268	85
20	269	65
20	270	282
20	271	327
20	272	577
20	273	1255
20	274	206
20	275	492
20	276	3899
20	277	8
20	278	2602
20	279	423
20	280	17
20	281	488
20	282	5872
20	283	69
20	284	199
20	285	78
20	286	3583
20	287	649
20	288	139
20	289	645
20	290	1791
20	291	2
20	292	640
20	293	67
20	294	83
20	295	958
20	296	84
20	297	105
20	298	105
20	299	903
20	300	407
20	301	170
20	302	191
20	303	33
20	304	1811
20	305	1023
20	306	515
20	307	278
20	308	88
20	309	1392
20	310	9
20	311	64
20	312	8
20	313	1276
20	314	585
20	315	111
20	316	69
20	317	219
20	318	93
20	319	0
20	320	825
20	321	299
20	322	1333
20	323	18
20	324	143
20	325	669
20	326	40
20	327	435
20	328	198
20	329	3980
20	330	0
20	331	974
20	332	234
20	333	436
20	334	542
20	335	713
20	336	180
20	337	707
20	338	409
20	339	507
20	340	238
20	341	639
20	342	295
20	343	1193
20	344	1347
20	345	472
20	346	2
20	347	513
20	348	9999
20	349	1086
20	350	2959
20	351	435
20	352	37
20	353	2277
20	354	5
20	355	597
20	356	25
20	357	913
20	358	304
20	359	207
20	360	2581
20	361	6
20	362	1088
20	363	606
20	364	167
20	365	532
20	366	3
20	367	406
20	368	171
20	369	95
20	370	143
20	371	129
20	372	269
20	373	32
20	374	5
20	375	126
20	376	577
20	377	21
20	378	445
20	379	197
20	380	597
20	381	291
20	382	71
20	383	302
21	0	348
21	1	997
21	2	512
21	3	180
21	4	2632
21	5	9874
21	6	1921
21	7	480
21	8	930
21	9	18
21	10	297
21	11	1617
21	12	648
21	13	202
21	14	284
21	15	129
21	16	225
21	17	201
21	18	7906
21	19	18
21	20	19
21	21	1980
21	22	1081
21	23	458
21	24	727
21	25	529
21	26	846
21	27	631
21	28	705
21	29	5449
21	30	2542
21	31	435
21	32	20
21	33	1114
21	34	1686
21	35	571
21	36	1122
21	37	1950
21	38	111
21	39	456
21	40	1062
21	41	300
21	42	309
21	43	28
21	44	1109
21	45	1001
21	46	121
21	47	2985
21	48	690
21	49	140
21	50	1293
21	51	694
21	52	446
21	53	63
21	54	190
21	55	499
21	56	926
21	57	237
21	58	1382
21	59	605
21	60	1108
21	61	7764
21	62	187
21	63	1930
21	64	45
21	65	88
21	66	553
21	67	465
21	68	29
21	69	163
21	70	1432
21	71	103
21	72	327
21	73	227
21	74	17
21	75	378
21	76	153
21	77	189
21	78	39
21	79	27
21	80	56
21	81	234
21	82	485
21	83	59
21	84	430
21	85	111
21	86	525
21	87	2054
21	88	557
21	89	5845
21	90	698
21	91	1024
21	92	1
21	93	586
21	94	0
21	95	82
21	96	38
21	97	947
21	98	572
21	99	617
21	100	63
21	101	655
21	102	825
21	103	434
21	104	858
21	105	263
21	106	1646
21	107	1646
21	108	860
21	109	62
21	110	195
21	111	1111
21	112	751
21	113	112
21	114	72
21	115	954
21	116	78
21	117	90
21	118	872
21	119	45
21	120	805
21	121	1313
21	122	295
21	123	9622
21	124	635
21	125	774
21	126	681
21	127	383
21	128	57
21	129	204
21	130	614
21	131	5006
21	132	128
21	133	794
21	134	489
21	135	76
21	136	32
21	137	587
21	138	453
21	139	1450
21	140	628
21	141	753
21	142	447
21	143	1676
21	144	8
21	145	212
21	146	618
21	147	87
21	148	278
21	149	33
21	150	15
21	151	7079
21	152	266
21	153	109
21	154	270
21	155	814
21	156	13
21	157	244
21	158	22
21	159	341
21	160	2038
21	161	1026
21	162	816
21	163	43
21	164	1485
21	165	1993
21	166	23
21	167	1281
21	168	127
21	169	109
21	170	712
21	171	41
21	172	2111
21	173	9545
21	174	0
21	175	972
21	176	2279
21	177	17
21	178	39
21	179	765
21	180	22
21	181	337
21	182	969
21	183	142
21	184	735
21	185	616
21	186	538
21	187	224
21	188	550
21	189	211
21	190	1515
21	191	360
21	192	2528
21	193	249
21	194	364
21	195	1096
21	196	22
21	197	320
21	198	147
21	199	239
21	200	1064
21	201	27
21	202	368
21	203	1627
21	204	40
21	205	1121
21	206	721
21	207	0
21	208	658
21	209	960
21	210	240
21	211	82
21	212	24
21	213	8
21	214	98
21	215	727
21	216	0
21	217	790
21	218	106
21	219	676
21	220	107
21	221	34
21	222	192
21	223	13
21	224	1327
21	225	2339
21	226	9
21	227	1368
21	228	536
21	229	464
21	230	48
21	231	264
21	232	1172
21	233	118
21	234	467
21	235	628
21	236	1709
21	237	440
21	238	3
21	239	657
21	240	520
21	241	56
21	242	42
21	243	871
21	244	96
21	245	29
21	246	93
21	247	700
21	248	96
21	249	54
21	250	647
21	251	133
21	252	1025
21	253	19
21	254	917
21	255	1244
21	256	203
21	257	1863
21	258	294
21	259	232
21	260	974
21	261	307
21	262	318
21	263	775
21	264	750
21	265	652
21	266	76
21	267	2
21	268	195
21	269	917
21	270	426
21	271	9
21	272	245
21	273	155
21	274	2276
21	275	819
21	276	190
21	277	25
21	278	644
21	279	39
21	280	214
21	281	13
21	282	3627
21	283	170
21	284	36
21	285	1421
21	286	657
21	287	235
21	288	26
21	289	1782
21	290	320
21	291	209
21	292	483
21	293	155
21	294	478
21	295	27
21	296	452
21	297	292
21	298	52
21	299	3953
21	300	828
21	301	2028
21	302	276
21	303	1
21	304	584
21	305	18
21	306	64
21	307	55
21	308	75
21	309	173
21	310	12
21	311	524
21	312	443
21	313	106
21	314	93
21	315	611
21	316	22
21	317	54
21	318	391
21	319	470
21	320	26
21	321	36
21	322	131
21	323	217
21	324	1710
21	325	126
21	326	129
21	327	413
21	328	0
21	329	7356
21	330	663
21	331	4053
21	332	28
21	333	48
21	334	1882
21	335	676
21	336	435
21	337	424
21	338	1112
21	339	157
21	340	56
21	341	3595
21	342	463
21	343	628
21	344	175
21	345	8
21	346	477
21	347	1102
21	348	268
21	349	1347
21	350	252
21	351	538
21	352	167
21	353	1998
21	354	3
21	355	2108
21	356	874
21	357	910
21	358	128
21	359	198
21	360	62
21	361	151
21	362	29
21	363	40
21	364	192
21	365	315
21	366	5
21	367	6628
21	368	77
21	369	545
21	370	106
21	371	520
21	372	395
21	373	413
21	374	73
21	375	5609
21	376	553
21	377	369
21	378	285
21	379	1184
21	380	806
21	381	278
21	382	344
21	383	1929
22	0	191
22	1	361
22	2	54
22	3	184
22	4	302
22	5	40
22	6	666
22	7	197
22	8	16
22	9	386
22	10	8062
22	11	135
22	12	1953
22	13	607
22	14	8
22	15	437
22	16	99
22	17	30
22	18	879
22	19	700
22	20	13
22	21	52
22	22	124
22	23	496
22	24	54
22	25	42
22	26	23
22	27	56
22	28	1497
22	29	104
22	30	39
22	31	6
22	32	419
22	33	7
22	34	876
22	35	73
22	36	428
22	37	0
22	38	9
22	39	641
22	40	38
22	41	49
22	42	1435
22	43	1688
22	44	197
22	45	267
22	46	4
22	47	105
22	48	1203
22	49	921
22	50	196
22	51	18
22	52	1174
22	53	238
22	54	37
22	55	248
22	56	118
22	57	290
22	58	634
22	59	206
22	60	641
22	61	254
22	62	685
22	63	425
22	64	504
22	65	152
22	66	5
22	67	1023
22	68	212
22	69	990
22	70	328
22	71	0
22	72	1084
22	73	289
22	74	2766
22	75	45
22	76	44
22	77	1236
22	78	1461
22	79	162
22	80	36
22	81	14
22	82	610
22	83	317
22	84	205
22	85	5084
22	86	1126
22	87	1597
22	88	389
22	89	127
22	90	435
22	91	263
22	92	20
22	93	525
22	94	24
22	95	404
22	96	823
22	97	506
22	98	16
22	99	119
22	100	479
22	101	205
22	102	27
22	103	37
22	104	1334
22	105	83
22	106	16
22	107	3581
22	108	445
22	109	233
22	110	172
22	111	774
22	112	1329
22	113	536
22	114	450
22	115	745
22	116	514
22	117	25
22	118	2659
22	119	4
22	120	7755
22	121	119
22	122	2
22	123	716
22	124	190
22	125	2299
22	126	865
22	127	1686
22	128	240
22	129	140
22	130	258
22	131	229
22	132	153
22	133	1442
22	134	131
22	135	51
22	136	1925
22	137	28
22	138	578
22	139	1339
22	140	233
22	141	2498
22	142	36
22	143	11
22	144	758
22	145	288
22	146	427
22	147	471
22	148	544
22	149	411
22	150	494
22	151	589
22	152	528
22	153	132
22	154	169
22	155	1170
22	156	2349
22	157	140
22	158	18771
22	159	578
22	160	676
22	161	63
22	162	198
22	163	326
22	164	48
22	165	35
22	166	240
22	167	1107
22	168	379
22	169	301
22	170	137
22	171	697
22	172	1313
22	173	483
22	174	156
22	175	189
22	176	414
22	177	573
22	178	1078
22	179	909
22	180	2225
22	181	41
22	182	140
22	183	13
22	184	1210
22	185	943
22	186	126
22	187	12
22	188	36
22	189	97
22	190	272
22	191	12
22	192	2761
22	193	261
22	194	115
22	195	821
22	196	16
22	197	37
22	198	1017
22	199	217
22	200	454
22	201	44
22	202	42
22	203	85
22	204	433
22	205	1412
22	206	554
22	207	1418
22	208	755
22	209	672
22	210	1020
22	211	80
22	212	660
22	213	120
22	214	1304
22	215	110
22	216	1178
22	217	37
22	218	149
22	219	234
22	220	277
22	221	165
22	222	3
22	223	46
22	224	97
22	225	1474
22	226	281
22	227	496
22	228	3658
22	229	102
22	230	1003
22	231	1087
22	232	6470
22	233	702
22	234	168
22	235	628
22	236	188
22	237	41
22	238	2175
22	239	1313
22	240	95
22	241	834
22	242	794
22	243	21
22	244	546
22	245	130
22	246	259
22	247	806
22	248	274
22	249	314
22	250	45
22	251	419
22	252	23
22	253	2010
22	254	46
22	255	44
22	256	218
22	257	273
22	258	187
22	259	5772
22	260	421
22	261	114
22	262	5
22	263	484
22	264	557
22	265	2583
22	266	132
22	267	18
22	268	508
22	269	1370
22	270	0
22	271	115
22	272	543
22	273	367
22	274	889
22	275	271
22	276	172
22	277	20851
22	278	745
22	279	610
22	280	214
22	281	323
22	282	387
22	283	3173
22	284	29
22	285	152
22	286	482
22	287	300
22	288	1344
22	289	849
22	290	134
22	291	114
22	292	31
22	293	354
22	294	156
22	295	401
22	296	859
22	297	559
22	298	205
22	299	789
22	300	454
22	301	614
22	302	175
22	303	32
22	304	502
22	305	36
22	306	120
22	307	1375
22	308	237
22	309	19
22	310	0
22	311	1974
22	312	95
22	313	6348
22	314	19023
22	315	9
22	316	46
22	317	137
22	318	1699
22	319	719
22	320	664
22	321	743
22	322	9
22	323	154
22	324	176
22	325	132
22	326	27
22	327	614
22	328	61
22	329	234
22	330	3114
22	331	474
22	332	23
22	333	177
22	334	277
22	335	1113
22	336	226
22	337	83
22	338	562
22	339	207
22	340	863
22	341	161
22	342	401
22	343	56
22	344	1663
22	345	256
22	346	13
22	347	1109
22	348	272
22	349	518
22	350	675
22	351	156
22	352	313
22	353	259
22	354	299
22	355	1044
22	356	61
22	357	112
22	358	116
22	359	19
22	360	277
22	361	60
22	362	520
22	363	2395
22	364	919
22	365	2096
22	366	50
22	367	344
22	368	88
22	369	82
22	370	175
22	371	3669
22	372	739
22	373	2822
22	374	6073
22	375	109
22	376	2894
22	377	572
22	378	164
22	379	182
22	380	169
22	381	79
22	382	67
22	383	187
23	0	836
23	1	280
23	2	108
23	3	250
23	4	339
23	5	1203
23	6	482
23	7	226
23	8	61
23	9	365
23	10	770
23	11	602
23	12	932
23	13	579
23	14	614
23	15	517
23	16	3678
23	17	9783
23	18	511
23	19	190
23	20	253
23	21	77
23	22	198
23	23	1950
23	24	738
23	25	1348
23	26	240
23	27	234
23	28	216
23	29	1595
23	30	1206
23	31	0
23	32	618
23	33	591
23	34	1574
23	35	250
23	36	94
23	37	342
23	38	211
23	39	377
23	40	69
23	41	824
23	42	2681
23	43	722
23	44	195
23	45	1636
23	46	2816
23	47	28
23	48	207
23	49	482
23	50	303
23	51	10
23	52	539
23	53	81
23	54	2323
23	55	287
23	56	544
23	57	308
23	58	65
23	59	426
23	60	303
23	61	68
23	62	794
23	63	297
23	64	551
23	65	723
23	66	975
23	67	1272
23	68	4368
23	69	820
23	70	549
23	71	193
23	72	297
23	73	217
23	74	51
23	75	348
23	76	1453
23	77	536
23	78	897
23	79	539
23	80	875
23	81	114
23	82	208
23	83	6
23	84	106
23	85	72
23	86	851
23	87	379
23	88	858
23	89	178
23	90	489
23	91	634
23	92	904
23	93	500
23	94	262
23	95	332
23	96	231
23	97	1649
23	98	53
23	99	245
23	100	158
23	101	69
23	102	163
23	103	2007
23	104	1190
23	105	83
23	106	396
23	107	10
23	108	425
23	109	386
23	110	271
23	111	272
23	112	415
23	113	77
23	114	147
23	115	664
23	116	1610
23	117	32
23	118	391
23	119	1272
23	120	449
23	121	672
23	122	353
23	123	1614
23	124	39
23	125	655
23	126	803
23	127	989
23	128	594
23	129	800
23	130	36
23	131	2879
23	132	1679
23	133	630
23	134	1128
23	135	223
23	136	222
23	137	510
23	138	7
23	139	188
23	140	1530
23	141	336
23	142	558
23	143	551
23	144	124
23	145	96
23	146	715
23	147	9598
23	148	275
23	149	1916
23	150	1957
23	151	867
23	152	15327
23	153	4373
23	154	707
23	155	14462
23	156	328
23	157	533
23	158	122
23	159	1904
23	160	3708
23	161	910
23	162	1157
23	163	1151
23	164	607
23	165	2860
23	166	565
23	167	889
23	168	65
23	169	80
23	170	1541
23	171	633
23	172	483
23	173	301
23	174	96
23	175	880
23	176	207
23	177	7056
23	178	627
23	179	923
23	180	1475
23	181	666
23	182	70
23	183	381
23	184	309
23	185	143
23	186	232
23	187	440
23	188	908
23	189	1765
23	190	1522
23	191	608
23	192	676
23	193	409
23	194	40
23	195	78
23	196	285
23	197	155
23	198	980
23	199	424
23	200	145
23	201	1951
23	202	524
23	203	0
23	204	43
23	205	3160
23	206	93
23	207	417
23	208	144
23	209	1592
23	210	580
23	211	577
23	212	696
23	213	635
23	214	81
23	215	413
23	216	881
23	217	612
23	218	668
23	219	1992
23	220	848
23	221	554
23	222	63
23	223	448
23	224	1035
23	225	1136
23	226	115
23	227	218
23	228	53
23	229	9
23	230	470
23	231	541
23	232	181
23	233	59
23	234	109
23	235	124
23	236	1688
23	237	286
23	238	310
23	239	130
23	240	13
23	241	6
23	242	861
23	243	124
23	244	39
23	245	226
23	246	169
23	247	767
23	248	232
23	249	233
23	250	606
23	251	167
23	252	1
23	253	163
23	254	620
23	255	907
23	256	205
23	257	71
23	258	2185
23	259	19
23	260	1367
23	261	313
23	262	151
23	263	587
23	264	712
23	265	461
23	266	1366
23	267	431
23	268	212
23	269	429
23	270	155
23	271	314
23	272	250
23	273	136
23	274	750
23	275	45
23	276	3584
23	277	1911
23	278	494
23	279	886
23	280	166
23	281	160
23	282	656
23	283	311
23	284	662
23	285	1303
23	286	542
23	287	366
23	288	15
23	289	3
23	290	360
23	291	1584
23	292	3631
23	293	422
23	294	742
23	295	355
23	296	755
23	297	59
23	298	615
23	299	1321
23	300	331
23	301	907
23	302	285
23	303	93
23	304	451
23	305	126
23	306	134
23	307	612
23	308	15
23	309	709
23	310	75
23	311	138
23	312	3057
23	313	114
23	314	676
23	315	53
23	316	374
23	317	1286
23	318	82
23	319	863
23	320	1428
23	321	11
23	322	430
23	323	263
23	324	473
23	325	73
23	326	1054
23	327	19
23	328	60
23	329	285
23	330	43
23	331	2431
23	332	470
23	333	328
23	334	1300
23	335	516
23	336	489
23	337	58
23	338	466
23	339	551
23	340	318
23	341	54
23	342	1018
23	343	372
23	344	1883
23	345	382
23	346	28
23	347	340
23	348	606
23	349	375
23	350	566
23	351	79
23	352	67
23	353	59
23	354	298
23	355	104
23	356	779
23	357	927
23	358	1077
23	359	3
23	360	1084
23	361	934
23	362	188
23	363	761
23	364	2633
23	365	559
23	366	2303
23	367	460
23	368	849
23	369	8
23	370	146
23	371	137
23	372	410
23	373	17
23	374	93
23	375	1447
23	376	428
23	377	436
23	378	3921
23	379	262
23	380	21
23	381	1694
23	382	556
23	383	139
24	0	1250
24	1	37
24	2	10456
24	3	1524
24	4	591
24	5	1700
24	6	1818
24	7	329
24	8	440
24	9	170
24	10	4767
24	11	713
24	12	184
24	13	290
24	14	194
24	15	218
24	16	616
24	17	20
24	18	11
24	19	73
24	20	89
24	21	0
24	22	1453
24	23	1
24	24	944
24	25	46
24	26	137
24	27	53
24	28	4631
24	29	0
24	30	580
24	31	120
24	32	652
24	33	453
24	34	541
24	35	342
24	36	736
24	37	444
24	38	82
24	39	413
24	40	682
24	41	1804
24	42	242
24	43	321
24	44	83
24	45	809
24	46	858
24	47	21988
24	48	676
24	49	20
24	50	52
24	51	123
24	52	326
24	53	848
24	54	410
24	55	53
24	56	42
24	57	7801
24	58	107
24	59	12
24	60	1285
24	61	61
24	62	178
24	63	443
24	64	268
24	65	0
24	66	1067
24	67	295
24	68	108
24	69	26
24	70	171
24	71	398
24	72	403
24	73	1456
24	74	1
24	75	2
24	76	435
24	77	136
24	78	166
24	79	5
24	80	8
24	81	147
24	82	209
24	83	847
24	84	2184
24	85	4
24	86	329
24	87	821
24	88	125
24	89	187
24	90	464
24	91	848
24	92	42
24	93	73
24	94	18
24	95	2
24	96	823
24	97	484
24	98	481
24	99	120
24	100	308
24	101	248
24	102	216
24	103	1268
24	104	79
24	105	992
24	106	364
24	107	479
24	108	685
24	109	1147
24	110	31
24	111	15
24	112	802
24	113	432
24	114	723
24	115	639
24	116	128
24	117	2068
24	118	432
24	119	109
24	120	113
24	121	325
24	122	743
24	123	2973
24	124	553
24	125	7
24	126	440
24	127	186
24	128	19
24	129	9
24	130	689
24	131	25
24	132	878
24	133	354
24	134	284
24	135	246
24	136	303
24	137	81
24	138	790
24	139	126
24	140	65
24	141	94
24	142	109
24	143	73
24	144	276
24	145	1233
24	146	1164
24	147	4965
24	148	1698
24	149	4
24	150	438
24	151	21
24	152	23
24	153	26
24	154	398
24	155	335
24	156	24
24	157	824
24	158	3632
24	159	394
24	160	940
24	161	157
24	162	2737
24	163	105
24	164	704
24	165	199
24	166	1012
24	167	517
24	168	7023
24	169	42
24	170	161
24	171	13830
24	172	33
24	173	250
24	174	275
24	175	70
24	176	321
24	177	38
24	178	165
24	179	7
24	180	54
24	181	1128
24	182	122
24	183	691
24	184	260
24	185	1101
24	186	83
24	187	4889
24	188	44
24	189	1166
24	190	1538
24	191	105
24	192	67
24	193	836
24	194	126
24	195	136
24	196	1054
24	197	119
24	198	118
24	199	455
24	200	43
24	201	686
24	202	1336
24	203	473
24	204	23
24	205	32
24	206	117
24	207	84
24	208	554
24	209	273
24	210	8
24	211	98
24	212	435
24	213	594
24	214	163
24	215	64
24	216	216
24	217	15
24	218	83
24	219	1161
24	220	1905
24	221	1070
24	222	112
24	223	1352
24	224	723
24	225	2022
24	226	27
24	227	426
24	228	5
24	229	134
24	230	932
24	231	738
24	232	1417
24	233	187
24	234	13
24	235	158
24	236	78
24	237	1367
24	238	785
24	239	2
24	240	308
24	241	171
24	242	70
24	243	3586
24	244	2985
24	245	17
24	246	74
24	247	21
24	248	292
24	249	164
24	250	114
24	251	448
24	252	471
24	253	3063
24	254	19
24	255	114
24	256	14
24	257	558
24	258	51
24	259	167
24	260	34
24	261	22
24	262	330
24	263	146
24	264	1248
24	265	732
24	266	467
24	267	121
24	268	348
24	269	69
24	270	12
24	271	1210
24	272	872
24	273	593
24	274	98
24	275	674
24	276	52
24	277	654
24	278	933
24	279	8
24	280	31
24	281	386
24	282	454
24	283	375
24	284	3074
24	285	1383
24	286	24
24	287	276
24	288	48
24	289	1013
24	290	417
24	291	1060
24	292	244
24	293	13
24	294	0
24	295	60
24	296	373
24	297	251
24	298	51
24	299	247
24	300	374
24	301	72
24	302	7
24	303	161
24	304	1210
24	305	32
24	306	103
24	307	105
24	308	19398
24	309	61
24	310	1
24	311	401
24	312	5
24	313	788
24	314	716
24	315	1535
24	316	211
24	317	2010
24	318	81
24	319	303
24	320	1835
24	321	59
24	322	288
24	323	558
24	324	183
24	325	797
24	326	380
24	327	38
24	328	17
24	329	16
24	330	202
24	331	986
24	332	501
24	333	607
24	334	81
24	335	138
24	336	802
24	337	2073
24	338	112
24	339	132
24	340	10
24	341	539
24	342	308
24	343	238
24	344	203
24	345	1674
24	346	6471
24	347	38
24	348	5370
24	349	46
24	350	0
24	351	253
24	352	2
24	353	1048
24	354	312
24	355	164
24	356	158
24	357	21
24	358	1151
24	359	300
24	360	15
24	361	16
24	362	866
24	363	575
24	364	164
24	365	24
24	366	15
24	367	5088
24	368	830
24	369	473
24	370	14
24	371	84
24	372	14157
24	373	6
24	374	6
24	375	579
24	376	102
24	377	113
24	378	572
24	379	37
24	380	1179
24	381	8
24	382	49
24	383	44
25	0	347
25	1	1135
25	2	188
25	3	658
25	4	961
25	5	4031
25	6	227
25	7	8251
25	8	203
25	9	12
25	10	662
25	11	37
25	12	431
25	13	388
25	14	129
25	15	173
25	16	1798
25	17	60
25	18	532
25	19	10
25	20	4855
25	21	9576
25	22	0
25	23	535
25	24	395
25	25	11
25	26	22
25	27	35
25	28	11
25	29	334
25	30	141
25	31	19
25	32	168
25	33	77
25	34	778
25	35	17
25	36	1091
25	37	1529
25	38	246
25	39	17
25	40	47
25	41	110
25	42	281
25	43	1222
25	44	709
25	45	281
25	46	0
25	47	299
25	48	114
25	49	4
25	50	5
25	51	23
25	52	294
25	53	31
25	54	374
25	55	156
25	56	267
25	57	92
25	58	242
25	59	174
25	60	40
25	61	757
25	62	725
25	63	751
25	64	72
25	65	29
25	66	298
25	67	1419
25	68	13
25	69	5
25	70	2
25	71	56
25	72	49
25	73	976
25	74	967
25	75	17447
25	76	7
25	77	161
25	78	0
25	79	103
25	80	5
25	81	184
25	82	505
25	83	5970
25	84	6
25	85	6
25	86	149
25	87	44
25	88	14
25	89	9
25	90	1162
25	91	57
25	92	3107
25	93	3552
25	94	2322
25	95	40
25	96	39
25	97	396
25	98	947
25	99	2225
25	100	103
25	101	34
25	102	171
25	103	1303
25	104	107
25	105	962
25	106	332
25	107	25
25	108	38
25	109	0
25	110	528
25	111	1211
25	112	1064
25	113	20
25	114	383
25	115	147
25	116	110
25	117	176
25	118	144
25	119	281
25	120	243
25	121	1100
25	122	964
25	123	83
25	124	909
25	125	198
25	126	7
25	127	14
25	128	491
25	129	63
25	130	337
25	131	76
25	132	5698
25	133	43
25	134	802
25	135	406
25	136	157
25	137	3
25	138	284
25	139	313
25	140	202
25	141	64
25	142	741
25	143	100
25	144	1315
25	145	38
25	146	49
25	147	45
25	148	278
25	149	57
25	150	687
25	151	103
25	152	194
25	153	332
25	154	3
25	155	0
25	156	870
25	157	109
25	158	1527
25	159	455
25	160	651
25	161	83
25	162	85
25	163	1108
25	164	22970
25	165	282
25	166	231
25	167	777
25	168	290
25	169	1244
25	170	132
25	171	131
25	172	73
25	173	2
25	174	306
25	175	41
25	176	17
25	177	88
25	178	817
25	179	381
25	180	2460
25	181	262
25	182	56
25	183	2
25	184	473
25	185	618
25	186	612
25	187	322
25	188	80
25	189	862
25	190	2
25	191	12
25	192	68
25	193	205
25	194	306
25	195	41
25	196	32
25	197	1035
25	198	58
25	199	468
25	200	105
25	201	2
25	202	0
25	203	87
25	204	47
25	205	53
25	206	621
25	207	1207
25	208	7222
25	209	75
25	210	373
25	211	4088
25	212	11
25	213	228
25	214	53
25	215	94
25	216	211
25	217	104
25	218	133
25	219	2
25	220	452
25	221	678
25	222	13
25	223	961
25	224	29
25	225	230
25	226	477
25	227	689
25	228	368
25	229	3
25	230	72
25	231	912
25	232	187
25	233	582
25	234	3083
25	235	439
25	236	123
25	237	457
25	238	6971
25	239	4386
25	240	177
25	241	4771
25	242	10795
25	243	6
25	244	705
25	245	2
25	246	352
25	247	117
25	248	743
25	249	222
25	250	298
25	251	1976
25	252	526
25	253	355
25	254	9
25	255	342
25	256	121
25	257	63
25	258	0
25	259	3
25	260	3137
25	261	382
25	262	32
25	263	310
25	264	11
25	265	303
25	266	371
25	267	7
25	268	37
25	269	206
25	270	86
25	271	256
25	272	215
25	273	455
25	274	82
25	275	1
25	276	48
25	277	509
25	278	8
25	279	2894
25	280	22
25	281	4
25	282	2
25	283	41
25	284	2
25	285	155
25	286	151
25	287	193
25	288	2044
25	289	34
25	290	719
25	291	123
25	292	55
25	293	1558
25	294	175
25	295	554
25	296	29
25	297	9
25	298	3
25	299	434
25	300	48
25	301	363
25	302	497
25	303	1371
25	304	108
25	305	164
25	306	177
25	307	25
25	308	37
25	309	388
25	310	394
25	311	1545
25	312	676
25	313	13
25	314	88
25	315	412
25	316	185
25	317	31
25	318	1488
25	319	35
25	320	288
25	321	1872
25	322	234
25	323	6795
25	324	29
25	325	26
25	326	757
25	327	56
25	328	1305
25	329	0
25	330	2371
25	331	155
25	332	84
25	333	179
25	334	196
25	335	544
25	336	536
25	337	419
25	338	3
25	339	63
25	340	980
25	341	1
25	342	32
25	343	0
25	344	3593
25	345	21
25	346	102
25	347	1053
25	348	196
25	349	530
25	350	586
25	351	9
25	352	829
25	353	75
25	354	32
25	355	873
25	356	237
25	357	35
25	358	599
25	359	31730
25	360	1721
25	361	82
25	362	261
25	363	22
25	364	1561
25	365	1313
25	366	80
25	367	446
25	368	180
25	369	0
25	370	58
25	371	1159
25	372	40
25	373	234
25	374	14
25	375	235
25	376	29
25	377	24
25	378	67
25	379	102
25	380	2
25	381	106
25	382	48
25	383	65
26	0	1282
26	1	5
26	2	440
26	3	78
26	4	1527
26	5	327
26	6	35
26	7	151
26	8	188
26	9	237
26	10	14
26	11	415
26	12	677
26	13	234
26	14	593
26	15	1997
26	16	62
26	17	3592
26	18	56
26	19	44
26	20	638
26	21	1
26	22	101
26	23	6
26	24	0
26	25	38
26	26	110
26	27	2696
26	28	866
26	29	314
26	30	630
26	31	12
26	32	301
26	33	29
26	34	458
26	35	0
26	36	1145
26	37	3641
26	38	350
26	39	2331
26	40	1449
26	41	277
26	42	347
26	43	75
26	44	530
26	45	998
26	46	92
26	47	250
26	48	602
26	49	265
26	50	37
26	51	2481
26	52	4
26	53	1
26	54	588
26	55	9
26	56	569
26	57	15
26	58	191
26	59	9
26	60	934
26	61	28
26	62	351
26	63	7901
26	64	84
26	65	105
26	66	145
26	67	276
26	68	61
26	69	1559
26	70	452
26	71	30
26	72	17
26	73	3
26	74	251
26	75	346
26	76	1559
26	77	98
26	78	641
26	79	648
26	80	547
26	81	294
26	82	532
26	83	322
26	84	113
26	85	21
26	86	339
26	87	1824
26	88	3138
26	89	149
26	90	61
26	91	153
26	92	1111
26	93	6357
26	94	129
26	95	253
26	96	10
26	97	571
26	98	5
26	99	4
26	100	272
26	101	3037
26	102	41
26	103	149
26	104	232
26	105	537
26	106	490
26	107	382
26	108	14
26	109	102
26	110	661
26	111	30
26	112	868
26	113	38
26	114	17
26	115	124
26	116	10383
26	117	94
26	118	821
26	119	111
26	120	201
26	121	4272
26	122	143
26	123	882
26	124	337
26	125	615
26	126	2717
26	127	20892
26	128	288
26	129	114
26	130	50
26	131	50
26	132	1
26	133	495
26	134	354
26	135	214
26	136	540
26	137	181
26	138	1212
26	139	136
26	140	536
26	141	70
26	142	1117
26	143	33
26	144	875
26	145	39
26	146	5
26	147	9322
26	148	472
26	149	56
26	150	4
26	151	568
26	152	489
26	153	925
26	154	2
26	155	219
26	156	509
26	157	1023
26	158	0
26	159	658
26	160	271
26	161	0
26	162	723
26	163	63
26	164	147
26	165	1187
26	166	236
26	167	517
26	168	460
26	169	372
26	170	1597
26	171	781
26	172	500
26	173	5110
26	174	6202
26	175	3
26	176	349
26	177	666
26	178	30
26	179	859
26	180	1
26	181	298
26	182	61
26	183	1489
26	184	471
26	185	528
26	186	200
26	187	496
26	188	1503
26	189	122
26	190	950
26	191	1547
26	192	200
26	193	147
26	194	312
26	195	941
26	196	194
26	197	108
26	198	1081
26	199	629
26	200	599
26	201	246
26	202	236
26	203	54
26	204	91
26	205	130
26	206	372
26	207	862
26	208	23
26	209	742
26	210	11
26	211	1575
26	212	226
26	213	15
26	214	463
26	215	4482
26	216	521
26	217	269
26	218	16
26	219	0
26	220	30
26	221	146
26	222	27
26	223	243
26	224	148
26	225	18
26	226	17
26	227	469
26	228	535
26	229	18
26	230	100
26	231	882
26	232	8
26	233	273
26	234	5
26	235	1802
26	236	247
26	237	212
26	238	1
26	239	687
26	240	19
26	241	504
26	242	359
26	243	4
26	244	802
26	245	1010
26	246	727
26	247	199
26	248	1549
26	249	50
26	250	476
26	251	69
26	252	78
26	253	78
26	254	609
26	255	21
26	256	2299
26	257	28
26	258	185
26	259	566
26	260	97
26	261	33
26	262	13
26	263	55
26	264	28
26	265	9360
26	266	897
26	267	234
26	268	1468
26	269	1243
26	270	417
26	271	1
26	272	1256
26	273	289
26	274	25
26	275	0
26	276	16095
26	277	383
26	278	4
26	279	275
26	280	986
26	281	648
26	282	22
26	283	953
26	284	455
26	285	481
26	286	96
26	287	754
26	288	35
26	289	233
26	290	688
26	291	18
26	292	72
26	293	600
26	294	45
26	295	193
26	296	73
26	297	1308
26	298	147
26	299	309
26	300	65
26	301	159
26	302	454
26	303	466
26	304	174
26	305	458
26	306	5
26	307	1685
26	308	544
26	309	4245
26	310	253
26	311	44
26	312	1
26	313	25
26	314	43
26	315	30
26	316	9
26	317	523
26	318	37
26	319	198
26	320	260
26	321	5
26	322	34
26	323	112
26	324	221
26	325	251
26	326	12
26	327	218
26	328	677
26	329	105
26	330	307
26	331	1093
26	332	31
26	333	2618
26	334	150
26	335	25
26	336	43
26	337	51
26	338	4819
26	339	3
26	340	10310
26	341	3324
26	342	108
26	343	3228
26	344	105
26	345	1332
26	346	25
26	347	301
26	348	387
26	349	133
26	350	12
26	351	86
26	352	89
26	353	1355
26	354	2665
26	355	1933
26	356	14
26	357	1869
26	358	1197
26	359	143
26	360	134
26	361	681
26	362	208
26	363	336
26	364	852
26	365	425
26	366	165
26	367	16
26	368	437
26	369	2491
26	370	724
26	371	243
26	372	397
26	373	72
26	374	7672
26	375	72
26	376	47
26	377	283
26	378	1
26	379	100
26	380	1041
26	381	399
26	382	919
26	383	292
27	0	27
27	1	10
27	2	338
27	3	69
27	4	54
27	5	472
27	6	292
27	7	175
27	8	76
27	9	518
27	10	723
27	11	105
27	12	993
27	13	25
27	14	126
27	15	4
27	16	188
27	17	12
27	18	909
27	19	34
27	20	6
27	21	5
27	22	178
27	23	2583
27	24	3
27	25	4149
27	26	51
27	27	433
27	28	73
27	29	186
27	30	20
27	31	284
27	32	48
27	33	445
27	34	175
27	35	39
27	36	1938
27	37	20
27	38	5
27	39	6388
27	40	1220
27	41	589
27	42	0
27	43	43
27	44	30
27	45	8748
27	46	1237
27	47	345
27	48	599
27	49	1134
27	50	21
27	51	3248
27	52	338
27	53	1747
27	54	2624
27	55	532
27	56	976
27	57	1847
27	58	225
27	59	424
27	60	8
27	61	987
27	62	97
27	63	818
27	64	36
27	65	59
27	66	305
27	67	179
27	68	530
27	69	1422
27	70	220
27	71	6588
27	72	227
27	73	112
27	74	265
27	75	637
27	76	135
27	77	3920
27	78	385
27	79	319
27	80	740
27	81	301
27	82	126
27	83	5
27	84	1848
27	85	2458
27	86	1099
27	87	9033
27	88	1407
27	89	563
27	90	1138
27	91	169
27	92	1244
27	93	2213
27	94	29
27	95	68
27	96	671
27	97	58
27	98	1276
27	99	200
27	100	324
27	101	1337
27	102	184
27	103	2694
27	104	356
27	105	10065
27	106	237
27	107	276
27	108	1409
27	109	108
27	110	328
27	111	26
27	112	4
27	113	68
27	114	99
27	115	793
27	116	207
27	117	134
27	118	2
27	119	12
27	120	24
27	121	245
27	122	430
27	123	14
27	124	370
27	125	302
27	126	443
27	127	76
27	128	597
27	129	472
27	130	370
27	131	370
27	132	140
27	133	722
27	134	204
27	135	38
27	136	349
27	137	389
27	138	3
27	139	2
27	140	342
27	141	23
27	142	672
27	143	1459
27	144	278
27	145	353
27	146	485
27	147	609
27	148	582
27	149	566
27	150	13
27	151	419
27	152	107
27	153	831
27	154	2428
27	155	29
27	156	1081
27	157	57
27	158	720
27	159	782
27	160	217
27	161	98
27	162	12
27	163	543
27	164	610
27	165	1027
27	166	383
27	167	615
27	168	526
27	169	469
27	170	189
27	171	94
27	172	4
27	173	127
27	174	255
27	175	40
27	176	197
27	177	89
27	178	760
27	179	1211
27	180	582
27	181	8
27	182	1028
27	183	512
27	184	14
27	185	211
27	186	150
27	187	220
27	188	1185
27	189	121
27	190	62
27	191	390
27	192	60
27	193	1
27	194	448
27	195	115
27	196	210
27	197	796
27	198	952
27	199	668
27	200	928
27	201	205
27	202	623
27	203	62
27	204	120
27	205	783
27	206	0
27	207	313
27	208	620
27	209	310
27	210	527
27	211	140
27	212	0
27	213	71
27	214	1196
27	215	795
27	216	227
27	217	1211
27	218	566
27	219	33
27	220	211
27	221	25
27	222	372
27	223	360
27	224	2172
27	225	20432
27	226	81
27	227	203
27	228	4257
27	229	12
27	230	57
27	231	373
27	232	27
27	233	2998
27	234	26
27	235	214
27	236	180
27	237	118
27	238	222
27	239	256
27	240	1286
27	241	358
27	242	455
27	243	133
27	244	503
27	245	1320
27	246	432
27	247	253
27	248	100
27	249	108
27	250	2227
27	251	387
27	252	145
27	253	216
27	254	1503
27	255	44
27	256	167
27	257	296
27	258	366
27	259	431
27	260	13
27	261	607
27	262	2951
27	263	416
27	264	190
27	265	4469
27	266	2419
27	267	1165
27	268	442
27	269	1
27	270	577
27	271	892
27	272	113
27	273	531
27	274	1210
27	275	121
27	276	204
27	277	73
27	278	773
27	279	1075
27	280	502
27	281	470
27	282	299
27	283	888
27	284	396
27	285	2853
27	286	6
27	287	69
27	288	3
27	289	732
27	290	37
27	291	887
27	292	433
27	293	46
27	294	112
27	295	20
27	296	821
27	297	922
27	298	220
27	299	20
27	300	21
27	301	36
27	302	74
27	303	830
27	304	230
27	305	463
27	306	299
27	307	556
27	308	540
27	309	2
27	310	640
27	311	83
27	312	361
27	313	5
27	314	481
27	315	1281
27	316	4
27	317	42
27	318	1
27	319	279
27	320	2469
27	321	1006
27	322	176
27	323	199
27	324	491
27	325	128
27	326	191
27	327	362
27	328	401
27	329	628
27	330	70
27	331	2474
27	332	10
27	333	52
27	334	206
27	335	721
27	336	3461
27	337	54
27	338	55
27	339	133
27	340	3
27	341	90
27	342	510
27	343	566
27	344	806
27	345	44
27	346	108
27	347	69
27	348	72
27	349	9
27	350	1386
27	351	751
27	352	149
27	353	525
27	354	109
27	355	84
27	356	1
27	357	12
27	358	1093
27	359	96
27	360	251
27	361	73
27	362	3787
27	363	26264
27	364	828
27	365	1384
27	366	1502
27	367	328
27	368	3576
27	369	3696
27	370	109
27	371	1421
27	372	2
27	373	524
27	374	160
27	375	633
27	376	5
27	377	85
27	378	275
27	379	87
27	380	7238
27	381	32
27	382	237
27	383	212
28	0	14
28	1	3
28	2	36
28	3	745
28	4	73
28	5	162
28	6	3
28	7	37
28	8	325
28	9	24
28	10	19
28	11	2075
28	12	335
28	13	192
28	14	521
28	15	351
28	16	532
28	17	18
28	18	638
28	19	176
28	20	0
28	21	2
28	22	373
28	23	948
28	24	9
28	25	3558
28	26	479
28	27	2168
28	28	24
28	29	425
28	30	1038
28	31	327
28	32	2571
28	33	11
28	34	648
28	35	179
28	36	201
28	37	33
28	38	2691
28	39	4
28	40	235
28	41	1212
28	42	55
28	43	746
28	44	2569
28	45	259
28	46	194
28	47	89
28	48	343
28	49	287
28	50	191
28	51	970
28	52	186
28	53	886
28	54	72
28	55	100
28	56	742
28	57	1132
28	58	936
28	59	1251
28	60	472
28	61	775
28	62	28
28	63	23
28	64	497
28	65	769
28	66	1
28	67	61
28	68	179
28	69	232
28	70	1459
28	71	142
28	72	201
28	73	133
28	74	570
28	75	42
28	76	158
28	77	18
28	78	43
28	79	22
28	80	590
28	81	172
28	82	398
28	83	569
28	84	268
28	85	121
28	86	146
28	87	177
28	88	292
28	89	621
28	90	46
28	91	194
28	92	1121
28	93	33
28	94	726
28	95	35
28	96	384
28	97	460
28	98	8407
28	99	3
28	100	1
28	101	5393
28	102	0
28	103	179
28	104	65
28	105	4926
28	106	30
28	107	78
28	108	601
28	109	2964
28	110	635
28	111	743
28	112	129
28	113	305
28	114	43
28	115	56
28	116	130
28	117	13
28	118	1861
28	119	2723
28	120	198
28	121	251
28	122	206
28	123	2083
28	124	1357
28	125	558
28	126	437
28	127	836
28	128	53
28	129	344
28	130	316
28	131	22
28	132	93
28	133	63
28	134	19
28	135	620
28	136	47
28	137	9168
28	138	643
28	139	208
28	140	144
28	141	556
28	142	28
28	143	2449
28	144	1548
28	145	41
28	146	35
28	147	938
28	148	2
28	149	53
28	150	362
28	151	270
28	152	9
28	153	2810
28	154	57
28	155	24
28	156	13
28	157	44
28	158	133
28	159	35
28	160	0
28	161	202
28	162	687
28	163	2637
28	164	10
28	165	5555
28	166	71
28	167	57
28	168	8
28	169	2902
28	170	825
28	171	56
28	172	341
28	173	199
28	174	18
28	175	4513
28	176	571
28	177	719
28	178	56
28	179	202
28	180	85
28	181	223
28	182	422
28	183	46
28	184	1031
28	185	42
28	186	18
28	187	209
28	188	185
28	189	279
28	190	257
28	191	350
28	192	375
28	193	929
28	194	548
28	195	151
28	196	87
28	197	1178
28	198	3767
28	199	65
28	200	238
28	201	188
28	202	42
28	203	564
28	204	13
28	205	298
28	206	453
28	207	284
28	208	62
28	209	139
28	210	127
28	211	477
28	212	684
28	213	373
28	214	359
28	215	228
28	216	6668
28	217	2
28	218	88
28	219	3
28	220	797
28	221	1164
28	222	486
28	223	193
28	224	255
28	225	89
28	226	261
28	227	65
28	228	164
28	229	487
28	230	820
28	231	7
28	232	69
28	233	418
28	234	1319
28	235	1216
28	236	47
28	237	36
28	238	13
28	239	24
28	240	1789
28	241	8232
28	242	410
28	243	559
28	244	856
28	245	511
28	246	2051
28	247	253
28	248	1052
28	249	3850
28	250	0
28	251	97
28	252	1009
28	253	883
28	254	445
28	255	24
28	256	7
28	257	1323
28	258	148
28	259	22
28	260	96
28	261	173
28	262	2853
28	263	229
28	264	55
28	265	62
28	266	1208
28	267	0
28	268	124
28	269	49
28	270	58
28	271	561
28	272	236
28	273	1102
28	274	2329
28	275	333
28	276	626
28	277	15
28	278	41
28	279	354
28	280	477
28	281	121
28	282	20
28	283	2104
28	284	124
28	285	208
28	286	19
28	287	1066
28	288	162
28	289	146
28	290	769
28	291	708
28	292	15
28	293	80
28	294	919
28	295	228
28	296	546
28	297	511
28	298	86
28	299	423
28	300	1321
28	301	0
28	302	149
28	303	1590
28	304	61
28	305	14
28	306	2
28	307	8
28	308	287
28	309	73
28	310	42
28	311	417
28	312	1593
28	313	1298
28	314	941
28	315	24179
28	316	46
28	317	58
28	318	36
28	319	202
28	320	75
28	321	123
28	322	3271
28	323	131
28	324	97
28	325	64
28	326	25
28	327	370
28	328	2808
28	329	2
28	330	1581
28	331	179
28	332	4161
28	333	891
28	334	946
28	335	15
28	336	1093
28	337	1770
28	338	54
28	339	66
28	340	33
28	341	278
28	342	100
28	343	3
28	344	594
28	345	2100
28	346	10
28	347	131
28	348	10195
28	349	125
28	350	11
28	351	802
28	352	28828
28	353	1770
28	354	254
28	355	70
28	356	34
28	357	576
28	358	170
28	359	353
28	360	74
28	361	14
28	362	662
28	363	5
28	364	601
28	365	1
28	366	424
28	367	163
28	368	64
28	369	2498
28	370	211
28	371	51
28	372	157
28	373	39
28	374	33
28	375	973
28	376	380
28	377	143
28	378	370
28	379	67
28	380	893
28	381	575
28	382	52
28	383	262
29	0	740
29	1	318
29	2	831
29	3	1050
29	4	140
29	5	57
29	6	564
29	7	72
29	8	206
29	9	146
29	10	360
29	11	312
29	12	4
29	13	1506
29	14	158
29	15	1
29	16	25
29	17	567
29	18	38
29	19	20
29	20	175
29	21	138
29	22	728
29	23	105
29	24	7872
29	25	201
29	26	2350
29	27	1730
29	28	81
29	29	324
29	30	741
29	31	424
29	32	55
29	33	312
29	34	182
29	35	9606
29	36	147
29	37	234
29	38	216
29	39	1541
29	40	4567
29	41	449
29	42	305
29	43	169
29	44	6
29	45	1571
29	46	59
29	47	530
29	48	650
29	49	133
29	50	201
29	51	10
29	52	1560
29	53	54
29	54	416
29	55	2369
29	56	65
29	57	411
29	58	904
29	59	270
29	60	59
29	61	745
29	62	3138
29	63	169
29	64	288
29	65	19
29	66	124
29	67	18
29	68	168
29	69	440
29	70	363
29	71	1154
29	72	4065
29	73	352
29	74	28
29	75	38306
29	76	318
29	77	1600
29	78	119
29	79	37
29	80	917
29	81	355
29	82	3
29	83	47
29	84	475
29	85	779
29	86	1256
29	87	368
29	88	67
29	89	7775
29	90	1503
29	91	681
29	92	3577
29	93	86
29	94	43
29	95	759
29	96	14
29	97	2535
29	98	51
29	99	188
29	100	69
29	101	1534
29	102	252
29	103	2045
29	104	690
29	105	1700
29	106	551
29	107	99
29	108	0
29	109	1236
29	110	18
29	111	90
29	112	68
29	113	441
29	114	858
29	115	148
29	116	65
29	117	178
29	118	34
29	119	274
29	120	271
29	121	4
29	122	1033
29	123	503
29	124	214
29	125	1187
29	126	1146
29	127	16
29	128	43
29	129	577
29	130	9316
29	131	129
29	132	105
29	133	357
29	134	332
29	135	296
29	136	318
29	137	365
29	138	1464
29	139	64
29	140	92
29	141	506
29	142	5320
29	143	317
29	144	89
29	145	23
29	146	104
29	147	66
29	148	237
29	149	6
29	150	383
29	151	12
29	152	459
29	153	460
29	154	601
29	155	367
29	156	10
29	157	77
29	158	295
29	159	86
29	160	3294
29	161	502
29	162	196
29	163	738
29	164	3719
29	165	3167
29	166	275
29	167	510
29	168	342
29	169	106
29	170	364
29	171	604
29	172	17
29	173	572
29	174	5
29	175	93
29	176	155
29	177	357
29	178	5671
29	179	133
29	180	270
29	181	1069
29	182	316
29	183	19
29	184	399
29	185	8
29	186	1398
29	187	2153
29	188	2089
29	189	39
29	190	272
29	191	1045
29	192	110
29	193	47
29	194	170
29	195	58
29	196	8
29	197	192
29	198	619
29	199	724
29	200	150
29	201	52
29	202	1273
29	203	1713
29	204	64
29	205	639
29	206	307
29	207	790
29	208	185
29	209	3866
29	210	412
29	211	461
29	212	1574
29	213	265
29	214	1330
29	215	840
29	216	33
29	217	89
29	218	558
29	219	0
29	220	849
29	221	2374
29	222	116
29	223	4
29	224	277
29	225	216
29	226	1177
29	227	10
29	228	742
29	229	159
29	230	4940
29	231	705
29	232	79
29	233	1091
29	234	89
29	235	3
29	236	29
29	237	11
29	238	843
29	239	291
29	240	239
29	241	91
29	242	49
29	243	531
29	244	416
29	245	329
29	246	106
29	247	318
29	248	217
29	249	43
29	250	139
29	251	1470
29	252	819
29	253	105
29	254	134
29	255	21
29	256	596
29	257	2001
29	258	2863
29	259	1929
29	260	17
29	261	440
29	262	708
29	263	1018
29	264	166
29	265	103
29	266	374
29	267	96
29	268	654
29	269	938
29	270	1324
29	271	365
29	272	87
29	273	102
29	274	146
29	275	158
29	276	95
29	277	1327
29	278	620
29	279	2
29	280	248
29	281	38
29	282	12
29	283	2312
29	284	6
29	285	294
29	286	663
29	287	359
29	288	138
29	289	7
29	290	79
29	291	240
29	292	1111
29	293	464
29	294	599
29	295	6
29	296	736
29	297	234
29	298	379
29	299	97
29	300	615
29	301	4
29	302	1159
29	303	7
29	304	106
29	305	812
29	306	258
29	307	4659
29	308	2097
29	309	418
29	310	641
29	311	183
29	312	101
29	313	505
29	314	541
29	315	244
29	316	26
29	317	218
29	318	2983
29	319	1398
29	320	161
29	321	435
29	322	421
29	323	121
29	324	12
29	325	1202
29	326	732
29	327	62
29	328	71
29	329	48
29	330	745
29	331	55
29	332	23
29	333	77
29	334	1019
29	335	4
29	336	271
29	337	7
29	338	1669
29	339	217
29	340	197
29	341	420
29	342	2057
29	343	3
29	344	113
29	345	1288
29	346	503
29	347	3969
29	348	146
29	349	468
29	350	1282
29	351	219
29	352	392
29	353	298
29	354	17
29	355	24
29	356	19
29	357	6
29	358	651
29	359	736
29	360	2443
29	361	194
29	362	640
29	363	275
29	364	64
29	365	369
29	366	336
29	367	2494
29	368	2
29	369	337
29	370	263
29	371	21
29	372	73
29	373	9
29	374	174
29	375	823
29	376	579
29	377	6
29	378	2138
29	379	331
29	380	684
29	381	323
29	382	539
29	383	574
30	0	165
30	1	2
30	2	28473
30	3	381
30	4	607
30	5	1994
30	6	873
30	7	369
30	8	590
30	9	80
30	10	132
30	11	233
30	12	1231
30	13	783
30	14	336
30	15	170
30	16	360
30	17	661
30	18	1552
30	19	294
30	20	2504
30	21	408
30	22	347
30	23	1413
30	24	566
30	25	116
30	26	505
30	27	973
30	28	783
30	29	83
30	30	1925
30	31	7
30	32	1089
30	33	66
30	34	70
30	35	163
30	36	704
30	37	111
30	38	70
30	39	11
30	40	37
30	41	569
30	42	2049
30	43	3135
30	44	346
30	45	698
30	46	30
30	47	169
30	48	947
30	49	354
30	50	3982
30	51	1121
30	52	9
30	53	9
30	54	39
30	55	421
30	56	66
30	57	781
30	58	137
30	59	52
30	60	407
30	61	1298
30	62	1312
30	63	2885
30	64	42
30	65	7
30	66	736
30	67	540
30	68	361
30	69	156
30	70	961
30	71	30
30	72	1130
30	73	78
30	74	493
30	75	57
30	76	259
30	77	55
30	78	5225
30	79	93
30	80	287
30	81	220
30	82	6
30	83	59
30	84	924
30	85	432
30	86	175
30	87	1840
30	88	824
30	89	2
30	90	156
30	91	135
30	92	0
30	93	401
30	94	75
30	95	1827
30	96	512
30	97	57
30	98	18
30	99	1179
30	100	1012
30	101	0
30	102	177
30	103	900
30	104	33
30	105	4
30	106	108
30	107	107
30	108	519
30	109	103
30	110	524
30	111	84
30	112	602
30	113	367
30	114	151
30	115	190
30	116	23
30	117	0
30	118	59
30	119	1351
30	120	38
30	121	7
30	122	1087
30	123	83
30	124	1455
30	125	115
30	126	128
30	127	300
30	128	331
30	129	12
30	130	779
30	131	88
30	132	8
30	133	429
30	134	379
30	135	157
30	136	88
30	137	29
30	138	1002
30	139	5276
30	140	222
30	141	823
30	142	900
30	143	471
30	144	157
30	145	692
30	146	216
30	147	44
30	148	83
30	149	1317
30	150	254
30	151	127
30	152	1
30	153	757
30	154	1572
30	155	131
30	156	566
30	157	442
30	158	209
30	159	1713
30	160	767
30	161	7055
30	162	36
30	163	141
30	164	1137
30	165	635
30	166	98
30	167	1915
30	168	700
30	169	12
30	170	1122
30	171	442
30	172	443
30	173	44
30	174	1
30	175	6663
30	176	706
30	177	1748
30	178	247
30	179	290
30	180	72
30	181	113
30	182	1407
30	183	106
30	184	6
30	185	334
30	186	24
30	187	5
30	188	631
30	189	27
30	190	444
30	191	373
30	192	349
30	193	2078
30	194	131
30	195	824
30	196	60
30	197	464
30	198	12
30	199	290
30	200	15
30	201	50
30	202	300
30	203	892
30	204	6
30	205	238
30	206	6232
30	207	958
30	208	144
30	209	2604
30	210	669
30	211	820
30	212	1076
30	213	3885
30	214	0
30	215	1869
30	216	15825
30	217	86
30	218	101
30	219	6
30	220	821
30	221	336
30	222	261
30	223	4
30	224	42
30	225	1363
30	226	154
30	227	85
30	228	35
30	229	1905
30	230	234
30	231	352
30	232	122
30	233	3596
30	234	240
30	235	4683
30	236	1340
30	237	108
30	238	90
30	239	13
30	240	600
30	241	977
30	242	36
30	243	231
30	244	9
30	245	178
30	246	77
30	247	36
30	248	299
30	249	38
30	250	1198
30	251	918
30	252	614
30	253	20
30	254	272
30	255	623
30	256	835
30	257	225
30	258	2408
30	259	63
30	260	73
30	261	227
30	262	1330
30	263	889
30	264	514
30	265	86
30	266	5
30	267	483
30	268	87
30	269	697
30	270	290
30	271	1
30	272	141
30	273	112
30	274	351
30	275	846
30	276	9
30	277	57
30	278	37
30	279	157
30	280	281
30	281	1508
30	282	3
30	283	1471
30	284	30
30	285	512
30	286	1207
30	287	307
30	288	501
30	289	160
30	290	49
30	291	185
30	292	1422
30	293	63
30	294	486
30	295	1952
30	296	511
30	297	34
30	298	2659
30	299	680
30	300	1244
30	301	588
30	302	1718
30	303	430
30	304	411
30	305	2510
30	306	1418
30	307	433
30	308	217
30	309	79
30	310	1776
30	311	34
30	312	287
30	313	583
30	314	11
30	315	160
30	316	194
30	317	646
30	318	8
30	319	96
30	320	583
30	321	2239
30	322	820
30	323	150
30	324	180
30	325	22
30	326	647
30	327	1944
30	328	25
30	329	894
30	330	84
30	331	464
30	332	1082
30	333	10
30	334	293
30	335	428
30	336	778
30	337	824
30	338	47
30	339	15
30	340	8
30	341	94
30	342	973
30	343	0
30	344	657
30	345	357
30	346	115
30	347	2142
30	348	169
30	349	850
30	350	17
30	351	258
30	352	2759
30	353	6
30	354	180
30	355	1694
30	356	330
30	357	7
30	358	630
30	359	44
30	360	912
30	361	309
30	362	13
30	363	155
30	364	131
30	365	491
30	366	414
30	367	606
30	368	310
30	369	17
30	370	202
30	371	95
30	372	1
30	373	2
30	374	184
30	375	188
30	376	1218
30	377	305
30	378	955
30	379	22324
30	380	1344
30	381	0
30	382	27
30	383	346
31	0	6
31	1	260
31	2	603
31	3	256
31	4	693
31	5	2540
31	6	331
31	7	527
31	8	138
31	9	97
31	10	151
31	11	513
31	12	129
31	13	99
31	14	1346
31	15	905
31	16	640
31	17	607
31	18	46
31	19	212
31	20	159
31	21	12
31	22	1319
31	23	20
31	24	1543
31	25	1478
31	26	496
31	27	31
31	28	10182
31	29	578
31	30	5
31	31	449
31	32	37
31	33	4312
31	34	244
31	35	116
31	36	5028
31	37	242
31	38	1958
31	39	418
31	40	12
31	41	1702
31	42	1007
31	43	162
31	44	3
31	45	574
31	46	1446
31	47	117
31	48	2748
31	49	6
31	50	728
31	51	3312
31	52	3594
31	53	52
31	54	52
31	55	150
31	56	1173
31	57	468
31	58	216
31	59	369
31	60	12
31	61	56
31	62	578
31	63	198
31	64	1700
31	65	37
31	66	1261
31	67	538
31	68	1442
31	69	43
31	70	353
31	71	503
31	72	101
31	73	10
31	74	37
31	75	335
31	76	70
31	77	333
31	78	27
31	79	105
31	80	154
31	81	345
31	82	129
31	83	232
31	84	2106
31	85	427
31	86	44
31	87	3898
31	88	2466
31	89	9
31	90	601
31	91	282
31	92	39
31	93	0
31	94	415
31	95	500
31	96	128
31	97	118
31	98	727
31	99	1901
31	100	269
31	101	2416
31	102	59
31	103	3562
31	104	2947
31	105	655
31	106	44
31	107	42
31	108	711
31	109	1728
31	110	1797
31	111	54
31	112	2
31	113	319
31	114	4131
31	115	183
31	116	44
31	117	45
31	118	1461
31	119	20
31	120	6762
31	121	119
31	122	42
31	123	340
31	124	185
31	125	26
31	126	1
31	127	358
31	128	915
31	129	158
31	130	84
31	131	150
31	132	350
31	133	816
31	134	118
31	135	283
31	136	212
31	137	741
31	138	902
31	139	522
31	140	286
31	141	11803
31	142	2874
31	143	660
31	144	887
31	145	339
31	146	35
31	147	513
31	148	23
31	149	349
31	150	15
31	151	154
31	152	52
31	153	384
31	154	977
31	155	1716
31	156	2711
31	157	1715
31	158	605
31	159	1
31	160	901
31	161	758
31	162	13
31	163	35
31	164	352
31	165	283
31	166	0
31	167	3152
31	168	783
31	169	23
31	170	1609
31	171	1249
31	172	2
31	173	91
31	174	956
31	175	775
31	176	79
31	177	162
31	178	69
31	179	0
31	180	75
31	181	310
31	182	456
31	183	0
31	184	770
31	185	1849
31	186	1586
31	187	129
31	188	4164
31	189	2134
31	190	459
31	191	4162
31	192	194
31	193	329
31	194	1
31	195	237
31	196	218
31	197	78
31	198	88
31	199	391
31	200	1
31	201	133
31	202	500
31	203	2319
31	204	159
31	205	97
31	206	1364
31	207	129
31	208	2011
31	209	882
31	210	812
31	211	716
31	212	2149
31	213	169
31	214	47
31	215	187
31	216	336
31	217	136
31	218	102
31	219	578
31	220	14
31	221	1062
31	222	337
31	223	169
31	224	17
31	225	465
31	226	73
31	227	341
31	228	14
31	229	8647
31	230	1405
31	231	9
31	232	261
31	233	165
31	234	9
31	235	115
31	236	208
31	237	331
31	238	12
31	239	652
31	240	654
31	241	337
31	242	35
31	243	446
31	244	159
31	245	1167
31	246	19
31	247	550
31	248	1
31	249	1491
31	250	733
31	251	1051
31	252	52
31	253	151
31	254	73
31	255	1671
31	256	53
31	257	489
31	258	37
31	259	262
31	260	224
31	261	338
31	262	88
31	263	640
31	264	464
31	265	4
31	266	869
31	267	313
31	268	1324
31	269	2602
31	270	85
31	271	97
31	272	450
31	273	65
31	274	400
31	275	101
31	276	5446
31	277	13
31	278	181
31	279	271
31	280	41
31	281	466
31	282	5
31	283	25
31	284	714
31	285	674
31	286	502
31	287	510
31	288	11
31	289	888
31	290	0
31	291	94
31	292	0
31	293	430
31	294	368
31	295	715
31	296	1406
31	297	23383
31	298	4137
31	299	281
31	300	44
31	301	263
31	302	1387
31	303	3079
31	304	715
31	305	29
31	306	2128
31	307	131
31	308	375
31	309	19
31	310	513
31	311	658
31	312	57
31	313	658
31	314	492
31	315	43
31	316	781
31	317	433
31	318	1075
31	319	45
31	320	88
31	321	86
31	322	361
31	323	3330
31	324	1016
31	325	754
31	326	741
31	327	182
31	328	2
31	329	23
31	330	550
31	331	185
31	332	4359
31	333	17
31	334	623
31	335	348
31	336	11
31	337	290
31	338	199
31	339	112
31	340	596
31	341	26
31	342	1176
31	343	1635
31	344	95
31	345	228
31	346	161
31	347	1020
31	348	723
31	349	657
31	350	430
31	351	533
31	352	200
31	353	18
31	354	500
31	355	142
31	356	1440
31	357	2950
31	358	618
31	359	1013
31	360	153
31	361	281
31	362	756
31	363	60
31	364	156
31	365	133
31	366	8
31	367	1
31	368	530
31	369	183
31	370	798
31	371	19
31	372	1
31	373	0
31	374	41
31	375	506
31	376	685
31	377	1422
31	378	291
31	379	21
31	380	7
31	381	76
31	382	53
31	383	796
32	0	2206
32	1	20
32	2	127
32	3	24
32	4	37
32	5	1608
32	6	851
32	7	207
32	8	819
32	9	353
32	10	3010
32	11	89
32	12	209
32	13	422
32	14	668
32	15	485
32	16	3
32	17	0
32	18	117
32	19	689
32	20	547
32	21	634
32	22	14
32	23	769
32	24	165
32	25	168
32	26	60
32	27	44
32	28	42
32	29	2564
32	30	26
32	31	1412
32	32	1013
32	33	175
32	34	5656
32	35	605
32	36	202
32	37	753
32	38	42
32	39	220
32	40	786
32	41	3218
32	42	81
32	43	524
32	44	98
32	45	811
32	46	919
32	47	244
32	48	894
32	49	71
32	50	180
32	51	27
32	52	155
32	53	857
32	54	763
32	55	18
32	56	50
32	57	37
32	58	262
32	59	693
32	60	3720
32	61	295
32	62	493
32	63	86
32	64	425
32	65	1869
32	66	726
32	67	944
32	68	197
32	69	645
32	70	943
32	71	141
32	72	797
32	73	39
32	74	95
32	75	604
32	76	0
32	77	2065
32	78	1804
32	79	712
32	80	34
32	81	787
32	82	1817
32	83	777
32	84	1
32	85	622
32	86	208
32	87	68
32	88	234
32	89	230
32	90	3131
32	91	512
32	92	1075
32	93	60
32	94	313
32	95	189
32	96	3
32	97	35
32	98	321
32	99	90
32	100	1130
32	101	1479
32	102	1223
32	103	249
32	104	0
32	105	752
32	106	512
32	107	637
32	108	199
32	109	563
32	110	20
32	111	179
32	112	291
32	113	1416
32	114	64
32	115	953
32	116	33
32	117	621
32	118	39
32	119	68
32	120	55
32	121	320
32	122	885
32	123	13
32	124	248
32	125	8
32	126	212
32	127	22
32	128	590
32	129	1315
32	130	164
32	131	25
32	132	632
32	133	417
32	134	164
32	135	253
32	136	128
32	137	561
32	138	1
32	139	409
32	140	567
32	141	167
32	142	48
32	143	296
32	144	844
32	145	33
32	146	1025
32	147	166
32	148	14
32	149	720
32	150	13
32	151	4
32	152	869
32	153	196
32	154	12
32	155	1388
32	156	268
32	157	335
32	158	34
32	159	25
32	160	619
32	161	384
32	162	23
32	163	83
32	164	53
32	165	3
32	166	262
32	167	124
32	168	38
32	169	109
32	170	77
32	171	636
32	172	221
32	173	319
32	174	363
32	175	343
32	176	17
32	177	765
32	178	123
32	179	3
32	180	1194
32	181	735
32	182	111
32	183	958
32	184	738
32	185	54
32	186	354
32	187	227
32	188	220
32	189	568
32	190	248
32	191	92
32	192	81
32	193	72
32	194	32
32	195	185
32	196	240
32	197	360
32	198	4
32	199	2
32	200	455
32	201	29
32	202	3180
32	203	24
32	204	1292
32	205	429
32	206	313
32	207	510
32	208	162
32	209	824
32	210	672
32	211	1061
32	212	28
32	213	25
32	214	10
32	215	7932
32	216	65
32	217	660
32	218	4259
32	219	138
32	220	550
32	221	25705
32	222	125
32	223	251
32	224	69
32	225	20
32	226	1610
32	227	55
32	228	103
32	229	10
32	230	1
32	231	248
32	232	1731
32	233	360
32	234	1666
32	235	2008
32	236	160
32	237	293
32	238	684
32	239	1196
32	240	127
32	241	169
32	242	558
32	243	149
32	244	706
32	245	72
32	246	1041
32	247	50
32	248	5809
32	249	153
32	250	235
32	251	761
32	252	1629
32	253	566
32	254	467
32	255	13
32	256	559
32	257	734
32	258	46
32	259	0
32	260	273
32	261	367
32	262	3811
32	263	1016
32	264	886
32	265	109
32	266	196
32	267	6664
32	268	282
32	269	164
32	270	1041
32	271	670
32	272	819
32	273	1692
32	274	172
32	275	47
32	276	5797
32	277	761
32	278	30
32	279	1483
32	280	417
32	281	887
32	282	915
32	283	34127
32	284	164
32	285	507
32	286	57
32	287	345
32	288	712
32	289	1788
32	290	2176
32	291	8
32	292	93
32	293	43
32	294	385
32	295	406
32	296	411
32	297	123
32	298	50
32	299	233
32	300	336
32	301	595
32	302	406
32	303	4950
32	304	154
32	305	318
32	306	24
32	307	614
32	308	54
32	309	38
32	310	55
32	311	310
32	312	204
32	313	20
32	314	3769
32	315	414
32	316	242
32	317	184
32	318	340
32	319	1174
32	320	23
32	321	197
32	322	281
32	323	435
32	324	54
32	325	2621
32	326	77
32	327	19
32	328	9656
32	329	603
32	330	22
32	331	117
32	332	1008
32	333	680
32	334	11
32	335	321
32	336	13
32	337	127
32	338	1014
32	339	1368
32	340	1007
32	341	761
32	342	156
32	343	181
32	344	140
32	345	12
32	346	2457
32	347	133
32	348	51
32	349	57
32	350	57
32	351	535
32	352	764
32	353	763
32	354	391
32	355	2026
32	356	93
32	357	252
32	358	66
32	359	43
32	360	191
32	361	379
32	362	331
32	363	472
32	364	559
32	365	942
32	366	405
32	367	1265
32	368	623
32	369	1
32	370	25
32	371	1
32	372	3265
32	373	1186
32	374	27
32	375	46
32	376	996
32	377	576
32	378	106
32	379	123
32	380	132
32	381	78
32	382	1949
32	383	881
33	0	65
33	1	1373
33	2	2436
33	3	1956
33	4	121
33	5	1474
33	6	1
33	7	653
33	8	524
33	9	639
33	10	969
33	11	285
33	12	232
33	13	2008
33	14	177
33	15	371
33	16	1318
33	17	976
33	18	557
33	19	549
33	20	10
33	21	119
33	22	1984
33	23	1500
33	24	184
33	25	620
33	26	98
33	27	130
33	28	1142
33	29	68
33	30	1234
33	31	250
33	32	15816
33	33	35
33	34	2064
33	35	360
33	36	878
33	37	105
33	38	357
33	39	31
33	40	812
33	41	611
33	42	76
33	43	159
33	44	589
33	45	126
33	46	1138
33	47	18
33	48	385
33	49	457
33	50	1057
33	51	621
33	52	7
33	53	987
33	54	1162
33	55	518
33	56	352
33	57	100
33	58	0
33	59	308
33	60	1946
33	61	297
33	62	212
33	63	4
33	64	240
33	65	3
33	66	4980
33	67	1313
33	68	639
33	69	4044
33	70	229
33	71	270
33	72	118
33	73	183
33	74	13
33	75	868
33	76	743
33	77	764
33	78	71
33	79	509
33	80	631
33	81	679
33	82	70
33	83	40
33	84	856
33	85	399
33	86	119
33	87	209
33	88	462
33	89	5
33	90	112
33	91	160
33	92	819
33	93	686
33	94	32
33	95	472
33	96	1371
33	97	241
33	98	266
33	99	59
33	100	187
33	101	997
33	102	277
33	103	95
33	104	45
33	105	1287
33	106	777
33	107	364
33	108	74
33	109	61
33	110	996
33	111	1252
33	112	0
33	113	413
33	114	0
33	115	141
33	116	105
33	117	54
33	118	743
33	119	2731
33	120	2333
33	121	11
33	122	1731
33	123	157
33	124	377
33	125	675
33	126	383
33	127	4625
33	128	44
33	129	167
33	130	311
33	131	69
33	132	2
33	133	143
33	134	625
33	135	149
33	136	9
33	137	176
33	138	381
33	139	76
33	140	182
33	141	900
33	142	9
33	143	19067
33	144	1895
33	145	1401
33	146	6
33	147	1014
33	148	192
33	149	991
33	150	238
33	151	402
33	152	3
33	153	10433
33	154	921
33	155	141
33	156	3
33	157	2053
33	158	34
33	159	2539
33	160	38
33	161	275
33	162	253
33	163	281
33	164	567
33	165	112
33	166	53
33	167	705
33	168	454
33	169	264
33	170	36
33	171	204
33	172	6119
33	173	357
33	174	134
33	175	327
33	176	226
33	177	203
33	178	498
33	179	280
33	180	846
33	181	119
33	182	868
33	183	573
33	184	104
33	185	88
33	186	2097
33	187	4967
33	188	744
33	189	575
33	190	1311
33	191	269
33	192	452
33	193	155
33	194	1101
33	195	0
33	196	1901
33	197	0
33	198	2848
33	199	227
33	200	436
33	201	964
33	202	511
33	203	575
33	204	672
33	205	51
33	206	169
33	207	218
33	208	1097
33	209	219
33	210	719
33	211	23
33	212	1156
33	213	37
33	214	225
33	215	1715
33	216	611
33	217	30
33	218	218
33	219	38
33	220	711
33	221	799
33	222	79
33	223	170
33	224	6
33	225	40
33	226	5
33	227	53
33	228	471
33	229	138
33	230	9
33	231	4
33	232	498
33	233	474
33	234	1948
33	235	133
33	236	178
33	237	50
33	238	6
33	239	6
33	240	501
33	241	210
33	242	597
33	243	102
33	244	2074
33	245	1132
33	246	292
33	247	543
33	248	670
33	249	62
33	250	8
33	251	939
33	252	1757
33	253	470
33	254	224
33	255	72
33	256	1360
33	257	1928
33	258	108
33	259	83
33	260	557
33	261	802
33	262	6
33	263	1583
33	264	419
33	265	60
33	266	129
33	267	4
33	268	677
33	269	20
33	270	381
33	271	158
33	272	1
33	273	5
33	274	241
33	275	94
33	276	1158
33	277	1064
33	278	64
33	279	7
33	280	179
33	281	835
33	282	659
33	283	4037
33	284	168
33	285	70
33	286	530
33	287	93
33	288	856
33	289	82
33	290	1321
33	291	1210
33	292	124
33	293	219
33	294	365
33	295	505
33	296	1
33	297	164
33	298	159
33	299	272
33	300	415
33	301	4340
33	302	156
33	303	197
33	304	46
33	305	689
33	306	3055
33	307	313
33	308	62
33	309	116
33	310	216
33	311	264
33	312	530
33	313	515
33	314	258
33	315	512
33	316	306
33	317	1252
33	318	1785
33	319	815
33	320	103
33	321	4
33	322	641
33	323	288
33	324	516
33	325	797
33	326	417
33	327	3283
33	328	359
33	329	78
33	330	14729
33	331	44
33	332	1274
33	333	214
33	334	43
33	335	52
33	336	0
33	337	1789
33	338	378
33	339	90
33	340	3980
33	341	31
33	342	129
33	343	1569
33	344	609
33	345	195
33	346	706
33	347	526
33	348	230
33	349	256
33	350	296
33	351	639
33	352	23
33	353	1
33	354	270
33	355	490
33	356	225
33	357	467
33	358	355
33	359	1300
33	360	532
33	361	17
33	362	1812
33	363	737
33	364	1005
33	365	605
33	366	212
33	367	389
33	368	260
33	369	14102
33	370	0
33	371	623
33	372	502
33	373	661
33	374	135
33	375	4
33	376	123
33	377	0
33	378	1614
33	379	5
33	380	339
33	381	787
33	382	0
33	383	41
34	0	326
34	1	1065
34	2	8
34	3	525
34	4	434
34	5	74
34	6	9358
34	7	449
34	8	282
34	9	205
34	10	22
34	11	93
34	12	574
34	13	413
34	14	110
34	15	62
34	16	228
34	17	738
34	18	621
34	19	272
34	20	427
34	21	570
34	22	427
34	23	0
34	24	2741
34	25	190
34	26	124
34	27	845
34	28	74
34	29	47
34	30	3
34	31	1375
34	32	1048
34	33	128
34	34	76
34	35	440
34	36	378
34	37	87
34	38	65
34	39	249
34	40	53
34	41	24
34	42	145
34	43	246
34	44	5332
34	45	363
34	46	2579
34	47	51
34	48	521
34	49	4407
34	50	576
34	51	10
34	52	2194
34	53	103
34	54	9366
34	55	373
34	56	115
34	57	353
34	58	233
34	59	14
34	60	338
34	61	206
34	62	191
34	63	102
34	64	101
34	65	29314
34	66	1259
34	67	1180
34	68	1359
34	69	40
34	70	1556
34	71	265
34	72	121
34	73	34
34	74	841
34	75	435
34	76	24
34	77	9
34	78	297
34	79	159
34	80	538
34	81	356
34	82	1572
34	83	43
34	84	643
34	85	56
34	86	108
34	87	12
34	88	187
34	89	187
34	90	939
34	91	57
34	92	653
34	93	74
34	94	344
34	95	1301
34	96	153
34	97	83
34	98	121
34	99	317
34	100	724
34	101	232
34	102	76
34	103	933
34	104	85
34	105	211
34	106	651
34	107	49
34	108	491
34	109	263
34	110	1611
34	111	623
34	112	1195
34	113	0
34	114	27
34	115	4220
34	116	323
34	117	823
34	118	21
34	119	1204
34	120	3961
34	121	9
34	122	715
34	123	264
34	124	53
34	125	2572
34	126	211
34	127	308
34	128	8022
34	129	122
34	130	22
34	131	39
34	132	92
34	133	29
34	134	418
34	135	83
34	136	187
34	137	361
34	138	5515
34	139	138
34	140	45
34	141	341
34	142	47
34	143	362
34	144	37
34	145	15
34	146	2611
34	147	255
34	148	6268
34	149	293
34	150	269
34	151	34
34	152	129
34	153	15
34	154	1157
34	155	882
34	156	116
34	157	105
34	158	713
34	159	204
34	160	601
34	161	330
34	162	147
34	163	239
34	164	2036
34	165	75
34	166	670
34	167	4956
34	168	411
34	169	52
34	170	58
34	171	54
34	172	168
34	173	700
34	174	178
34	175	49
34	176	49
34	177	443
34	178	2018
34	179	2056
34	180	34
34	181	5437
34	182	58
34	183	4479
34	184	114
34	185	776
34	186	632
34	187	1679
34	188	1150
34	189	710
34	190	138
34	191	19
34	192	716
34	193	344
34	194	17
34	195	40
34	196	465
34	197	1
34	198	182
34	199	120
34	200	351
34	201	578
34	202	0
34	203	358
34	204	276
34	205	33
34	206	846
34	207	350
34	208	170
34	209	88
34	210	514
34	211	201
34	212	153
34	213	689
34	214	118
34	215	1400
34	216	360
34	217	158
34	218	461
34	219	760
34	220	477
34	221	192
34	222	21
34	223	510
34	224	95
34	225	778
34	226	2
34	227	1078
34	228	833
34	229	1548
34	230	273
34	231	631
34	232	238
34	233	674
34	234	442
34	235	445
34	236	962
34	237	130
34	238	1
34	239	342
34	240	209
34	241	308
34	242	77
34	243	113
34	244	10
34	245	11328
34	246	543
34	247	724
34	248	361
34	249	749
34	250	1177
34	251	198
34	252	1077
34	253	805
34	254	60
34	255	585
34	256	82
34	257	279
34	258	210
34	259	206
34	260	209
34	261	440
34	262	2106
34	263	455
34	264	1816
34	265	448
34	266	59
34	267	16
34	268	2028
34	269	1872
34	270	8149
34	271	482
34	272	27
34	273	136
34	274	859
34	275	3441
34	276	73
34	277	651
34	278	1088
34	279	274
34	280	2352
34	281	497
34	282	127
34	283	44
34	284	42
34	285	153
34	286	366
34	287	38
34	288	976
34	289	67
34	290	884
34	291	117
34	292	3
34	293	465
34	294	74
34	295	15
34	296	576
34	297	279
34	298	15
34	299	1023
34	300	129
34	301	287
34	302	53
34	303	0
34	304	125
34	305	3
34	306	344
34	307	3569
34	308	297
34	309	178
34	310	13
34	311	929
34	312	123
34	313	330
34	314	2
34	315	46
34	316	549
34	317	1243
34	318	908
34	319	3591
34	320	0
34	321	47
34	322	230
34	323	2802
34	324	231
34	325	1067
34	326	391
34	327	12
34	328	253
34	329	257
34	330	38
34	331	246
34	332	666
34	333	623
34	334	85
34	335	1572
34	336	391
34	337	431
34	338	321
34	339	261
34	340	221
34	341	349
34	342	1349
34	343	639
34	344	82
34	345	3310
34	346	341
34	347	2
34	348	1249
34	349	405
34	350	51
34	351	3847
34	352	472
34	353	145
34	354	294
34	355	1026
34	356	1420
34	357	914
34	358	1178
34	359	42
34	360	69
34	361	96
34	362	48
34	363	263
34	364	23
34	365	304
34	366	1354
34	367	287
34	368	192
34	369	372
34	370	833
34	371	346
34	372	386
34	373	321
34	374	592
34	375	12
34	376	92
34	377	86
34	378	2
34	379	714
34	380	513
34	381	1361
34	382	1147
34	383	261
35	0	113
35	1	80
35	2	163
35	3	231
35	4	1571
35	5	717
35	6	32
35	7	29
35	8	211
35	9	1886
35	10	8
35	11	1295
35	12	260
35	13	154
35	14	481
35	15	59
35	16	202
35	17	409
35	18	1145
35	19	898
35	20	537
35	21	21
35	22	93
35	23	261
35	24	562
35	25	1473
35	26	163
35	27	55
35	28	50
35	29	14
35	30	140
35	31	27
35	32	0
35	33	529
35	34	1534
35	35	1089
35	36	366
35	37	113
35	38	6508
35	39	70
35	40	75
35	41	636
35	42	999
35	43	17
35	44	1368
35	45	1
35	46	1038
35	47	1096
35	48	4
35	49	1146
35	50	20
35	51	274
35	52	983
35	53	198
35	54	163
35	55	73
35	56	4
35	57	0
35	58	778
35	59	62
35	60	54
35	61	536
35	62	244
35	63	942
35	64	1466
35	65	0
35	66	48
35	67	45
35	68	139
35	69	149
35	70	11
35	71	86
35	72	143
35	73	1220
35	74	16
35	75	1168
35	76	69
35	77	283
35	78	74
35	79	1163
35	80	1243
35	81	75
35	82	51
35	83	23
35	84	439
35	85	126
35	86	540
35	87	413
35	88	1916
35	89	0
35	90	87
35	91	382
35	92	524
35	93	1014
35	94	380
35	95	198
35	96	14
35	97	173
35	98	2313
35	99	138
35	100	3412
35	101	24
35	102	280
35	103	2740
35	104	748
35	105	434
35	106	450
35	107	1657
35	108	88
35	109	58
35	110	3550
35	111	57
35	112	770
35	113	2960
35	114	194
35	115	311
35	116	1031
35	117	1047
35	118	1108
35	119	364
35	120	33
35	121	751
35	122	217
35	123	60
35	124	3431
35	125	497
35	126	73
35	127	1619
35	128	7
35	129	225
35	130	71
35	131	320
35	132	171
35	133	471
35	134	183
35	135	184
35	136	1375
35	137	1
35	138	15
35	139	688
35	140	333
35	141	1001
35	142	4
35	143	0
35	144	2598
35	145	192
35	146	137
35	147	188
35	148	0
35	149	394
35	150	173
35	151	349
35	152	1113
35	153	1790
35	154	589
35	155	141
35	156	1
35	157	1203
35	158	339
35	159	360
35	160	176
35	161	152
35	162	1510
35	163	364
35	164	276
35	165	925
35	166	1027
35	167	165
35	168	80
35	169	11
35	170	386
35	171	618
35	172	921
35	173	174
35	174	381
35	175	9
35	176	819
35	177	300
35	178	979
35	179	102
35	180	272
35	181	42
35	182	1336
35	183	136
35	184	184
35	185	97
35	186	38
35	187	19
35	188	9
35	189	1
35	190	343
35	191	1773
35	192	25
35	193	760
35	194	245
35	195	7647
35	196	414
35	197	139
35	198	330
35	199	618
35	200	491
35	201	139
35	202	2
35	203	584
35	204	67
35	205	808
35	206	306
35	207	247
35	208	92
35	209	2046
35	210	595
35	211	650
35	212	248
35	213	218
35	214	167
35	215	26410
35	216	124
35	217	141
35	218	315
35	219	79
35	220	92
35	221	27
35	222	17
35	223	279
35	224	530
35	225	310
35	226	95
35	227	2333
35	228	23
35	229	2226
35	230	177
35	231	22
35	232	471
35	233	986
35	234	1165
35	235	7993
35	236	383
35	237	84
35	238	18
35	239	1719
35	240	1256
35	241	69
35	242	625
35	243	2334
35	244	2185
35	245	75
35	246	761
35	247	267
35	248	630
35	249	104
35	250	496
35	251	406
35	252	1842
35	253	203
35	254	991
35	255	1248
35	256	74
35	257	1
35	258	2810
35	259	6254
35	260	155
35	261	185
35	262	380
35	263	36
35	264	48
35	265	388
35	266	1230
35	267	297
35	268	385
35	269	3
35	270	171
35	271	1222
35	272	6
35	273	1534
35	274	548
35	275	873
35	276	109
35	277	699
35	278	20
35	279	236
35	280	1062
35	281	6275
35	282	9
35	283	17
35	284	645
35	285	9
35	286	2300
35	287	831
35	288	31
35	289	519
35	290	5
35	291	0
35	292	1810
35	293	2708
35	294	277
35	295	435
35	296	472
35	297	0
35	298	278
35	299	169
35	300	102
35	301	0
35	302	65
35	303	1258
35	304	721
35	305	242
35	306	4413
35	307	226
35	308	7
35	309	300
35	310	565
35	311	862
35	312	1622
35	313	1693
35	314	179
35	315	746
35	316	519
35	317	5180
35	318	13
35	319	98
35	320	130
35	321	981
35	322	5225
35	323	22
35	324	3309
35	325	192
35	326	140
35	327	411
35	328	115
35	329	189
35	330	982
35	331	47
35	332	812
35	333	563
35	334	628
35	335	15905
35	336	2022
35	337	398
35	338	481
35	339	1066
35	340	343
35	341	322
35	342	11
35	343	50
35	344	1763
35	345	155
35	346	1042
35	347	1762
35	348	290
35	349	45
35	350	319
35	351	205
35	352	314
35	353	323
35	354	1476
35	355	2230
35	356	3412
35	357	89
35	358	49
35	359	317
35	360	182
35	361	190
35	362	212
35	363	190
35	364	9
35	365	4465
35	366	239
35	367	139
35	368	253
35	369	122
35	370	1164
35	371	432
35	372	666
35	373	886
35	374	77
35	375	0
35	376	877
35	377	531
35	378	1157
35	379	299
35	380	2
35	381	1321
35	382	787
35	383	395
36	0	295
36	1	4143
36	2	41
36	3	1563
36	4	413
36	5	165
36	6	318
36	7	1251
36	8	1306
36	9	2006
36	10	54
36	11	168
36	12	779
36	13	829
36	14	934
36	15	304
36	16	1199
36	17	896
36	18	501
36	19	93
36	20	2
36	21	70
36	22	2211
36	23	471
36	24	278
36	25	415
36	26	958
36	27	3533
36	28	943
36	29	50
36	30	260
36	31	34
36	32	441
36	33	13
36	34	95
36	35	85
36	36	4565
36	37	480
36	38	16
36	39	3
36	40	127
36	41	712
36	42	852
36	43	367
36	44	63
36	45	519
36	46	141
36	47	670
36	48	29
36	49	0
36	50	395
36	51	364
36	52	5684
36	53	11
36	54	81
36	55	674
36	56	2871
36	57	693
36	58	616
36	59	1371
36	60	581
36	61	311
36	62	16
36	63	1511
36	64	1199
36	65	6471
36	66	30
36	67	663
36	68	0
36	69	465
36	70	161
36	71	185
36	72	349
36	73	849
36	74	633
36	75	0
36	76	714
36	77	212
36	78	156
36	79	443
36	80	3764
36	81	3
36	82	256
36	83	40
36	84	118
36	85	495
36	86	0
36	87	1555
36	88	7
36	89	19
36	90	94
36	91	284
36	92	13
36	93	229
36	94	659
36	95	865
36	96	186
36	97	144
36	98	4833
36	99	3791
36	100	603
36	101	2328
36	102	61
36	103	1329
36	104	388
36	105	21
36	106	1097
36	107	80
36	108	148
36	109	313
36	110	29
36	111	550
36	112	310
36	113	1250
36	114	4171
36	115	1
36	116	118
36	117	42
36	118	221
36	119	400
36	120	17
36	121	406
36	122	1
36	123	1098
36	124	295
36	125	534
36	126	8509
36	127	127
36	128	75
36	129	254
36	130	754
36	131	0
36	132	117
36	133	8455
36	134	350
36	135	341
36	136	121
36	137	15
36	138	947
36	139	3127
36	140	53
36	141	760
36	142	913
36	143	85
36	144	154
36	145	70
36	146	1803
36	147	297
36	148	164
36	149	218
36	150	230
36	151	78
36	152	2779
36	153	7
36	154	89
36	155	25
36	156	75
36	157	1675
36	158	2481
36	159	156
36	160	1511
36	161	215
36	162	267
36	163	5992
36	164	323
36	165	322
36	166	476
36	167	63
36	168	30
36	169	1347
36	170	540
36	171	1162
36	172	1289
36	173	516
36	174	253
36	175	64
36	176	318
36	177	382
36	178	1452
36	179	1293
36	180	54
36	181	106
36	182	485
36	183	974
36	184	105
36	185	152
36	186	275
36	187	955
36	188	91
36	189	2315
36	190	857
36	191	1875
36	192	2213
36	193	17
36	194	739
36	195	1959
36	196	338
36	197	1838
36	198	9
36	199	245
36	200	306
36	201	624
36	202	663
36	203	113
36	204	1331
36	205	215
36	206	0
36	207	30
36	208	670
36	209	393
36	210	513
36	211	886
36	212	846
36	213	573
36	214	4237
36	215	187
36	216	78
36	217	379
36	218	17
36	219	245
36	220	1678
36	221	514
36	222	151
36	223	1697
36	224	199
36	225	103
36	226	2
36	227	1729
36	228	390
36	229	1932
36	230	149
36	231	1974
36	232	847
36	233	2182
36	234	1176
36	235	39
36	236	175
36	237	0
36	238	1298
36	239	296
36	240	129
36	241	11
36	242	599
36	243	1
36	244	2657
36	245	151
36	246	418
36	247	86
36	248	654
36	249	43
36	250	107
36	251	4
36	252	1573
36	253	1263
36	254	0
36	255	435
36	256	20
36	257	185
36	258	2023
36	259	278
36	260	16
36	261	1
36	262	510
36	263	33
36	264	463
36	265	320
36	266	28
36	267	36
36	268	794
36	269	135
36	270	1800
36	271	486
36	272	846
36	273	1620
36	274	174
36	275	42
36	276	329
36	277	363
36	278	33
36	279	5507
36	280	416
36	281	983
36	282	18
36	283	397
36	284	928
36	285	76
36	286	11
36	287	1073
36	288	1389
36	289	761
36	290	392
36	291	433
36	292	167
36	293	490
36	294	1845
36	295	31
36	296	180
36	297	10
36	298	145
36	299	118
36	300	180
36	301	4884
36	302	3039
36	303	1208
36	304	104
36	305	5873
36	306	807
36	307	346
36	308	265
36	309	11
36	310	772
36	311	123
36	312	149
36	313	2849
36	314	669
36	315	5967
36	316	237
36	317	1341
36	318	243
36	319	327
36	320	167
36	321	0
36	322	4641
36	323	398
36	324	1022
36	325	466
36	326	3
36	327	1226
36	328	254
36	329	163
36	330	125
36	331	23
36	332	82
36	333	278
36	334	741
36	335	0
36	336	378
36	337	994
36	338	2
36	339	1980
36	340	116
36	341	5
36	342	867
36	343	741
36	344	57
36	345	1473
36	346	755
36	347	3
36	348	47
36	349	441
36	350	1721
36	351	14
36	352	19
36	353	2851
36	354	1811
36	355	841
36	356	177
36	357	244
36	358	26
36	359	4444
36	360	105
36	361	1556
36	362	1117
36	363	1363
36	364	513
36	365	162
36	366	164
36	367	1665
36	368	33
36	369	1103
36	370	0
36	371	334
36	372	1134
36	373	528
36	374	969
36	375	85
36	376	257
36	377	341
36	378	340
36	379	113
36	380	342
36	381	569
36	382	48
36	383	39
37	0	179
37	1	121
37	2	133
37	3	243
37	4	1970
37	5	1692
37	6	361
37	7	34
37	8	610
37	9	472
37	10	597
37	11	118
37	12	303
37	13	2382
37	14	513
37	15	307
37	16	533
37	17	4
37	18	379
37	19	151
37	20	522
37	21	166
37	22	92
37	23	887
37	24	131
37	25	1
37	26	299
37	27	179
37	28	1896
37	29	150
37	30	401
37	31	474
37	32	654
37	33	72
37	34	194
37	35	770
37	36	468
37	37	415
37	38	396
37	39	570
37	40	1350
37	41	11
37	42	462
37	43	1453
37	44	113
37	45	592
37	46	248
37	47	163
37	48	27
37	49	1096
37	50	676
37	51	4335
37	52	350
37	53	491
37	54	95
37	55	1546
37	56	1105
37	57	29
37	58	538
37	59	304
37	60	119
37	61	632
37	62	50
37	63	7891
37	64	1083
37	65	137
37	66	386
37	67	455
37	68	773
37	69	7491
37	70	347
37	71	337
37	72	843
37	73	3056
37	74	255
37	75	19
37	76	321
37	77	572
37	78	3414
37	79	169
37	80	18
37	81	170
37	82	389
37	83	1157
37	84	373
37	85	1464
37	86	62
37	87	164
37	88	1
37	89	3618
37	90	100
37	91	124
37	92	82
37	93	360
37	94	108
37	95	2765
37	96	21
37	97	1477
37	98	1016
37	99	46
37	100	774
37	101	552
37	102	809
37	103	155
37	104	90
37	105	183
37	106	513
37	107	315
37	108	2
37	109	87
37	110	48
37	111	168
37	112	2171
37	113	214
37	114	63
37	115	598
37	116	622
37	117	278
37	118	275
37	119	548
37	120	0
37	121	2465
37	122	30
37	123	355
37	124	510
37	125	196
37	126	1247
37	127	504
37	128	2678
37	129	265
37	130	281
37	131	333
37	132	682
37	133	63
37	134	222
37	135	67
37	136	485
37	137	70
37	138	1079
37	139	13
37	140	115
37	141	388
37	142	47
37	143	33
37	144	1048
37	145	105
37	146	0
37	147	140
37	148	1908
37	149	24
37	150	55
37	151	260
37	152	1
37	153	14
37	154	123
37	155	311
37	156	762
37	157	383
37	158	543
37	159	17
37	160	2930
37	161	152
37	162	1187
37	163	992
37	164	20
37	165	161
37	166	230
37	167	1324
37	168	964
37	169	373
37	170	516
37	171	1648
37	172	3162
37	173	449
37	174	1685
37	175	172
37	176	409
37	177	2832
37	178	188
37	179	141
37	180	60
37	181	1767
37	182	534
37	183	30
37	184	31
37	185	48
37	186	1258
37	187	487
37	188	304
37	189	78
37	190	403
37	191	609
37	192	1351
37	193	0
37	194	1007
37	195	324
37	196	1405
37	197	174
37	198	642
37	199	6
37	200	0
37	201	57
37	202	77
37	203	78
37	204	579
37	205	164
37	206	621
37	207	276
37	208	722
37	209	206
37	210	20
37	211	7
37	212	203
37	213	73
37	214	2258
37	215	40
37	216	217
37	217	2151
37	218	7638
37	219	906
37	220	32
37	221	2
37	222	2
37	223	753
37	224	537
37	225	2582
37	226	34
37	227	387
37	228	1969
37	229	1
37	230	2497
37	231	73
37	232	472
37	233	1080
37	234	1668
37	235	66
37	236	222
37	237	423
37	238	2405
37	239	629
37	240	3181
37	241	164
37	242	93
37	243	1236
37	244	8
37	245	346
37	246	507
37	247	455
37	248	841
37	249	22
37	250	1043
37	251	192
37	252	394
37	253	372
37	254	399
37	255	427
37	256	130
37	257	252
37	258	5420
37	259	684
37	260	1330
37	261	73
37	262	289
37	263	1295
37	264	96
37	265	579
37	266	399
37	267	793
37	268	1893
37	269	542
37	270	581
37	271	52
37	272	595
37	273	570
37	274	7
37	275	500
37	276	275
37	277	4
37	278	129
37	279	1631
37	280	225
37	281	142
37	282	4828
37	283	595
37	284	43
37	285	1056
37	286	210
37	287	1480
37	288	117
37	289	103
37	290	6
37	291	7
37	292	309
37	293	6
37	294	19
37	295	1482
37	296	1861
37	297	198
37	298	3097
37	299	275
37	300	63
37	301	2860
37	302	379
37	303	560
37	304	84
37	305	137
37	306	0
37	307	358
37	308	6528
37	309	3
37	310	1896
37	311	112
37	312	4
37	313	36
37	314	42
37	315	1280
37	316	308
37	317	1289
37	318	516
37	319	118
37	320	137
37	321	796
37	322	1064
37	323	96
37	324	689
37	325	39
37	326	190
37	327	830
37	328	391
37	329	121
37	330	1114
37	331	542
37	332	27
37	333	920
37	334	349
37	335	222
37	336	110
37	337	23
37	338	354
37	339	96
37	340	17
37	341	1146
37	342	0
37	343	854
37	344	530
37	345	917
37	346	387
37	347	33
37	348	354
37	349	458
37	350	1877
37	351	91
37	352	355
37	353	81
37	354	10843
37	355	926
37	356	0
37	357	434
37	358	7317
37	359	22071
37	360	1750
37	361	326
37	362	7
37	363	56
37	364	194
37	365	1358
37	366	1929
37	367	93
37	368	87
37	369	1538
37	370	851
37	371	90
37	372	1177
37	373	554
37	374	951
37	375	568
37	376	0
37	377	3585
37	378	25
37	379	9
37	380	2130
37	381	263
37	382	72
37	383	0
38	0	701
38	1	160
38	2	143
38	3	0
38	4	84
38	5	0
38	6	1085
38	7	238
38	8	362
38	9	116
38	10	10
38	11	249
38	12	1389
38	13	401
38	14	89
38	15	122
38	16	802
38	17	2987
38	18	89
38	19	274
38	20	488
38	21	2538
38	22	20
38	23	742
38	24	987
38	25	168
38	26	1296
38	27	2
38	28	309
38	29	214
38	30	1577
38	31	1974
38	32	22
38	33	977
38	34	191
38	35	1237
38	36	20
38	37	90
38	38	41
38	39	81
38	40	388
38	41	223
38	42	6
38	43	1144
38	44	94
38	45	42
38	46	11
38	47	29
38	48	87
38	49	98
38	50	1583
38	51	342
38	52	7
38	53	70
38	54	176
38	55	1152
38	56	450
38	57	34
38	58	2386
38	59	1985
38	60	485
38	61	145
38	62	217
38	63	273
38	64	742
38	65	28
38	66	9
38	67	1690
38	68	305
38	69	3284
38	70	2965
38	71	2938
38	72	0
38	73	11405
38	74	149
38	75	1166
38	76	249
38	77	0
38	78	18
38	79	2127
38	80	346
38	81	94
38	82	642
38	83	886
38	84	48
38	85	875
38	86	1049
38	87	816
38	88	16451
38	89	368
38	90	418
38	91	1996
38	92	3
38	93	796
38	94	414
38	95	250
38	96	554
38	97	2227
38	98	4085
38	99	63
38	100	394
38	101	516
38	102	9
38	103	1973
38	104	122
38	105	187
38	106	0
38	107	41
38	108	659
38	109	112
38	110	78
38	111	0
38	112	333
38	113	115
38	114	14
38	115	595
38	116	426
38	117	4205
38	118	761
38	119	102
38	120	86
38	121	115
38	122	1048
38	123	376
38	124	84
38	125	2655
38	126	226
38	127	108
38	128	18
38	129	5
38	130	94
38	131	10260
38	132	69
38	133	657
38	134	13290
38	135	2
38	136	10
38	137	19
38	138	540
38	139	538
38	140	1394
38	141	1143
38	142	6
38	143	0
38	144	851
38	145	360
38	146	171
38	147	459
38	148	993
38	149	106
38	150	603
38	151	301
38	152	1122
38	153	2364
38	154	94
38	155	1307
38	156	31
38	157	3910
38	158	384
38	159	586
38	160	542
38	161	1
38	162	1251
38	163	84
38	164	9
38	165	133
38	166	4
38	167	283
38	168	200
38	169	781
38	170	2230
38	171	1455
38	172	208
38	173	102
38	174	212
38	175	7
38	176	2569
38	177	615
38	178	462
38	179	161
38	180	0
38	181	2357
38	182	209
38	183	849
38	184	1
38	185	89
38	186	3417
38	187	332
38	188	204
38	189	339
38	190	31
38	191	33
38	192	2389
38	193	927
38	194	189
38	195	2492
38	196	2141
38	197	748
38	198	169
38	199	1184
38	200	2
38	201	1019
38	202	1050
38	203	121
38	204	189
38	205	723
38	206	256
38	207	390
38	208	2828
38	209	487
38	210	472
38	211	697
38	212	756
38	213	102
38	214	45
38	215	414
38	216	498
38	217	1308
38	218	213
38	219	636
38	220	187
38	221	19
38	222	94
38	223	0
38	224	882
38	225	314
38	226	965
38	227	1673
38	228	182
38	229	169
38	230	3690
38	231	1971
38	232	497
38	233	203
38	234	376
38	235	118
38	236	1233
38	237	816
38	238	0
38	239	332
38	240	250
38	241	61
38	242	900
38	243	40
38	244	8
38	245	514
38	246	295
38	247	161
38	248	1
38	249	2158
38	250	469
38	251	23
38	252	1451
38	253	376
38	254	1309
38	255	42
38	256	90
38	257	868
38	258	794
38	259	141
38	260	826
38	261	414
38	262	20
38	263	800
38	264	886
38	265	1721
38	266	0
38	267	25
38	268	6741
38	269	248
38	270	215
38	271	1036
38	272	63
38	273	1719
38	274	230
38	275	0
38	276	243
38	277	1290
38	278	1222
38	279	6
38	280	1565
38	281	751
38	282	1003
38	283	1178
38	284	3
38	285	708
38	286	607
38	287	422
38	288	1854
38	289	173
38	290	83
38	291	146
38	292	216
38	293	164
38	294	125
38	295	316
38	296	2632
38	297	0
38	298	3618
38	299	76
38	300	151
38	301	224
38	302	2118
38	303	416
38	304	0
38	305	579
38	306	94
38	307	405
38	308	511
38	309	987
38	310	615
38	311	275
38	312	1205
38	313	31
38	314	1178
38	315	707
38	316	700
38	317	103
38	318	616
38	319	444
38	320	492
38	321	143
38	322	396
38	323	494
38	324	234
38	325	562
38	326	1623
38	327	598
38	328	8484
38	329	433
38	330	0
38	331	20
38	332	267
38	333	455
38	334	74
38	335	526
38	336	53
38	337	60
38	338	6
38	339	238
38	340	1295
38	341	0
38	342	198
38	343	22
38	344	438
38	345	707
38	346	49
38	347	754
38	348	25
38	349	63
38	350	148
38	351	335
38	352	412
38	353	847
38	354	212
38	355	650
38	356	27
38	357	413
38	358	0
38	359	54
38	360	65
38	361	639
38	362	448
38	363	896
38	364	5200
38	365	1706
38	366	264
38	367	141
38	368	1718
38	369	2095
38	370	510
38	371	197
38	372	0
38	373	710
38	374	43
38	375	1089
38	376	1002
38	377	25
38	378	434
38	379	37
38	380	549
38	381	18
38	382	154
38	383	77
39	0	9270
39	1	219
39	2	182
39	3	248
39	4	796
39	5	118
39	6	4548
39	7	728
39	8	3163
39	9	7
39	10	1774
39	11	38
39	12	184
39	13	363
39	14	1994
39	15	1071
39	16	0
39	17	0
39	18	7875
39	19	69
39	20	3675
39	21	233
39	22	1
39	23	111
39	24	518
39	25	888
39	26	2207
39	27	1039
39	28	239
39	29	2
39	30	1851
39	31	119
39	32	1226
39	33	661
39	34	2
39	35	492
39	36	843
39	37	189
39	38	339
39	39	441
39	40	41
39	41	355
39	42	152
39	43	2
39	44	165
39	45	686
39	46	0
39	47	817
39	48	367
39	49	8
39	50	1850
39	51	463
39	52	51
39	53	2480
39	54	5991
39	55	1064
39	56	856
39	57	2
39	58	6102
39	59	690
39	60	285
39	61	789
39	62	890
39	63	21
39	64	222
39	65	783
39	66	2417
39	67	157
39	68	82
39	69	3193
39	70	234
39	71	716
39	72	1352
39	73	9
39	74	0
39	75	336
39	76	42
39	77	1
39	78	694
39	79	1
39	80	7254
39	81	148
39	82	84
39	83	1679
39	84	1641
39	85	1577
39	86	529
39	87	1325
39	88	57
39	89	0
39	90	45
39	91	1081
39	92	1254
39	93	332
39	94	84
39	95	180
39	96	2276
39	97	1694
39	98	662
39	99	1216
39	100	87
39	101	712
39	102	724
39	103	145
39	104	12
39	105	20
39	106	100
39	107	358
39	108	0
39	109	2292
39	110	514
39	111	247
39	112	2948
39	113	1
39	114	0
39	115	241
39	116	384
39	117	58
39	118	823
39	119	1264
39	120	117
39	121	58
39	122	1263
39	123	113
39	124	872
39	125	1192
39	126	728
39	127	635
39	128	60
39	129	123
39	130	452
39	131	1454
39	132	12
39	133	6654
39	134	87
39	135	157
39	136	1371
39	137	0
39	138	64
39	139	873
39	140	37
39	141	948
39	142	1298
39	143	0
39	144	2884
39	145	1474
39	146	1737
39	147	276
39	148	50
39	149	2008
39	150	307
39	151	633
39	152	622
39	153	125
39	154	7
39	155	9399
39	156	755
39	157	69
39	158	53
39	159	576
39	160	369
39	161	169
39	162	7
39	163	46
39	164	966
39	165	72
39	166	211
39	167	474
39	168	1560
39	169	243
39	170	369
39	171	1
39	172	240
39	173	153
39	174	28
39	175	50
39	176	351
39	177	47
39	178	467
39	179	441
39	180	6
39	181	713
39	182	547
39	183	48
39	184	250
39	185	2491
39	186	33
39	187	326
39	188	195
39	189	2119
39	190	408
39	191	244
39	192	277
39	193	113
39	194	1203
39	195	497
39	196	727
39	197	367
39	198	1690
39	199	195
39	200	641
39	201	153
39	202	1668
39	203	607
39	204	806
39	205	753
39	206	259
39	207	1993
39	208	1155
39	209	404
39	210	2148
39	211	4
39	212	701
39	213	410
39	214	97
39	215	1852
39	216	59
39	217	30
39	218	4309
39	219	0
39	220	655
39	221	8393
39	222	58
39	223	869
39	224	565
39	225	0
39	226	220
39	227	9
39	228	367
39	229	238
39	230	140
39	231	738
39	232	556
39	233	0
39	234	77
39	235	846
39	236	181
39	237	958
39	238	162
39	239	2
39	240	248
39	241	63
39	242	761
39	243	346
39	244	110
39	245	2
39	246	1836
39	247	629
39	248	18
39	249	0
39	250	1123
39	251	4
39	252	1201
39	253	71
39	254	271
39	255	745
39	256	1469
39	257	158
39	258	68
39	259	23
39	260	203
39	261	2102
39	262	216
39	263	172
39	264	169
39	265	64
39	266	684
39	267	18
39	268	2763
39	269	91
39	270	0
39	271	143
39	272	573
39	273	409
39	274	52
39	275	521
39	276	324
39	277	3627
39	278	13
39	279	882
39	280	1
39	281	814
39	282	240
39	283	1324
39	284	1517
39	285	780
39	286	405
39	287	11
39	288	11
39	289	952
39	290	345
39	291	115
39	292	412
39	293	1357
39	294	1021
39	295	585
39	296	2672
39	297	14
39	298	1064
39	299	0
39	300	23
39	301	64
39	302	186
39	303	4043
39	304	768
39	305	13
39	306	288
39	307	837
39	308	800
39	309	53
39	310	76
39	311	465
39	312	1536
39	313	1214
39	314	921
39	315	43
39	316	49
39	317	337
39	318	263
39	319	631
39	320	0
39	321	1
39	322	1018
39	323	44
39	324	277
39	325	53
39	326	2803
39	327	119
39	328	557
39	329	312
39	330	853
39	331	176
39	332	41
39	333	4
39	334	958
39	335	123
39	336	1780
39	337	54
39	338	1
39	339	149
39	340	0
39	341	539
39	342	16
39	343	100
39	344	113
39	345	0
39	346	847
39	347	0
39	348	2786
39	349	4503
39	350	512
39	351	505
39	352	1460
39	353	9
39	354	1233
39	355	802
39	356	91
39	357	1599
39	358	275
39	359	845
39	360	504
39	361	755
39	362	744
39	363	3184
39	364	251
39	365	1841
39	366	55
39	367	798
39	368	989
39	369	322
39	370	1055
39	371	323
39	372	70
39	373	95
39	374	1131
39	375	538
39	376	0
39	377	851
39	378	227
39	379	2951
39	380	248
39	381	805
39	382	587
39	383	220
