# tools/flow/routes.py build --sets prose,code,korean --groups 1,2,8: the id-prefix routing of the V4.1 prompt, placement (a) (read by tools/flow/ds41_prefill.py; the format is routes.py's docstring)
# n_l	0,0,71,71,71,71,71,71,71,71,70,70,70,70,70,70,70,70,70,70,70,70,70,70,70,70,70,70,70,70,70,70,70,70,70,70,70,70,70,70
# groups	1,2,8
# set	prose	model	/models/DeepSeek-V4.1-Flash-Q3_K_M-engramQ8-tokembdBF16-attnQ8/DeepSeek-V4.1-Flash-Q3_K_M-00001-of-00009.gguf	build	c10fbbcc	ids_md5	cea691301aa62757e947739f7fde75f6	tokens	50000	chunk	2048
# set	code	model	/models/DeepSeek-V4.1-Flash-Q3_K_M-engramQ8-tokembdBF16-attnQ8/DeepSeek-V4.1-Flash-Q3_K_M-00001-of-00009.gguf	build	c10fbbcc	ids_md5	85b35ef0b0cf9dfd3c70d2d568a6118d	tokens	50000	chunk	2048
# set	korean	model	/models/DeepSeek-V4.1-Flash-Q3_K_M-engramQ8-tokembdBF16-attnQ8/DeepSeek-V4.1-Flash-Q3_K_M-00001-of-00009.gguf	build	c10fbbcc	ids_md5	3d01f27721be65c45f6d558c5b5bf5ba	tokens	50000	chunk	2048
# set	G	windows	layer	list	totals
prose	1	96	0	host	13931,10102,7988,6790,6029,5446,5103,4719,4372,4129,3895,3668,3514,3346,3239,3120,3008,2910,2818,2739,2665,2598,2534,2475,2412,2362,2301,2256,2200,2154,2105,2068,2024,1984,1940,1906,1874,1846,1824,1796,1766,1741,1723,1694,1671,1652,1621,1599,1584,1565,1542,1518,1502,1478,1463,1444,1427,1410,1386,1368,1356,1342,1325,1314,1298,1282,1266,1249,1239,1228,1208,1194,1181,1172,1161,1147,1136,1129,1123,1109,1096,1081,1063,1058,1047,1039,1028,1018,1004,998,985,973,959,953,942,935,924,913,907,896,886,877,866,862,859,851,836,829,821,811,804,795,788,781,773,768,762,757,748,741,732,727,716,709,703,695,691,687,677,666,660,655,650,645,636,633,628,625,618,613,609,605,588,585,580,576,567,563,557,555,548,543,539,535,526,517,511,507,505,500,494,488,486,485,481,478,472,466,458,452,448,439,434,430,424,420,417,413,409,408,403,398,395,389,384,377,376,373,369,365,363,360,358,351,349,346,342,339,337,335,330,325,321,313,309,305,302,294,292,291,288,282,280,279,278,273,267,266,262,262,259,254,253,250,246,244,242,240,239,235,228,223,219,216,213,211,210,205,201,199,197,194,193,190,187,185,179,174,173,171,169,164,162,162,160,158,154,152,150,144,142,139,137,133,132,127,127,126,123,119,118,116,116,112,110,108,103,98,97,95,93,92,90,90,85,83,83,81,79,77,75,73,71,69,69,67,65,65,63,59,57,56,53,50,45,41,38,36,35,35,30,29,27,21,19,19,15,15,7,6,5,4,3,3,2
prose	1	96	1	host	15909,10578,8785,7672,6882,6266,5697,5240,4845,4474,4213,3987,3815,3658,3513,3382,3264,3138,3008,2919,2834,2757,2692,2613,2550,2488,2419,2354,2306,2251,2203,2158,2119,2083,2050,1996,1959,1925,1895,1864,1824,1791,1767,1737,1700,1675,1649,1618,1593,1569,1549,1527,1502,1483,1460,1433,1415,1393,1373,1352,1336,1314,1297,1282,1263,1247,1227,1215,1202,1188,1171,1155,1140,1130,1120,1103,1084,1068,1056,1045,1036,1016,1001,989,975,966,955,944,934,921,906,892,882,874,864,848,836,829,816,813,805,793,780,772,760,755,747,738,734,731,723,718,704,696,684,676,667,662,654,650,648,640,633,628,621,610,604,599,595,588,583,578,569,562,552,549,544,537,531,529,526,519,517,510,506,498,493,487,478,476,472,461,457,451,451,447,442,438,434,432,427,422,418,410,407,402,398,394,393,388,382,379,371,368,362,360,354,350,349,342,339,336,332,329,327,323,321,319,317,315,314,311,305,301,295,292,287,284,282,275,271,266,262,261,259,256,254,253,250,248,245,241,235,232,229,227,225,221,220,216,214,213,209,209,206,205,202,201,198,194,192,190,186,182,180,177,176,175,172,167,165,163,159,158,155,153,151,149,149,147,146,143,140,139,133,132,130,125,124,122,119,117,112,111,107,104,103,100,100,98,95,95,94,94,90,87,84,84,83,82,80,80,79,79,78,77,77,73,71,70,70,66,64,63,61,60,59,56,51,50,43,40,35,33,30,26,26,23,20,17,15,12,10,7,7,3,3,2
prose	1	96	2	host	23663,15512,12455,9825,8224,6975,6216,5584,5100,4690,4302,3960,3704,3505,3288,3116,2949,2822,2717,2607,2509,2412,2327,2249,2175,2111,2044,1987,1920,1867,1816,1773,1730,1686,1641,1599,1558,1522,1488,1446,1418,1381,1349,1319,1297,1271,1245,1224,1199,1168,1148,1131,1109,1087,1067,1046,1028,1004,993,970,950,932,921,901,886,876,860,848,832,818,805,787,775,767,750,742,729,717,709,699,684,677,660,644,635,627,617,611,602,593,582,569,559,550,537,527,520,513,509,502,497,491,483,477,470,459,450,444,434,428,422,414,410,401,396,387,383,377,373,366,361,354,349,345,340,332,326,321,317,308,307,300,297,293,287,280,278,273,270,265,260,257,249,245,239,233,230,227,224,220,215,214,210,204,203,200,196,195,187,183,178,175,171,167,163,158,156,153,151,148,148,146,146,143,140,135,131,127,121,118,111,108,104,102,101,98,96,93,93,90,88,88,84,84,82,82,82,81,79,79,79,78,75,71,71,70,67,66,64,61,58,55,49,45,43,40,38,36,31,29,28,21,17,16,15,12,10,8,5,4,3,3,3,2,2,2,2,2,2,1,1,1,1
prose	1	96	2	card	12920,4733,3287,2580,2199,1925,1741,1573,1431,1313,1178,1095,1011,936,855,796,742,701,659,607,562,529,491,459,430,401,373,341,319,303,279,253,234,211,200,179,164,151,137,124,112,100,87,76,63,58,54,46,31,24,16,14,8,4,2,1,1,0,0,0,0,0,0,0,0,0,0,0,0,0,0
prose	1	96	3	host	25694,18315,14564,11711,9805,8233,7011,6066,5307,4741,4290,3981,3697,3437,3268,3065,2900,2769,2639,2511,2392,2302,2195,2111,2030,1956,1888,1828,1784,1731,1680,1633,1592,1555,1517,1471,1441,1408,1372,1340,1300,1274,1247,1218,1192,1173,1147,1127,1104,1084,1058,1038,1020,994,977,961,943,928,913,894,874,860,843,831,820,801,784,772,760,747,729,724,713,702,685,677,661,647,637,634,621,607,599,589,579,570,559,548,545,533,523,517,507,501,489,480,470,458,451,447,442,436,431,421,413,408,398,389,381,369,365,362,354,348,344,339,331,325,324,317,311,308,304,300,293,286,282,278,271,264,257,254,247,241,236,234,230,229,224,220,217,215,209,204,200,195,188,183,180,174,171,171,165,163,154,151,149,148,147,144,139,137,135,132,130,128,126,124,118,115,113,110,104,102,97,94,93,93,89,87,85,84,82,79,79,78,76,70,69,67,62,61,58,56,55,54,51,49,48,48,44,42,39,34,32,28,26,23,22,21,15,12,9,8,6,4,3,2,2,2,2,1
prose	1	96	3	card	12282,6315,3906,3031,2429,2131,1812,1610,1417,1240,1133,1019,934,833,758,708,633,576,524,493,440,409,371,347,321,287,263,239,220,199,181,164,149,137,128,112,98,92,78,73,61,55,46,33,22,17,11,7,3,1,0,0,0,0,0,0,0,0,0,0,0,0,0,0,0,0,0,0,0,0,0
prose	1	96	4	host	28678,19844,13461,10807,8903,7242,6018,5211,4561,4161,3796,3516,3265,3047,2899,2734,2582,2474,2378,2279,2193,2105,2038,1975,1910,1859,1806,1759,1721,1672,1625,1593,1553,1512,1473,1439,1409,1377,1342,1312,1291,1259,1233,1212,1182,1157,1136,1117,1089,1069,1048,1032,1014,993,976,955,934,919,903,885,866,853,840,826,813,797,785,769,758,745,731,715,702,693,682,668,661,654,640,628,618,608,599,590,573,559,550,545,541,530,526,510,500,487,481,472,467,457,454,445,436,425,419,414,411,405,397,389,384,378,375,364,355,348,342,334,326,322,318,315,310,306,299,294,291,289,284,279,273,269,261,257,253,249,245,241,239,233,229,223,217,212,211,206,203,199,195,192,188,183,181,177,174,173,172,167,161,160,156,153,147,145,141,138,136,134,133,130,126,124,119,119,116,114,108,103,102,100,97,96,89,87,85,84,84,83,80,80,80,79,77,75,75,72,71,71,69,65,63,60,59,57,52,50,45,44,41,36,32,31,28,27,27,23,22,21,17,15,13,10,7,5,4,4,4,4,2,2,2,2,2,2,2,2,2,2,2,1
prose	1	96	4	card	11770,6703,4611,3578,3022,2502,2111,1853,1624,1455,1302,1184,1088,989,915,855,781,722,667,629,595,555,521,484,446,415,391,366,340,317,288,264,242,228,213,187,168,154,141,126,112,103,93,83,75,61,53,44,28,24,18,11,7,5,2,1,0,0,0,0,0,0,0,0,0,0,0,0,0,0,0
prose	1	96	5	host	24320,15767,12456,9889,8289,7120,6148,5523,5075,4673,4246,3932,3684,3477,3291,3115,2956,2807,2702,2568,2450,2378,2296,2215,2132,2067,2009,1959,1900,1842,1787,1737,1699,1651,1608,1566,1521,1485,1452,1405,1367,1340,1316,1272,1241,1222,1197,1168,1142,1118,1100,1077,1054,1032,1009,985,969,952,928,910,885,869,857,839,821,810,794,783,763,750,737,722,707,689,671,663,655,647,636,627,617,602,585,571,563,558,550,541,529,521,514,501,491,480,474,466,456,450,444,437,428,422,417,411,404,392,384,377,372,362,358,350,347,343,339,328,324,320,313,308,302,299,292,283,278,273,268,266,261,254,251,247,243,238,233,226,221,218,214,210,209,206,204,200,197,194,187,182,178,177,176,171,168,165,162,159,154,152,150,145,134,134,130,126,125,122,121,119,114,106,106,104,100,96,96,94,93,93,92,91,88,87,87,85,81,81,80,77,75,74,72,70,69,69,67,64,61,58,55,53,52,48,46,44,41,34,31,31,30,27,26,24,21,17,16,15,14,11,8,7,7,5,5,2,2
prose	1	96	5	card	11655,5907,4297,3515,2952,2586,2307,2016,1797,1628,1499,1382,1254,1159,1085,998,921,845,783,735,685,644,598,551,514,479,451,424,400,369,341,322,290,273,250,233,210,197,178,160,144,135,120,107,92,86,76,63,56,41,32,24,18,12,8,7,4,1,0,0,0,0,0,0,0,0,0,0,0,0,0
prose	1	96	6	host	29807,20602,14868,11682,9713,8475,7271,6379,5631,5028,4603,4264,3920,3660,3412,3154,2985,2769,2606,2490,2373,2261,2141,2046,1962,1877,1804,1726,1680,1606,1541,1491,1443,1394,1348,1300,1257,1207,1166,1130,1100,1069,1038,1003,975,941,920,894,864,843,829,802,779,759,740,722,700,679,667,649,628,615,598,586,578,559,543,527,512,503,490,475,462,448,438,430,424,413,403,388,376,367,357,347,337,332,328,316,309,305,299,294,289,285,281,273,263,256,248,244,238,232,225,221,214,209,203,198,194,188,182,176,174,171,170,166,160,155,149,146,145,139,134,130,129,127,123,119,116,111,106,102,101,100,95,95,94,92,87,83,81,78,78,74,72,70,69,68,66,62,56,56,54,52,51,50,49,47,42,40,39,32,31,30,27,27,26,26,20,20,20,20,15,13,9,8,8,7,7,7,5,5,5,4,3,3,3,3,3,3,3,2,2,1,1,1,1,1
prose	1	96	6	card	18083,11458,7646,5055,3622,2944,2371,1927,1664,1428,1265,1124,1004,883,799,709,644,583,528,480,440,393,359,327,303,278,242,210,193,171,155,136,118,106,93,73,66,57,46,38,26,17,11,7,2,1,1,0,0,0,0,0,0,0,0,0,0,0,0,0,0,0,0,0,0,0,0,0,0,0,0
prose	1	96	7	host	35271,22818,16183,12930,10040,8509,7167,6012,5153,4588,4140,3700,3415,3143,2949,2787,2612,2492,2362,2251,2157,2085,2012,1928,1868,1812,1743,1696,1628,1577,1527,1477,1436,1403,1360,1328,1297,1251,1218,1193,1162,1133,1106,1075,1058,1025,999,979,950,925,908,886,866,845,827,811,787,775,755,737,721,709,695,677,664,648,641,622,606,597,583,571,560,544,528,521,512,505,495,484,474,460,454,446,433,418,411,400,392,376,372,361,354,347,343,332,325,322,315,307,299,290,284,281,273,267,257,254,246,241,235,231,225,223,218,209,201,195,189,183,181,176,169,168,166,158,153,146,141,138,136,129,124,122,117,112,111,109,107,107,106,106,106,102,96,93,89,84,79,75,74,71,66,64,59,51,49,45,42,39,35,35,32,31,30,30,29,28,27,26,23,22,20,19,18,16,15,12,9,8,6,5,4,3,2,2,2,2,2,1,1,1,1
prose	1	96	7	card	17435,8370,4902,3645,2808,2294,1943,1645,1432,1260,1129,992,875,791,728,646,596,555,517,465,419,380,337,314,278,259,235,202,180,153,138,127,117,106,91,77,61,48,39,29,23,18,13,9,6,4,3,2,0,0,0,0,0,0,0,0,0,0,0,0,0,0,0,0,0,0,0,0,0,0,0
prose	1	96	8	host	34573,26476,19470,14671,11417,9256,7616,6581,5773,5217,4615,4246,3934,3629,3401,3198,3017,2853,2724,2587,2504,2407,2324,2219,2128,2053,1974,1907,1837,1785,1726,1676,1623,1578,1522,1471,1433,1389,1353,1306,1274,1240,1208,1174,1142,1117,1088,1059,1034,1013,991,967,945,920,899,877,863,840,824,803,784,764,746,721,713,699,685,664,654,641,619,602,590,582,564,550,540,524,508,499,488,481,473,460,446,433,424,414,407,393,383,375,363,352,345,340,333,330,318,310,302,298,292,281,271,262,256,247,242,238,229,225,221,217,214,209,203,199,190,185,179,174,168,166,163,160,150,146,140,135,133,128,124,121,120,118,115,108,106,103,101,97,95,93,91,85,85,83,80,79,76,74,72,65,64,60,57,53,50,49,44,44,43,41,40,38,35,34,31,28,25,24,22,17,15,14,13,12,11,9,7,5,5,4,4,4,4,4,4,4,3,2,2,1,1,1,1,1
prose	1	96	8	card	7501,4400,3131,2443,1935,1626,1406,1233,1058,935,832,759,657,584,522,456,406,370,332,290,262,248,210,185,163,150,142,125,111,93,82,70,62,53,47,38,23,18,14,12,7,5,5,3,0,0,0,0,0,0,0,0,0,0,0,0,0,0,0,0,0,0,0,0,0,0,0,0,0,0,0
prose	1	96	9	host	26654,19533,15824,13074,10483,8645,7367,6289,5569,5021,4565,4235,3884,3625,3383,3167,2998,2840,2687,2547,2413,2304,2196,2108,2016,1919,1850,1792,1729,1685,1624,1563,1511,1465,1413,1370,1326,1285,1245,1215,1173,1153,1128,1105,1071,1039,1010,990,967,942,916,891,866,849,832,811,788,774,758,733,719,702,688,673,661,649,630,622,606,591,576,566,555,546,531,520,505,495,486,473,460,446,444,437,422,414,407,397,386,376,368,360,352,341,331,325,321,317,310,301,295,287,280,272,266,261,251,247,240,233,229,226,221,218,210,206,201,195,188,183,179,173,166,163,155,151,149,142,140,137,134,130,129,125,124,118,117,112,110,105,103,101,101,98,92,87,84,79,76,73,73,69,67,64,60,59,57,55,54,51,48,46,45,45,42,40,39,39,37,34,30,27,26,25,21,19,17,16,15,13,13,12,12,10,9,9,7,5,5,4,4,3,3,2,2,1
prose	1	96	9	card	24063,8164,4757,3715,2993,2486,2022,1713,1404,1215,1074,940,819,726,613,530,466,413,354,309,274,241,214,188,159,149,128,108,92,80,70,58,41,34,29,22,16,6,3,2,2,0,0,0,0,0,0,0,0,0,0,0,0,0,0,0,0,0,0,0,0,0,0,0,0,0,0,0,0,0,0
prose	1	96	10	host	24642,15138,12150,10490,9132,7943,7102,6468,5927,5514,5157,4735,4459,4216,3980,3767,3598,3433,3275,3141,3004,2887,2767,2662,2575,2485,2396,2315,2241,2171,2092,2034,1963,1895,1840,1783,1733,1691,1645,1599,1559,1518,1465,1432,1400,1363,1318,1280,1250,1222,1193,1168,1142,1111,1078,1052,1022,1002,979,954,929,912,890,867,847,826,807,793,774,756,740,722,709,693,672,660,647,635,622,602,585,572,567,556,543,528,515,505,496,483,474,460,451,441,434,425,414,408,399,392,381,371,363,356,353,346,334,330,321,314,304,298,290,282,277,273,266,258,246,240,235,229,227,223,215,211,204,201,196,193,187,180,178,176,172,167,160,154,149,143,142,138,132,128,126,124,120,118,114,113,109,104,101,101,98,96,90,88,85,81,80,79,75,73,68,66,64,62,61,61,59,57,54,54,53,53,50,45,41,38,33,30,29,28,26,22,22,18,15,15,15,14,13,11,11,9,8,7,6,6,6,5,5,5,4,3,3,3,3,3,2,2,2,2,1
prose	1	96	10	card	8203,5051,3754,3101,2624,2290,1952,1758,1568,1400,1252,1124,1007,928,839,753,679,610,551,501,452,404,362,318,293,260,240,217,187,169,149,130,117,103,90,78,65,56,45,37,29,23,14,11,7,5,5,4,2,0,0,0,0,0,0,0,0,0,0,0,0,0,0,0,0,0,0,0,0,0
prose	1	96	11	host	28686,22353,14021,10556,9153,8005,7189,6423,5770,5346,4989,4621,4296,4045,3856,3673,3475,3299,3168,3031,2880,2773,2652,2543,2452,2364,2297,2224,2134,2066,1996,1935,1850,1790,1729,1681,1622,1564,1509,1469,1424,1376,1342,1305,1273,1232,1201,1176,1143,1118,1100,1063,1039,1006,975,952,928,912,888,869,855,834,813,792,773,754,742,724,710,694,672,664,652,631,617,606,594,587,571,558,545,535,518,509,498,490,478,469,456,445,432,425,413,404,398,387,380,373,363,354,346,339,332,326,319,312,300,288,283,280,273,267,264,262,254,248,236,229,226,222,220,214,208,204,199,191,188,184,175,173,168,162,159,156,153,148,145,142,138,135,132,127,121,118,113,111,108,105,102,99,98,95,94,92,92,89,86,84,79,78,77,75,74,72,71,70,67,61,57,57,54,47,41,39,36,35,34,32,31,26,23,22,18,17,17,15,13,12,11,11,10,9,8,7,7,6,5,5,4,4,4,4,4,2,2,2,2,1
prose	1	96	11	card	8347,4640,3695,2874,2349,1953,1692,1486,1317,1150,1025,929,837,754,685,615,560,515,475,442,399,366,342,306,275,249,225,208,184,158,146,131,119,98,80,76,68,59,48,39,30,21,15,8,5,3,0,0,0,0,0,0,0,0,0,0,0,0,0,0,0,0,0,0,0,0,0,0,0,0
prose	1	96	12	host	21274,15930,13079,11052,9324,7779,6888,6160,5481,5051,4707,4375,4062,3842,3679,3490,3308,3159,3024,2899,2760,2651,2551,2456,2373,2274,2190,2114,2048,1979,1914,1848,1797,1748,1686,1650,1601,1559,1515,1472,1437,1409,1376,1340,1305,1275,1248,1218,1187,1163,1129,1099,1076,1051,1026,1005,983,965,951,932,914,894,878,856,841,820,811,792,777,764,746,734,716,704,694,677,667,655,643,630,619,604,591,580,571,565,560,547,532,517,504,494,487,484,474,468,452,442,434,426,416,405,395,392,387,375,363,358,348,346,337,332,327,322,316,311,305,294,290,284,277,272,265,255,251,246,240,237,229,221,215,211,205,203,200,196,193,185,179,172,168,166,162,159,157,153,149,145,141,136,132,127,124,122,118,113,113,111,107,104,101,98,93,92,89,85,83,81,79,76,76,75,75,73,68,66,64,60,58,57,54,52,49,48,44,40,38,34,30,25,23,21,20,19,19,19,15,14,14,14,11,10,10,8,7,5,5,3,3,2,1,1,1,1,1,1
prose	1	96	12	card	9610,5736,4360,3621,2965,2565,2131,1892,1684,1503,1348,1211,1088,1000,913,842,776,709,662,615,561,515,482,435,410,371,342,315,286,261,241,219,200,179,165,146,123,112,107,91,76,65,55,39,29,25,20,17,14,10,6,2,1,0,0,0,0,0,0,0,0,0,0,0,0,0,0,0,0,0
prose	1	96	13	host	16684,11295,9237,7768,6843,6073,5663,5197,4748,4486,4206,3958,3719,3540,3366,3217,3088,2970,2834,2748,2639,2581,2483,2407,2349,2279,2208,2137,2084,2043,1991,1944,1903,1858,1804,1770,1734,1699,1661,1629,1595,1559,1529,1508,1480,1444,1414,1389,1369,1337,1314,1291,1267,1238,1225,1202,1186,1163,1148,1125,1102,1090,1066,1044,1033,1018,1000,984,969,952,936,924,909,898,888,873,854,840,827,819,801,787,777,764,756,748,738,726,712,705,693,681,667,652,642,635,628,615,610,606,599,586,577,571,563,554,545,539,530,520,513,508,495,490,484,477,469,465,458,451,445,435,430,423,416,410,401,391,383,378,371,362,358,353,345,339,339,332,327,324,320,319,316,308,298,293,286,276,270,269,263,258,253,246,242,237,235,232,229,227,226,220,217,215,210,203,197,195,190,185,181,176,173,170,164,159,154,151,149,147,144,141,138,137,135,129,126,122,119,118,114,112,109,108,102,101,99,99,97,91,91,89,86,83,83,82,78,76,74,69,68,66,63,61,60,59,58,56,55,49,46,43,39,36,35,32,29,27,23,20,20,19,17,14,12,10,9,7,6,6,5,4,4,4,3,2,2
prose	1	96	13	card	9862,6661,4205,3100,2620,2237,1925,1712,1525,1405,1251,1138,1058,986,915,845,789,721,664,613,575,540,511,465,440,403,370,342,324,294,278,251,229,207,193,178,163,147,137,125,107,101,90,81,69,61,51,37,25,19,18,12,4,2,0,0,0,0,0,0,0,0,0,0,0,0,0,0,0,0
prose	1	96	14	host	27101,16053,11446,9314,7916,6745,6106,5506,5057,4677,4286,3968,3750,3535,3350,3173,2996,2877,2764,2629,2536,2432,2359,2286,2208,2136,2076,2016,1954,1890,1819,1778,1717,1665,1617,1574,1542,1497,1456,1412,1375,1339,1307,1277,1241,1205,1183,1155,1127,1109,1078,1054,1027,1006,985,961,942,920,902,885,870,846,832,813,795,779,766,746,729,715,701,689,672,663,653,640,629,617,605,597,579,566,552,543,533,519,505,499,486,479,470,464,449,444,434,425,420,408,398,392,383,377,373,361,346,342,338,325,323,319,309,305,295,289,281,276,271,266,258,256,255,245,239,237,233,226,214,211,206,201,196,192,188,186,185,182,177,171,165,159,155,151,142,141,137,135,131,125,122,120,116,113,112,110,107,105,102,99,98,94,92,88,87,83,82,80,78,77,74,72,70,66,59,52,51,50,48,42,40,37,36,35,33,31,29,28,25,21,19,19,15,13,13,12,11,10,10,9,8,7,7,7,6,6,5,3,2,2,1,1,1,1,1,1,1,1,1,1,1
prose	1	96	14	card	12240,7612,5032,3976,3404,2897,2538,2300,2044,1861,1666,1532,1407,1285,1176,1083,1003,909,845,779,713,654,613,558,512,475,433,391,357,324,299,273,250,226,204,185,169,147,128,123,105,93,78,68,52,41,33,23,15,11,7,4,2,1,0,0,0,0,0,0,0,0,0,0,0,0,0,0,0,0
prose	1	96	15	host	17388,12605,10323,8645,7588,6771,6008,5459,5056,4736,4383,4147,3908,3678,3478,3274,3151,3021,2898,2773,2668,2578,2481,2382,2308,2226,2151,2087,2015,1963,1910,1851,1798,1738,1703,1652,1608,1574,1542,1506,1469,1435,1408,1377,1343,1310,1287,1270,1250,1222,1186,1167,1146,1125,1101,1080,1058,1041,1022,1006,979,959,943,927,914,902,885,869,852,833,821,808,798,787,777,763,752,737,732,715,706,695,683,674,661,652,641,636,626,617,605,594,585,578,567,560,548,536,531,529,521,511,507,503,491,485,478,474,466,455,447,443,437,428,419,416,408,404,399,395,388,381,377,370,364,359,353,348,342,338,333,327,323,317,312,307,303,297,294,288,282,275,271,265,261,257,255,254,249,246,244,240,237,229,224,216,213,211,207,203,200,197,193,190,185,179,178,175,173,171,169,166,162,158,155,152,148,144,141,137,132,131,130,128,127,124,123,121,119,117,115,113,112,110,107,104,103,101,100,99,97,96,94,93,91,87,81,75,73,68,63,62,60,60,57,56,55,52,51,47,45,44,40,38,36,35,32,31,30,29,29,26,26,26,24,22,17,15,13,13,13,12,11,10,9,6,5,2,2,2
prose	1	96	15	card	9140,6022,4493,3522,2873,2493,2218,1960,1764,1631,1492,1361,1249,1122,1032,939,852,776,719,670,619,580,545,500,466,435,402,379,353,328,308,285,261,249,232,209,196,180,166,158,138,127,111,103,90,82,75,67,57,47,38,31,20,15,13,6,3,2,0,0,0,0,0,0,0,0,0,0,0,0
prose	1	96	16	host	27419,17929,13433,10721,8856,7721,6879,6226,5518,4932,4542,4228,3989,3728,3532,3360,3187,3057,2914,2804,2684,2584,2482,2396,2310,2236,2154,2072,2013,1948,1875,1817,1765,1715,1654,1602,1554,1506,1456,1405,1372,1342,1296,1272,1231,1196,1152,1118,1090,1062,1031,1004,976,944,918,897,881,861,841,819,796,777,760,742,727,707,689,669,658,646,629,614,601,586,572,564,550,534,517,509,497,485,471,464,450,444,432,419,410,399,392,384,378,369,357,342,335,330,324,315,308,303,295,285,278,267,263,254,248,244,238,233,228,223,218,211,207,203,194,183,177,172,168,163,156,155,151,149,145,138,137,134,132,131,126,120,114,110,107,104,99,96,91,91,90,89,86,81,77,75,73,71,69,67,66,62,57,55,52,49,48,45,40,38,33,31,28,25,25,24,23,19,18,16,15,14,14,12,10,7,4,4,3,3,3,3,3,2,2,1,1,1,1,1
prose	1	96	16	card	18215,8282,5163,3684,2760,2199,1831,1608,1413,1276,1151,1049,957,872,794,737,664,612,560,517,471,434,398,368,340,316,279,250,229,203,181,162,146,134,119,103,89,78,62,52,40,28,21,15,9,3,2,1,0,0,0,0,0,0,0,0,0,0,0,0,0,0,0,0,0,0,0,0,0,0
prose	1	96	17	host	27594,19170,13874,10989,8877,7602,6867,6120,5503,4991,4607,4284,4001,3714,3505,3275,3089,2936,2812,2687,2584,2478,2382,2302,2210,2140,2061,2005,1940,1883,1829,1784,1734,1695,1653,1603,1567,1528,1496,1453,1423,1383,1348,1313,1282,1258,1231,1202,1170,1152,1122,1099,1073,1051,1026,1013,992,963,938,925,909,891,869,855,840,822,807,797,785,767,751,738,723,712,700,688,675,663,655,641,628,615,608,597,583,573,565,552,543,529,521,516,509,497,489,485,476,472,459,443,435,425,422,416,409,404,397,385,380,372,365,362,356,349,341,338,330,325,316,310,305,304,302,293,285,282,276,269,259,254,249,242,238,231,230,226,223,220,214,210,208,204,199,193,190,185,183,178,174,171,169,164,163,159,153,150,147,144,140,137,132,130,127,121,120,114,111,103,101,99,99,98,96,96,95,91,91,90,89,87,85,83,83,82,80,76,73,68,66,62,57,56,49,47,45,39,37,36,33,29,27,25,23,22,21,20,19,15,11,10,9,8,6,4,4,4,4,4,4,4,4,4,4,4,4,3,3,2,1
prose	1	96	17	card	7089,4414,3213,2651,2281,1998,1775,1576,1467,1292,1166,1074,988,904,841,788,723,671,612,568,518,485,442,411,384,358,333,315,278,258,238,214,191,166,145,127,116,108,95,89,72,59,49,34,27,20,16,10,6,4,3,3,1,1,0,0,0,0,0,0,0,0,0,0,0,0,0,0,0,0
prose	1	96	18	host	24056,17554,12196,10112,8590,7333,6493,5683,5198,4779,4410,4141,3889,3650,3447,3244,3087,2920,2778,2663,2541,2435,2325,2225,2136,2045,1964,1916,1850,1791,1737,1691,1638,1595,1556,1519,1473,1426,1383,1365,1332,1292,1254,1219,1199,1160,1137,1117,1090,1069,1045,1023,992,974,956,934,909,894,872,852,831,813,806,785,772,758,745,727,705,695,683,671,650,637,627,611,601,592,580,570,559,546,536,521,513,505,496,488,480,468,459,450,444,435,426,414,403,397,390,384,377,369,362,354,344,338,335,330,324,319,313,308,298,286,282,276,274,267,262,255,253,246,240,240,231,230,218,212,209,205,201,199,194,188,184,179,177,174,167,162,160,156,152,147,144,135,133,130,128,124,119,116,112,110,108,105,103,101,100,97,93,92,88,86,82,79,79,76,74,69,68,64,62,62,60,58,58,54,49,48,42,41,37,35,33,31,30,28,25,20,19,16,13,11,10,8,8,5,5,3,2,1,1,1,1,1,1
prose	1	96	18	card	16342,8148,5675,4315,3546,2888,2445,2115,1815,1609,1424,1273,1154,1039,949,853,760,708,644,577,530,481,426,389,355,323,288,255,229,201,181,162,144,123,112,97,80,64,48,40,30,21,14,7,6,4,3,1,1,0,0,0,0,0,0,0,0,0,0,0,0,0,0,0,0,0,0,0,0,0
prose	1	96	19	host	17555,9552,7090,5903,5210,4753,4394,4069,3850,3673,3503,3368,3224,3100,2993,2897,2811,2714,2639,2562,2496,2433,2355,2314,2253,2202,2143,2085,2039,1993,1944,1906,1870,1832,1791,1747,1719,1685,1650,1612,1585,1569,1534,1510,1482,1461,1433,1414,1394,1376,1356,1340,1318,1296,1272,1257,1239,1219,1198,1182,1168,1150,1134,1116,1097,1093,1076,1057,1041,1029,1018,1002,985,969,959,947,938,923,907,893,883,870,863,851,836,825,815,805,788,774,770,758,754,741,728,716,710,700,692,677,672,666,656,646,636,628,623,613,608,597,589,582,569,564,558,550,545,540,533,526,519,514,508,498,490,482,474,470,467,461,453,445,442,437,429,419,412,408,407,402,394,389,386,377,369,360,357,352,348,344,339,337,332,326,322,316,312,308,302,296,294,289,288,285,280,275,270,265,262,257,254,251,248,242,240,235,233,230,223,217,214,210,205,202,198,196,192,186,181,177,176,173,171,171,168,164,161,159,158,155,153,151,142,137,134,133,129,127,125,118,113,111,105,103,102,99,95,92,91,89,89,88,87,84,83,83,82,81,81,80,77,75,74,73,71,69,66,63,62,58,52,50,47,44,40,39,33,27,23,22,20,17,14,14,7,5,4,4,2,2,2,1,1,1,1,1,1
prose	1	96	19	card	6381,4537,3677,3158,2730,2452,2201,1999,1829,1679,1546,1459,1363,1284,1211,1143,1074,1016,957,907,860,808,758,704,668,627,581,552,525,496,457,431,402,374,345,319,299,275,256,239,215,201,185,172,158,140,129,115,101,89,86,77,66,51,44,33,23,10,5,1,1,1,0,0,0,0,0,0,0,0
prose	1	96	20	host	28400,19480,15086,11623,8849,7560,6545,5736,5220,4717,4346,3963,3703,3467,3258,3097,2947,2807,2677,2552,2462,2358,2256,2173,2080,2012,1942,1873,1802,1749,1701,1639,1591,1540,1483,1443,1400,1352,1316,1289,1248,1219,1195,1162,1137,1113,1072,1051,1027,1001,973,953,932,906,888,869,846,830,811,796,781,763,739,726,707,694,681,665,653,643,629,617,607,591,580,567,557,545,535,526,518,501,496,486,470,461,451,440,435,428,421,417,405,397,388,382,377,373,365,355,348,344,337,322,316,312,306,298,290,285,281,275,272,267,260,256,245,237,232,227,223,216,215,208,205,200,195,192,189,186,184,181,177,173,169,164,161,158,151,148,144,141,139,131,123,120,117,115,114,114,111,108,105,103,99,97,94,88,87,86,86,85,83,79,75,75,75,75,70,67,64,60,56,53,51,47,44,43,40,37,36,34,33,30,27,27,25,23,21,18,15,13,10,10,7,5,5,4,4,3,3,2,1,1,1,1,1,1,1,1,1,1
prose	1	96	20	card	16989,6875,4294,3224,2668,2283,2016,1808,1654,1487,1368,1253,1138,1039,967,890,809,746,684,641,585,545,497,459,421,388,353,318,294,266,239,217,194,173,157,136,120,105,94,81,70,57,47,36,25,18,10,4,2,1,1,0,0,0,0,0,0,0,0,0,0,0,0,0,0,0,0,0,0,0
prose	1	96	21	host	23442,15417,10150,8255,6964,6087,5542,4985,4621,4269,3987,3716,3504,3297,3130,2984,2828,2699,2591,2479,2397,2314,2244,2177,2106,2029,1961,1909,1853,1800,1751,1697,1653,1598,1557,1517,1479,1444,1411,1370,1338,1313,1273,1238,1206,1177,1148,1131,1101,1085,1060,1032,1017,995,976,958,937,911,892,880,863,844,826,807,792,775,761,739,724,716,699,685,677,664,648,630,616,598,589,580,572,564,553,541,527,514,508,499,491,479,469,458,450,443,440,434,431,420,410,401,393,383,372,362,353,349,340,338,330,328,322,319,312,304,297,289,280,275,270,260,257,250,248,241,235,231,227,225,220,216,214,210,202,195,191,187,180,174,171,168,166,162,158,153,148,145,141,138,134,128,125,123,121,115,109,109,108,107,104,102,100,99,95,93,92,88,83,81,80,80,77,74,69,68,61,60,56,56,54,51,49,47,43,39,38,34,32,31,29,22,20,20,18,14,12,9,8,6,3,2,2,1,1
prose	1	96	21	card	16387,9622,6953,5112,4029,3397,2913,2595,2280,2044,1849,1689,1525,1390,1260,1143,1074,985,908,841,767,710,660,612,566,534,498,458,419,384,347,322,295,270,255,234,208,188,172,156,137,121,106,87,79,67,59,52,42,32,20,16,9,2,2,0,0,0,0,0,0,0,0,0,0,0,0,0,0,0
prose	1	96	22	host	33906,21497,16351,12129,9963,8238,7270,6358,5622,5111,4707,4359,4000,3694,3507,3329,3154,3023,2881,2759,2626,2508,2397,2289,2206,2114,2036,1976,1901,1842,1778,1735,1686,1632,1585,1537,1490,1446,1401,1371,1323,1294,1260,1230,1200,1175,1146,1116,1077,1059,1037,1016,997,973,950,928,908,890,870,855,841,816,797,780,765,758,740,730,718,703,690,673,662,652,636,626,611,596,583,570,566,559,548,536,528,516,504,494,489,479,472,465,457,449,440,427,417,411,406,399,392,381,373,364,355,348,341,336,330,323,320,312,304,299,294,290,287,283,278,272,269,264,256,254,244,239,234,230,225,221,216,211,205,201,198,194,193,190,187,184,179,176,172,170,164,160,158,156,154,147,143,139,131,127,121,119,116,114,111,107,107,106,105,103,100,100,100,98,94,93,90,90,89,89,88,87,87,85,79,79,79,77,74,70,65,62,58,53,51,49,47,46,42,37,34,32,30,28,26,24,21,20,17,16,16,13,10,8,8,7,6,5,3,3,3,3,3,2,2,1
prose	1	96	22	card	10450,3912,2663,2073,1702,1418,1248,1068,960,862,757,688,630,574,521,472,429,390,355,318,289,255,231,209,188,171,155,137,116,101,94,89,82,69,57,50,40,26,20,15,9,6,2,2,1,0,0,0,0,0,0,0,0,0,0,0,0,0,0,0,0,0,0,0,0,0,0,0,0,0
prose	1	96	23	host	22371,16312,10401,8109,6576,5641,5043,4578,4198,3894,3669,3460,3277,3120,2961,2843,2740,2652,2571,2490,2410,2318,2244,2182,2124,2060,2014,1954,1899,1840,1800,1754,1716,1678,1640,1606,1573,1542,1506,1471,1449,1422,1387,1367,1339,1310,1287,1265,1237,1216,1191,1171,1147,1125,1101,1081,1060,1040,1016,1003,987,971,955,942,927,915,895,879,863,849,840,830,813,800,784,774,767,755,745,726,719,710,698,692,684,674,664,652,642,638,626,614,600,588,582,572,564,558,551,548,541,534,525,516,510,499,494,484,474,473,462,455,447,440,437,431,423,418,414,406,397,392,385,382,378,370,359,356,353,351,345,340,336,329,322,321,312,305,296,293,289,282,280,276,270,268,263,259,255,250,245,239,237,235,231,226,221,218,217,212,205,200,194,189,189,185,182,179,173,172,168,165,163,161,160,153,150,144,141,139,134,130,126,123,119,114,111,111,111,108,105,102,101,100,100,99,97,92,91,90,87,86,83,81,81,79,77,77,77,74,74,72,68,68,65,62,58,56,54,51,49,45,42,38,37,33,27,22,20,19,18,15,15,12,9,8,6,6,6,3,3,3,2,2,1,1,1
prose	1	96	23	card	13499,5909,4285,3255,2695,2327,1922,1689,1513,1415,1286,1202,1118,1045,989,918,862,800,755,718,680,641,606,576,536,509,485,465,433,408,388,363,344,327,308,282,258,245,229,210,198,182,158,146,132,119,113,106,92,83,72,62,51,36,27,22,17,11,7,6,4,2,0,0,0,0,0,0,0,0
prose	1	96	24	host	29251,19854,14635,11146,8952,7503,6509,5725,4882,4397,3967,3646,3390,3149,2952,2783,2607,2458,2348,2237,2140,2054,1954,1893,1814,1743,1686,1635,1578,1539,1485,1450,1401,1364,1326,1287,1247,1205,1170,1135,1102,1074,1041,1021,994,960,936,900,889,871,849,831,812,795,771,757,738,722,709,680,667,654,637,624,612,602,587,573,558,549,538,523,514,501,489,471,459,454,443,437,427,418,411,400,389,378,373,368,356,353,344,335,328,322,315,310,300,291,286,279,271,266,260,257,253,241,239,235,229,227,219,213,206,199,196,192,190,185,180,173,169,165,163,160,154,153,146,142,139,135,131,128,124,122,116,113,107,104,103,103,101,97,96,94,93,93,93,90,89,86,83,79,77,74,72,69,67,66,63,58,54,52,50,49,43,38,35,32,29,28,24,23,21,13,13,11,11,10,10,10,9,8,6,6,6,6,5,5,5,4,3,3,2,2,2,1
prose	1	96	24	card	25543,12244,7659,5292,3726,2724,2192,1870,1619,1417,1249,1115,1000,902,818,753,679,614,554,511,469,425,386,348,320,285,263,230,212,188,163,149,129,116,104,87,77,66,49,43,37,25,19,16,9,7,5,3,0,0,0,0,0,0,0,0,0,0,0,0,0,0,0,0,0,0,0,0,0,0
prose	1	96	25	host	39739,29842,20080,14515,11677,9306,8114,6943,6202,5502,4952,4434,3929,3555,3220,3008,2820,2645,2477,2331,2191,2081,1982,1878,1799,1696,1629,1529,1456,1398,1347,1289,1235,1169,1126,1081,1037,992,962,935,904,868,840,820,796,772,751,730,697,685,664,656,638,620,602,583,562,555,544,528,517,505,488,480,467,456,449,439,431,422,411,399,381,367,362,353,347,342,332,328,321,309,299,295,287,279,268,263,259,252,246,240,236,232,228,224,220,215,208,204,196,193,185,182,178,174,169,165,157,154,152,149,146,142,140,134,129,125,121,119,117,114,113,108,104,103,101,100,99,99,98,95,91,89,87,86,83,81,78,75,70,65,63,59,58,57,51,49,47,44,39,37,35,32,27,23,21,20,17,17,17,12,10,10,10,10,10,9,7,7,7,6,5,4,3,2,2,2,2,2,1,1,1
prose	1	96	25	card	17767,5923,3922,2808,2255,1876,1601,1407,1240,1072,935,810,720,637,560,500,440,402,347,314,279,249,221,199,175,157,136,125,107,88,76,67,60,49,34,24,20,12,7,3,3,2,2,0,0,0,0,0,0,0,0,0,0,0,0,0,0,0,0,0,0,0,0,0,0,0,0,0,0,0
prose	1	96	26	host	32239,24470,18464,14755,12227,9749,8087,6887,6016,5320,4814,4364,3981,3663,3403,3159,2931,2747,2588,2451,2321,2204,2106,2016,1918,1833,1761,1691,1630,1568,1500,1449,1403,1356,1309,1260,1224,1180,1150,1114,1078,1058,1035,1008,985,957,935,914,887,859,841,819,800,782,764,752,736,718,704,690,671,661,645,634,611,601,588,574,566,551,540,527,514,507,491,479,467,459,453,444,439,430,421,411,401,397,384,375,365,356,347,342,337,329,327,320,316,307,301,296,291,289,282,274,267,257,252,246,237,232,228,225,220,216,212,211,207,205,197,191,190,186,184,181,175,171,167,161,158,148,142,135,131,130,125,124,120,120,115,111,109,107,105,103,102,101,100,100,99,97,96,94,92,88,86,84,83,81,79,76,74,71,67,61,57,52,47,44,41,37,35,34,31,24,22,22,17,15,14,12,10,8,7,6,4,4,4,4,4,4,4,3,3,2,2,2,2,2,1,1
prose	1	96	26	card	12843,6038,3830,2854,2265,1878,1606,1410,1239,1102,986,892,808,714,645,579,536,490,437,395,361,326,292,263,237,218,199,182,156,142,129,112,96,86,72,56,47,40,30,20,14,10,8,2,2,2,0,0,0,0,0,0,0,0,0,0,0,0,0,0,0,0,0,0,0,0,0,0,0,0
prose	1	96	27	host	32768,21888,17522,12955,10446,8424,7015,6028,5314,4790,4244,3836,3528,3242,3034,2843,2662,2502,2392,2255,2161,2071,1972,1907,1831,1770,1702,1637,1571,1521,1474,1415,1383,1344,1307,1255,1229,1204,1176,1143,1118,1083,1061,1039,1014,993,959,945,920,903,880,865,843,822,809,792,781,766,750,733,719,709,689,679,672,658,646,634,617,607,599,588,575,564,556,546,534,528,515,501,496,487,481,473,467,459,453,443,433,424,419,409,404,396,392,388,382,374,363,351,347,346,339,334,331,323,318,313,309,300,299,292,288,281,274,270,265,257,256,249,242,237,235,234,232,229,227,220,217,209,206,199,196,191,188,183,178,176,173,169,165,163,161,157,154,151,149,147,139,139,134,133,130,124,119,116,114,111,108,107,106,106,104,101,98,96,94,94,91,90,86,83,79,76,74,72,71,70,68,63,62,61,58,56,55,50,49,49,48,45,39,36,33,30,29,27,23,22,21,21,17,16,15,15,14,13,11,10,9,8,7,5,4,4,4,3,3,3,3,2,2
prose	1	96	27	card	13251,7980,5365,3703,2814,2286,1934,1673,1444,1253,1088,965,857,766,685,622,562,504,456,416,371,342,303,265,239,217,194,179,166,148,132,112,100,89,86,73,64,53,40,27,19,14,10,5,5,4,4,3,0,0,0,0,0,0,0,0,0,0,0,0,0,0,0,0,0,0,0,0,0,0
prose	1	96	28	host	35487,29196,19878,15409,12259,9892,8445,7299,6448,5598,5048,4487,4141,3812,3504,3207,2970,2769,2618,2456,2331,2193,2092,1977,1880,1785,1723,1649,1590,1535,1469,1423,1380,1327,1280,1243,1201,1173,1139,1106,1076,1045,1012,983,951,927,907,882,850,826,802,784,764,745,730,711,697,682,662,641,630,617,596,589,578,562,545,532,527,511,499,493,479,472,458,443,432,422,413,406,396,391,384,376,364,351,339,333,326,323,312,304,298,293,286,282,277,274,266,261,255,248,243,236,230,222,216,214,208,207,204,199,192,184,180,176,174,171,166,162,159,154,153,145,140,136,134,131,128,125,123,119,114,111,110,109,107,106,104,104,100,100,97,95,92,86,83,82,77,72,68,67,67,62,61,59,56,50,47,43,42,39,36,31,27,25,24,21,19,15,15,14,13,11,9,8,7,6,5,5,4,2,2,2,2,2,1
prose	1	96	28	card	8326,5102,3603,2694,2135,1715,1488,1304,1131,1000,882,780,700,632,559,499,459,414,384,344,315,283,259,231,211,189,172,151,132,115,100,90,80,66,53,43,32,25,16,6,4,1,1,0,0,0,0,0,0,0,0,0,0,0,0,0,0,0,0,0,0,0,0,0,0,0,0,0,0,0
prose	1	96	29	host	37790,21391,14473,10415,8487,7280,6331,5696,5009,4533,4128,3790,3583,3353,3155,2960,2798,2656,2536,2425,2326,2225,2133,2056,1972,1895,1831,1770,1716,1657,1603,1546,1504,1466,1424,1386,1342,1301,1259,1235,1199,1171,1144,1107,1079,1057,1035,1012,994,966,940,916,902,885,861,846,825,813,803,780,766,745,730,720,708,694,679,666,653,639,624,612,600,589,581,577,565,558,540,533,521,515,505,490,477,466,454,445,438,429,423,416,408,403,392,385,378,367,362,352,348,340,338,331,325,319,313,307,305,300,292,286,282,276,273,269,259,255,248,243,237,228,224,220,219,213,205,199,198,196,192,189,184,180,179,176,171,169,163,160,158,151,149,146,136,132,131,126,122,119,118,113,113,110,107,102,100,100,99,97,94,92,90,87,85,85,84,82,77,75,73,72,71,68,67,63,62,56,52,48,45,43,39,35,34,31,29,26,23,23,22,20,15,14,12,10,7,6,5,4,4,3,2,2
prose	1	96	29	card	18885,7614,4756,3209,2462,1986,1643,1400,1237,1091,980,878,787,698,618,544,496,453,407,362,333,307,287,260,233,211,188,167,149,133,120,107,93,82,73,68,59,50,46,31,20,13,10,6,4,2,1,0,0,0,0,0,0,0,0,0,0,0,0,0,0,0,0,0,0,0,0,0,0,0
prose	1	96	30	host	32564,17450,13533,9681,7829,6695,5833,5132,4696,4289,3954,3669,3408,3194,3023,2862,2725,2584,2472,2364,2256,2160,2075,2006,1917,1864,1800,1739,1688,1629,1578,1536,1490,1446,1401,1351,1316,1282,1257,1224,1194,1162,1131,1106,1080,1052,1017,995,974,952,928,908,888,868,845,827,803,786,773,760,740,724,709,696,681,671,657,645,624,610,597,589,572,559,552,540,528,516,509,495,484,479,470,462,445,435,427,416,412,405,396,392,382,375,363,355,348,341,333,325,319,313,309,304,296,291,287,276,273,263,257,252,247,242,239,236,231,227,222,217,212,204,196,195,191,186,183,179,176,173,169,163,161,158,156,155,153,146,136,135,129,124,123,119,117,114,110,107,102,99,98,96,95,92,91,90,88,85,82,82,80,75,71,65,62,62,60,58,57,57,53,51,47,44,42,40,38,35,30,29,26,25,24,18,16,15,12,10,7,5,5,4,4,3,2,1,1
prose	1	96	30	card	28150,8688,5175,3775,2849,2298,1998,1709,1521,1363,1239,1121,1050,964,898,826,758,691,650,608,554,521,484,446,419,391,364,327,302,275,257,239,220,201,180,167,150,134,118,104,93,86,69,57,46,30,23,19,13,4,1,1,1,0,0,0,0,0,0,0,0,0,0,0,0,0,0,0,0,0
prose	1	96	31	host	27936,18319,13646,10724,9136,7731,6719,6004,5379,4897,4528,4143,3786,3550,3304,3130,2940,2786,2667,2532,2434,2322,2226,2149,2054,1967,1900,1838,1774,1713,1654,1613,1558,1521,1481,1443,1398,1355,1313,1278,1251,1218,1179,1154,1120,1089,1069,1045,1020,990,964,937,918,897,878,859,841,822,801,781,766,751,736,718,706,689,676,666,655,635,624,607,597,588,572,557,548,532,524,514,505,498,485,475,467,458,449,438,424,419,413,406,402,394,389,376,370,363,357,350,341,335,330,323,320,315,302,300,293,289,282,278,271,266,262,257,251,244,241,232,229,225,221,213,209,206,201,199,195,192,190,187,183,179,170,167,163,158,152,148,144,140,135,131,129,126,122,116,112,108,107,106,103,103,103,102,96,93,92,90,89,85,85,82,79,79,79,77,76,76,72,69,62,60,58,58,55,54,54,49,43,35,32,31,28,27,24,23,21,18,16,14,11,11,9,9,8,7,5,4,3,2,2,2,2,2,2,2,1,1
prose	1	96	31	card	16938,8069,5564,3841,3078,2589,2175,1863,1647,1443,1307,1182,1076,986,891,812,733,670,617,564,521,487,450,419,384,346,316,294,273,249,222,196,180,165,147,130,117,102,93,81,75,65,56,48,37,26,18,12,5,2,1,0,0,0,0,0,0,0,0,0,0,0,0,0,0,0,0,0,0,0
prose	1	96	32	host	34635,28947,19389,14012,10666,8585,6341,5342,4549,4088,3803,3503,3231,3028,2823,2635,2487,2375,2238,2156,2072,2008,1935,1863,1788,1734,1680,1621,1581,1531,1475,1434,1396,1363,1330,1295,1259,1227,1190,1164,1134,1112,1092,1069,1047,1018,994,973,956,935,913,897,874,855,830,811,794,788,767,746,730,713,703,688,680,664,655,640,632,615,601,590,582,569,557,544,531,523,511,504,495,486,478,471,458,453,448,436,431,417,407,402,392,384,377,366,360,355,352,348,340,334,326,318,311,305,302,296,289,281,277,272,266,259,255,250,244,240,236,232,229,226,221,216,212,207,201,198,195,190,186,184,180,174,170,167,162,159,155,151,148,145,144,139,133,131,128,125,120,118,114,111,110,108,107,105,102,101,97,94,92,91,89,87,85,81,80,80,77,74,73,69,67,65,61,58,51,50,49,47,45,41,39,36,33,29,26,25,23,20,19,18,17,16,14,12,12,10,10,10,8,7,3,2,1
prose	1	96	32	card	10687,5620,3974,3123,2597,2156,1897,1641,1406,1220,1081,976,892,808,732,673,608,557,518,475,440,400,378,350,321,291,265,242,225,208,185,170,159,139,126,117,105,95,86,76,65,55,40,31,23,20,13,8,5,3,0,0,0,0,0,0,0,0,0,0,0,0,0,0,0,0,0,0,0,0
prose	1	96	33	host	26934,20776,15446,11634,8955,7328,6238,5409,4754,4353,3977,3671,3389,3158,2952,2784,2631,2507,2413,2328,2223,2126,2047,1965,1902,1850,1779,1715,1656,1595,1549,1513,1475,1427,1383,1349,1308,1278,1241,1208,1178,1153,1121,1096,1072,1047,1029,1004,968,947,924,903,890,868,849,835,814,797,783,765,751,736,723,713,695,685,666,650,643,627,612,599,591,583,572,563,547,537,524,517,507,504,494,482,476,460,454,439,432,426,420,416,411,400,396,387,383,371,362,356,348,345,336,332,325,319,310,302,298,294,286,281,276,270,266,262,258,256,250,245,242,233,231,227,222,216,208,204,200,198,192,189,185,182,178,172,171,168,167,162,160,160,155,152,146,144,141,137,132,131,127,123,122,115,113,109,107,102,99,95,93,91,90,88,86,84,84,84,83,81,81,79,77,77,75,73,71,70,65,62,61,60,57,52,49,46,44,41,37,37,35,31,26,24,23,19,17,14,11,10,7,6,5,3,3,3,2,2,1,1,1,1
prose	1	96	33	card	19669,7107,5021,3501,2782,2418,2150,1909,1719,1568,1453,1347,1259,1155,1072,994,911,841,771,724,669,611,558,519,487,462,424,380,347,324,306,274,248,225,205,186,173,163,145,131,112,101,86,76,65,52,41,30,23,17,11,7,3,2,0,0,0,0,0,0,0,0,0,0,0,0,0,0,0,0
prose	1	96	34	host	23122,16836,11236,8780,7340,6357,5514,4908,4419,4042,3689,3446,3246,3066,2904,2755,2618,2491,2369,2266,2169,2084,2022,1944,1871,1813,1761,1694,1654,1597,1549,1496,1463,1422,1388,1350,1324,1282,1245,1225,1192,1165,1130,1105,1076,1055,1035,1009,995,968,947,926,914,896,880,856,835,821,799,788,773,753,730,720,707,695,680,668,654,643,633,619,610,602,586,574,562,552,544,532,522,516,503,491,480,471,464,461,449,441,431,426,419,412,400,390,384,372,370,367,359,353,345,339,334,329,321,318,311,305,302,298,291,281,276,271,269,266,261,259,254,247,240,236,231,227,220,218,216,211,208,206,199,198,190,186,180,174,172,171,165,161,159,155,152,146,144,142,140,135,134,131,129,129,128,125,124,121,118,115,111,109,105,101,99,95,92,89,86,84,82,77,76,75,74,72,72,68,67,66,65,64,64,61,58,55,53,51,47,43,41,39,37,36,33,32,31,28,27,21,20,18,16,15,13,12,11,10,10,7,5,5,4,3,2,1,1,1,1,1
prose	1	96	34	card	30697,15010,8775,4240,3207,2553,2108,1788,1562,1346,1202,1063,949,878,804,730,667,607,555,514,469,427,404,363,337,317,294,277,254,227,214,200,179,164,150,135,120,107,99,90,76,64,53,40,30,21,14,7,3,0,0,0,0,0,0,0,0,0,0,0,0,0,0,0,0,0,0,0,0,0
prose	1	96	35	host	31458,18632,14154,10919,9031,7659,6618,5879,5315,4880,4464,4116,3836,3594,3425,3256,3127,3010,2894,2785,2696,2607,2519,2429,2359,2285,2210,2143,2075,2019,1961,1907,1854,1815,1768,1709,1659,1614,1563,1521,1495,1453,1416,1381,1348,1312,1281,1256,1227,1199,1168,1143,1120,1094,1077,1049,1025,1002,980,955,936,913,898,886,869,851,828,812,795,779,768,751,741,728,714,695,681,669,654,644,631,620,604,594,586,573,562,553,543,532,522,512,505,497,489,480,470,460,452,445,434,425,421,413,407,398,389,382,377,365,357,349,341,337,334,331,327,321,315,307,302,293,288,285,276,271,264,259,256,251,247,244,239,237,232,228,226,219,213,206,202,195,191,189,185,184,184,181,173,166,163,161,158,154,151,146,145,141,138,136,132,130,130,126,125,122,116,115,111,108,105,101,100,96,93,92,89,85,83,81,80,78,78,78,76,74,73,71,70,70,66,63,61,60,55,55,53,48,46,42,39,35,34,31,29,28,27,25,21,18,17,15,14,12,10,8,8,8,5,3,2,1,1,1,1,1
prose	1	96	35	card	7414,3959,2930,2393,2067,1776,1599,1388,1197,1075,948,850,779,702,631,575,525,466,431,394,360,316,301,271,247,221,198,172,157,145,134,125,111,98,81,74,60,50,41,35,28,22,17,12,6,3,0,0,0,0,0,0,0,0,0,0,0,0,0,0,0,0,0,0,0,0,0,0,0,0
prose	1	96	36	host	19950,13800,11268,9525,8245,7286,6395,5752,5222,4844,4476,4209,4020,3804,3608,3433,3235,3077,2934,2805,2709,2605,2524,2438,2336,2253,2187,2112,2064,1995,1942,1887,1834,1779,1729,1677,1630,1590,1549,1511,1462,1434,1401,1371,1342,1307,1282,1250,1224,1188,1164,1142,1112,1091,1061,1040,1014,1003,984,959,943,924,907,886,871,850,836,819,797,786,774,750,734,722,708,689,677,668,655,641,632,622,609,596,583,574,563,550,540,528,516,508,498,490,483,477,466,462,451,441,433,421,416,411,400,393,386,381,370,359,355,344,338,331,325,319,315,311,304,300,296,288,283,277,266,257,250,244,240,237,234,229,226,222,219,215,209,208,203,200,197,189,184,182,180,177,170,167,164,160,151,147,144,139,136,135,133,131,127,123,121,117,113,108,105,104,102,101,99,97,97,92,90,88,82,81,77,75,74,71,69,68,66,64,61,59,56,53,52,51,48,44,40,37,36,34,33,28,25,25,23,21,21,19,17,13,12,11,10,10,7,7,4,2,1,1,1,1,1,1,1,1
prose	1	96	36	card	13724,7303,4759,3477,2746,2334,2043,1807,1611,1462,1353,1251,1151,1074,1004,946,876,814,752,706,655,609,566,525,484,450,419,392,358,324,296,272,251,226,202,189,167,150,132,113,101,89,73,61,54,37,22,14,7,4,2,0,0,0,0,0,0,0,0,0,0,0,0,0,0,0,0,0,0,0
prose	1	96	37	host	28935,16346,10831,8781,7304,6390,5811,5308,4942,4621,4294,4023,3817,3637,3450,3291,3162,3035,2930,2815,2712,2632,2540,2429,2351,2266,2216,2146,2077,2024,1962,1913,1858,1807,1761,1712,1666,1623,1564,1527,1474,1437,1409,1365,1336,1298,1278,1250,1220,1190,1169,1150,1126,1095,1066,1042,1025,1002,973,948,931,917,898,876,854,837,817,802,786,770,754,742,727,712,697,684,673,664,647,632,618,603,595,582,575,565,555,542,537,533,519,502,493,480,471,462,455,449,442,430,417,413,406,397,384,378,374,369,364,361,353,344,336,328,321,315,305,300,295,289,285,279,273,269,265,261,254,248,247,240,233,231,223,218,206,205,201,198,193,189,185,182,178,176,172,167,164,158,158,156,151,148,145,144,138,132,130,127,124,119,117,113,110,108,104,101,97,93,90,89,87,85,83,83,81,79,78,77,75,73,71,71,67,65,62,61,61,59,56,51,45,41,38,38,34,33,31,29,25,24,21,19,17,15,14,9,8,5,4,4,3,2,2,1,1,1,1
prose	1	96	37	card	16997,4951,3506,2824,2354,1983,1694,1513,1359,1221,1099,1004,923,862,801,735,679,635,590,550,518,486,455,420,389,365,340,318,298,276,262,244,223,207,194,183,170,158,143,137,129,114,99,90,83,75,66,56,47,40,33,26,21,14,10,8,6,4,2,0,0,0,0,0,0,0,0,0,0,0
prose	1	96	38	host	25734,18055,14334,11086,8367,7300,6448,5800,5349,4965,4601,4302,4024,3788,3590,3424,3264,3112,2956,2824,2717,2621,2522,2439,2366,2290,2201,2127,2060,1987,1935,1880,1833,1784,1738,1701,1653,1608,1564,1528,1489,1458,1419,1383,1357,1330,1301,1267,1240,1210,1188,1166,1140,1114,1094,1074,1057,1036,1015,1000,979,956,934,920,908,888,874,857,840,822,804,783,767,754,740,728,716,704,692,679,664,647,635,629,616,605,598,587,575,567,559,543,535,529,511,502,496,490,478,465,459,454,445,434,428,419,415,403,397,391,382,374,363,353,345,337,332,327,324,314,312,306,303,298,295,288,278,272,267,259,257,252,249,244,239,236,229,221,215,210,205,201,199,197,194,192,189,184,182,178,173,170,166,162,158,154,147,145,142,137,134,130,128,123,123,123,121,115,112,104,102,98,97,95,94,92,89,88,83,82,79,79,78,76,76,73,71,68,66,64,63,63,61,59,53,47,42,40,39,36,33,32,29,27,25,24,24,21,19,14,12,10,7,6,6,6,5,5,5,3,2,2,2
prose	1	96	38	card	6247,4453,3481,2913,2426,2077,1840,1632,1457,1308,1145,1010,912,808,730,663,604,545,492,443,406,369,327,297,269,248,232,212,189,166,150,136,125,112,94,84,79,69,64,54,45,36,29,21,16,11,5,2,1,1,0,0,0,0,0,0,0,0,0,0,0,0,0,0,0,0,0,0,0,0
prose	1	96	39	host	14657,11224,8933,7329,6322,5619,5161,4838,4495,4258,3994,3795,3633,3436,3271,3132,2985,2876,2774,2683,2599,2532,2455,2373,2310,2245,2182,2116,2061,1995,1951,1895,1846,1791,1753,1717,1667,1639,1599,1563,1522,1495,1460,1425,1399,1358,1330,1302,1268,1246,1215,1192,1165,1140,1124,1096,1070,1052,1033,1015,998,978,950,938,918,895,877,863,847,828,813,793,781,764,754,735,716,705,689,681,668,654,641,627,616,600,588,576,570,559,551,533,527,518,508,497,488,478,464,458,450,442,437,426,416,409,405,394,388,381,370,364,358,349,343,339,333,323,315,308,304,298,293,285,280,274,268,264,260,254,249,244,236,233,225,218,216,211,207,202,198,191,186,184,180,177,172,168,166,164,159,158,154,154,150,144,140,134,131,128,125,122,117,109,107,103,103,99,99,95,93,91,89,87,83,80,78,77,77,75,75,74,73,71,69,67,66,65,64,62,60,56,56,50,49,47,43,34,30,28,26,24,20,20,19,18,15,11,10,8,8,6,6,5,4,3,3,2,2,2,2,2,2,2
prose	1	96	39	card	16126,10950,6709,4919,4003,3448,2939,2584,2310,2113,1935,1796,1632,1462,1337,1234,1108,1021,936,852,780,722,652,592,542,502,466,432,394,359,327,296,268,242,222,202,181,162,146,126,113,92,86,72,58,47,34,21,18,8,3,1,0,0,0,0,0,0,0,0,0,0,0,0,0,0,0,0,0,0
prose	2	48	0	host	12636,9612,7034,6305,6166,4816,4786,4494,4166,3690,3485,3240,3168,2938,2774,2908,2853,2613,2455,2416,2355,2331,2253,2140,2193,2188,2081,2081,1983,1978,1882,1792,1879,1839,1883,1748,1692,1736,1647,1668,1825,1750,1687,1594,1478,1439,1626,1702,1578,1475,1428,1531,1372,1324,1237,1317,1382,1296,1329,1347,1324,1241,1275,1155,1243,1161,1142,1204,1189,1181,1197,1209,1124,1111,1185,1200,1134,995,1004,1141,1118,1022,1031,987,988,1000,1009,937,997,951,916,952,980,981,945,903,894,913,837,858,858,833,916,865,795,809,903,837,835,840,818,932,806,775,791,776,798,700,731,716,710,679,722,729,726,708,681,631,704,761,684,714,664,708,734,651,646,627,639,736,622,588,622,603,617,592,560,525,584,552,592,614,605,605,569,595,573,579,533,543,550,522,526,507,503,497,507,482,495,473,507,496,509,492,611,509,493,462,516,460,543,521,471,471,478,470,411,417,450,433,428,420,391,477,446,408,379,367,342,326,330,363,357,398,395,415,372,436,411,389,361,467,404,360,339,359,372,341,341,322,323,373,332,328,285,271,247,236,225,265,245,278,313,386,317,310,287,275,365,278,290,293,265,258,281,272,283,282,260,268,246,255,235,218,203,195,212,205,193,203,235,215,198,228,199,218,196,181,267,204,201,191,169,203,187,191,208,204,191,238,196,182,170,160,168,169,149,162,165,150,149,163,152,151,136,133,129,123,114,157,144,147,135,156,175,163,171,149,136,120,196,151,142,181,177,144,147,125,168,132,117,121,109,101,94,88,77,71,67,59,56,50,45,42,38,37,32,28,24,22,20,19,15,11,11,7,6,3,3,3,2,2,1
prose	2	48	1	host	13911,9647,8191,7164,6573,5590,5127,4804,4862,4258,3533,3482,3482,3193,3429,3511,2845,2789,2685,2572,2511,2520,2404,2518,2424,2187,2464,2261,2080,2033,2038,1916,1928,2081,1814,2070,1809,1776,1644,1602,1779,1639,1679,1552,1601,1559,1593,1518,1476,1465,1406,1386,1515,1415,1263,1356,1319,1358,1304,1331,1303,1431,1308,1158,1136,1192,1285,1153,1092,1181,1105,1026,1063,1056,965,988,1156,1074,1052,977,918,1014,952,982,896,908,870,936,907,927,944,877,931,846,830,911,815,781,857,779,761,795,812,779,824,874,769,757,754,665,690,684,734,754,746,806,754,684,687,664,576,730,673,652,598,664,690,628,614,580,591,547,616,626,627,582,619,551,638,524,502,561,530,568,562,533,566,598,544,526,553,579,526,538,468,464,464,481,466,437,460,452,466,454,410,422,426,465,399,440,430,439,465,449,471,419,429,421,393,432,446,412,390,380,394,426,367,340,335,327,300,359,362,349,401,349,337,316,317,382,368,360,395,350,343,328,373,348,341,336,299,306,334,341,335,323,315,306,290,323,287,271,271,249,260,240,272,256,223,239,260,237,279,229,222,232,220,222,266,250,263,243,277,251,245,234,233,245,227,222,222,231,231,219,242,216,211,210,192,216,201,189,239,209,214,251,204,212,190,178,186,168,157,150,184,225,187,167,151,137,126,119,114,110,132,144,113,124,133,137,125,143,162,174,151,136,119,141,139,130,201,217,209,225,239,240,186,192,173,161,145,164,157,158,133,165,139,138,112,108,92,89,79,74,65,63,59,54,49,45,39,38,38,34,31,28,22,17,14,14,12,10,8,8,8,4,4,4,3,3,2
prose	2	48	2	host	22248,14730,11375,8915,7652,6894,6321,5022,4481,4127,3810,3451,3211,2912,2906,3128,2744,2520,2518,2337,2338,2170,2133,2433,1848,1711,1927,1822,1668,1668,1648,1507,1627,1603,1523,1592,1402,1508,1429,1389,1451,1301,1325,1356,1229,1180,1195,1133,1096,1075,1105,1051,1065,998,946,909,956,1065,876,1088,1089,953,904,889,912,823,1035,913,857,845,801,853,822,696,822,695,738,751,655,674,674,713,720,696,621,607,742,556,565,723,834,626,586,596,752,617,569,532,518,517,574,538,528,567,562,544,531,467,485,437,406,439,410,456,402,477,493,427,405,403,451,492,386,378,347,369,468,380,359,470,371,418,399,407,420,384,346,331,295,313,334,290,326,353,441,333,332,302,323,300,268,266,299,257,251,259,269,241,284,248,277,241,246,241,258,254,231,384,283,284,230,211,190,203,213,214,202,196,317,247,257,230,235,222,203,209,197,216,187,167,154,141,150,141,133,121,114,104,151,126,108,103,93,115,96,115,102,118,125,144,127,195,203,234,201,185,164,161,175,147,128,180,203,159,141,129,201,181,172,159,138,119,109,100,91,81,75,70,65,58,52,49,45,40,38,35,32,28,25,23,22,20,17,13,12,8,7,5,5,3,3,3,3,1,1,1,1,1
prose	2	48	2	card	12538,4483,2976,2325,2012,1812,1664,1521,1381,1252,1160,1091,1006,931,881,828,771,732,673,639,608,579,542,504,476,450,425,396,370,346,321,302,285,269,252,237,218,197,184,173,158,140,132,118,106,94,84,78,73,62,56,47,39,34,27,22,14,10,8,5,2,0,0,0,0,0,0,0,0,0,0
prose	2	48	3	host	23417,16547,13401,10550,9925,8254,6724,5554,4734,4549,3907,3507,3416,3444,2647,2573,2784,2452,2491,2558,2782,2072,1960,1798,1991,1747,1954,1793,1635,1562,1514,1685,1577,1593,1301,1370,1267,1373,1362,1351,1296,1157,1268,1136,1056,1104,1121,1052,1025,966,1018,940,999,1096,954,931,869,857,837,844,967,800,860,864,752,1166,902,808,742,705,797,707,775,676,728,661,755,629,672,556,613,642,626,565,553,553,602,685,515,553,619,583,579,507,539,509,581,513,502,462,451,629,407,476,484,425,393,530,471,657,448,444,427,421,397,433,418,393,339,582,306,295,311,356,370,415,334,336,383,372,376,349,315,350,305,283,296,252,269,264,252,218,226,268,279,257,292,327,354,304,295,245,283,307,380,279,250,227,201,207,228,204,187,190,179,170,166,150,191,163,149,212,163,267,194,199,168,146,143,169,194,162,143,149,135,122,126,261,239,206,263,196,197,173,157,158,141,176,136,124,173,146,152,168,160,188,194,187,158,141,124,127,162,123,105,110,100,107,91,84,74,84,123,73,61,59,55,48,44,42,40,36,33,32,26,25,18,18,16,13,13,11,9,7,7,6,4,4,2,2
prose	2	48	3	card	11873,6024,3885,2849,2314,1942,1710,1519,1344,1217,1123,1046,948,856,782,723,680,631,583,536,496,456,419,381,353,331,306,281,260,242,221,209,193,179,159,149,131,121,110,98,89,81,75,65,62,54,49,41,33,28,28,23,17,14,6,2,1,0,0,0,0,0,0,0,0,0,0,0,0,0,0
prose	2	48	4	host	27103,17883,11501,10639,8530,7211,5317,5499,4219,3763,3417,3010,2875,2710,2484,2693,2333,2191,2196,1883,1884,1753,1730,1765,1894,1614,1698,1523,1438,1475,1543,1532,1536,1370,1366,1422,1341,1286,1311,1303,1267,1257,1182,1110,1099,1123,1011,897,1064,1098,1096,924,913,1091,867,864,1019,845,807,800,804,792,1028,838,782,933,841,768,715,758,819,781,903,755,720,758,635,606,652,595,674,666,571,559,666,657,594,538,499,545,479,573,514,577,563,553,587,528,478,493,503,644,516,464,421,401,456,472,410,423,379,587,512,443,440,423,424,422,398,343,360,322,356,357,365,364,359,336,335,351,363,412,374,358,371,404,299,279,309,360,410,426,349,329,302,299,265,241,248,221,226,210,199,199,219,222,254,219,213,236,242,235,265,198,176,260,173,159,173,149,182,162,186,171,204,255,209,257,209,226,244,257,216,177,160,149,195,136,121,144,141,184,132,162,155,141,141,179,188,165,135,120,118,107,146,160,174,276,260,185,178,152,138,230,172,154,263,177,150,144,135,120,110,103,93,89,96,86,79,73,69,60,55,52,49,45,41,38,33,30,25,24,24,24,21,18,15,13,12,10,10,8,8,8,4,4,3,2,2,1,1,1,1,1,1,1,1
prose	2	48	4	card	10568,6310,4705,3530,2996,2515,2089,1899,1672,1447,1291,1163,1051,980,915,853,805,732,699,650,618,585,543,516,494,454,432,411,385,361,335,317,297,277,251,233,216,203,184,173,161,144,129,121,107,98,85,77,69,64,60,53,45,38,33,23,19,16,12,7,3,2,1,0,0,0,0,0,0,0,0
prose	2	48	5	host	21997,14055,11986,8775,7649,6856,6320,4635,4450,4418,3983,3709,3356,3024,2946,2677,2415,2919,2377,2538,2238,2096,2011,2288,1963,1991,1674,1825,1791,1761,1581,1609,1494,1510,1605,1521,1451,1382,1307,1603,1341,1266,1084,1320,1284,1159,1071,1067,1121,1009,934,906,979,957,1037,1138,963,889,915,842,908,869,830,833,857,801,1003,838,764,765,786,693,750,786,812,767,730,689,704,615,573,608,717,698,616,594,708,606,661,576,567,517,482,478,482,478,512,495,493,539,484,471,433,453,388,493,397,524,466,515,476,551,471,395,410,464,446,371,373,362,409,329,356,389,395,381,394,371,343,368,389,401,380,326,309,378,283,253,275,263,244,284,246,209,219,209,228,223,245,231,213,244,254,226,265,220,243,223,224,262,286,226,250,211,187,259,212,203,224,256,236,199,258,184,161,147,153,142,131,117,132,109,97,116,158,126,127,192,202,146,155,174,128,119,195,173,186,323,210,181,157,184,138,145,152,213,214,182,178,180,169,158,207,171,149,124,114,128,123,112,97,92,87,118,100,96,86,76,72,67,63,61,57,50,46,44,41,33,32,31,28,26,24,23,19,18,15,13,12,11,10,9,9,6,6,4,3,2,2,1,1,1
prose	2	48	5	card	10932,5469,3999,3453,2982,2545,2184,1946,1730,1576,1465,1353,1254,1154,1073,1016,949,882,829,786,738,698,649,608,571,534,512,477,437,416,393,374,346,322,302,285,264,245,227,206,191,177,164,155,142,129,114,99,89,77,68,60,55,50,42,37,26,19,13,10,7,6,4,1,0,0,0,0,0,0,0
prose	2	48	6	host	27863,19253,12543,10162,8223,7729,6348,5787,5074,5174,4365,3748,3546,3596,2860,3262,2595,2571,2628,1990,2231,2266,2098,2023,1918,1683,1596,1772,1374,1610,1502,1328,1413,1326,1303,1143,1223,1006,1156,1088,961,1119,933,1074,997,1025,942,991,1374,918,792,827,758,715,729,799,718,719,650,652,646,620,901,636,536,582,614,558,666,590,697,493,550,814,497,446,617,574,388,373,515,513,410,643,701,464,450,444,373,324,334,328,422,342,419,456,465,362,379,367,307,333,425,288,340,434,276,284,254,304,282,279,226,221,196,250,237,204,191,313,254,267,301,262,196,191,286,289,242,254,243,203,194,186,189,169,222,167,175,242,177,165,144,188,240,143,127,115,110,135,190,162,173,154,137,112,108,143,205,184,152,370,225,211,296,198,170,153,208,162,118,105,165,145,174,156,143,126,108,99,103,98,82,75,69,65,62,54,51,47,44,62,53,50,49,47,41,39,37,36,33,32,28,24,18,18,17,15,12,11,10,10,10,8,7,7,5,5,4,4,4,4,3,2,2,2,2,2,2,2,2,2,2,1,1,1
prose	2	48	6	card	16717,11277,7468,5218,3503,2833,2397,1952,1638,1397,1250,1144,1021,942,852,779,709,648,595,551,508,468,424,392,353,326,297,269,244,222,204,184,170,157,135,124,106,96,84,76,65,57,52,40,30,27,23,22,15,10,5,5,3,2,0,0,0,0,0,0,0,0,0,0,0,0,0,0,0,0,0
prose	2	48	7	host	32239,19804,15546,11835,9856,7764,6785,5191,4993,4108,4008,3692,3049,3186,2773,2452,2577,2281,2206,2096,2148,1868,1673,1796,1632,1588,1752,1500,1769,1482,1498,1417,1255,1288,1217,1403,1080,1372,1104,1032,1100,1041,1046,1002,910,984,1083,846,870,915,788,928,1182,1004,793,716,811,716,810,736,868,821,771,834,688,708,563,628,646,671,670,714,667,585,619,574,629,503,693,554,508,551,564,439,497,512,485,729,558,553,496,472,465,404,380,355,363,322,337,359,327,409,366,329,379,384,408,312,315,302,354,292,283,247,275,374,260,329,389,339,289,257,289,243,197,329,281,322,291,230,216,261,229,213,178,239,162,165,157,136,124,114,102,193,209,169,195,235,325,235,193,272,330,227,281,312,352,377,234,246,216,197,417,207,173,141,172,129,128,118,109,94,144,93,83,78,74,104,128,250,211,130,109,225,122,91,83,72,61,55,50,46,40,49,41,38,38,33,29,27,24,19,17,17,15,12,9,8,8,7,6,6,5,5,4,4,4,4,3,1
prose	2	48	7	card	17087,7859,4815,3645,2719,2259,1874,1634,1467,1239,1104,988,902,821,747,689,626,579,529,488,444,417,375,345,320,304,275,245,221,191,175,158,147,132,119,107,93,85,79,64,55,46,39,37,30,28,25,19,15,10,7,6,5,4,2,1,0,0,0,0,0,0,0,0,0,0,0,0,0,0,0
prose	2	48	8	host	31605,23639,17696,13725,11072,8860,6943,6156,6340,5204,4236,4574,3516,3729,2941,2999,2581,2715,2559,2867,2049,2225,2226,2011,2034,1901,1716,1887,1804,1437,1527,1676,1571,1659,1552,1458,1505,1386,1218,1297,1236,1249,1123,1078,1205,1370,1014,1063,1122,936,1001,1014,966,1125,868,886,771,870,831,824,768,742,809,744,782,677,627,773,642,628,911,716,718,592,682,770,582,857,713,679,535,586,523,523,473,485,495,466,438,470,448,416,598,484,506,395,355,308,387,349,470,308,341,401,371,501,427,306,277,357,392,342,340,314,262,251,257,320,385,331,263,266,239,228,232,202,304,184,210,256,233,260,215,227,181,158,160,192,172,155,136,191,163,173,159,215,178,148,164,137,143,128,114,160,169,148,267,291,245,188,304,203,192,200,159,148,146,124,156,198,347,175,128,131,145,149,134,129,152,97,130,116,101,88,76,71,61,52,45,45,41,36,35,32,29,27,25,23,86,41,32,31,20,19,18,16,14,10,9,6,6,5,5,4,4,3,3,3,2,1,1,1,1,1,1,1,1,1,1,1,1,1,1
prose	2	48	8	card	6768,4016,3204,2343,1945,1615,1389,1218,1076,964,864,768,689,635,565,508,446,413,370,328,304,273,250,227,202,185,163,152,129,122,112,103,89,84,71,64,57,50,43,36,31,25,23,17,14,12,9,8,6,5,5,4,2,1,1,1,0,0,0,0,0,0,0,0,0,0,0,0,0,0,0
prose	2	48	9	host	23934,17159,14624,11916,10446,7957,6390,5608,5019,4491,4409,4482,3856,3375,3175,3002,2648,2544,2412,2248,2315,2245,2023,2042,1841,1983,1834,1869,1735,1638,1577,1543,1377,1449,1671,1347,1298,1213,1187,1057,1109,961,981,931,1006,1159,973,860,932,1044,824,919,901,790,670,851,943,845,705,763,704,658,579,611,804,697,780,652,623,734,688,786,631,616,608,671,614,595,543,529,505,517,430,640,525,476,519,456,554,503,415,431,371,424,506,386,381,376,350,422,425,395,342,340,326,331,372,303,446,351,316,249,253,237,401,276,285,270,253,244,272,306,272,250,256,364,264,341,268,243,262,197,175,240,239,239,179,205,199,193,170,184,161,154,280,254,293,208,235,245,196,184,174,254,224,179,173,212,196,175,179,284,197,164,140,144,148,111,116,100,114,154,152,106,124,113,90,99,81,108,83,76,72,119,100,86,121,131,112,89,79,70,67,212,158,150,122,102,78,61,53,46,44,39,36,30,26,23,20,17,15,15,14,13,12,11,7,6,5,5,5,4,3,3,2,2,2,2,1,1
prose	2	48	9	card	23260,7874,4613,3724,2850,2426,2057,1764,1505,1315,1133,978,849,750,672,582,515,447,390,348,304,277,250,220,194,175,158,143,125,112,102,88,76,70,61,50,45,40,35,29,25,20,14,8,6,4,3,2,2,1,1,0,0,0,0,0,0,0,0,0,0,0,0,0,0,0,0,0,0,0,0
prose	2	48	10	host	21813,12948,10241,9500,8109,6629,6775,5942,5325,4615,4492,4463,3914,3921,3668,3495,3347,3274,3131,2790,2839,2684,2540,2496,2367,2174,2398,2411,2132,1893,2153,1896,1961,1826,1703,1609,1689,1657,1482,1746,1529,1452,1427,1404,1251,1198,1564,1370,1222,1202,1361,1285,1003,1002,1081,1053,1085,985,1040,923,1076,856,1077,947,882,929,898,861,798,840,894,866,814,675,815,717,696,604,580,865,931,894,625,576,593,665,660,519,515,501,555,698,516,464,439,461,486,594,547,531,562,479,394,408,368,429,457,378,580,365,381,343,374,380,344,340,359,410,482,560,438,396,332,284,378,313,339,443,340,298,308,316,247,226,210,266,308,299,285,249,227,252,452,349,264,286,261,258,196,329,434,364,286,239,193,165,247,211,225,199,185,178,162,171,193,270,211,179,155,137,123,132,262,173,142,122,152,182,202,214,268,276,239,203,179,194,169,208,172,152,125,115,105,98,91,114,136,113,144,106,95,82,76,68,95,74,70,62,57,47,42,39,34,32,44,40,35,29,26,23,22,20,19,19,16,15,12,11,10,10,8,7,7,6,5,4,3,3,3,3,3,3,3,3,2,2,2,2
prose	2	48	10	card	7424,4662,3393,2976,2565,2271,1953,1753,1544,1387,1301,1190,1093,974,893,792,724,658,622,569,518,463,427,387,350,317,292,265,231,213,191,174,156,139,127,111,101,89,81,72,62,51,45,42,37,31,24,18,14,13,9,6,5,5,4,2,1,0,0,0,0,0,0,0,0,0,0,0,0,0
prose	2	48	11	host	26213,19916,12710,9259,8318,7061,6130,6133,5375,4878,4738,4208,3868,3722,3417,3867,3032,3179,2750,2831,2865,2631,2373,2249,2343,2383,2334,2035,2093,1982,2107,1747,1753,1596,1747,1488,1595,1552,1530,1414,1349,1265,1426,1348,1144,1116,1233,1177,1202,1301,987,1103,1067,988,1122,1051,1017,838,894,974,840,855,896,790,721,809,707,690,802,728,861,672,682,634,712,699,745,595,602,550,654,652,694,563,573,610,684,536,721,461,479,481,561,547,581,526,510,442,592,535,383,428,402,340,334,393,420,406,387,350,369,393,351,354,327,286,426,553,394,329,266,307,273,252,243,338,290,295,313,258,252,340,287,230,219,371,321,211,224,204,205,289,238,233,250,213,243,294,236,215,188,173,149,139,127,179,223,227,267,212,175,180,162,208,154,146,147,218,174,146,132,275,334,226,157,177,164,141,154,178,259,201,278,204,158,161,143,145,113,106,96,88,204,119,102,85,112,86,94,85,72,65,60,51,47,44,40,52,92,51,45,42,34,30,29,25,23,23,21,19,16,15,13,12,11,11,9,8,7,6,5,5,4,2,1,1,1
prose	2	48	11	card	7712,4368,3345,2710,2226,1884,1668,1459,1310,1192,1096,953,868,796,740,672,612,556,515,483,447,413,385,359,339,306,282,257,231,212,194,178,161,139,129,113,98,91,83,72,62,58,46,37,33,27,23,20,16,9,7,2,2,2,0,0,0,0,0,0,0,0,0,0,0,0,0,0,0,0
prose	2	48	12	host	18247,14340,12194,10212,8111,7913,5794,5798,4929,4614,4277,3539,3919,3330,3190,3201,3007,2973,2858,2460,2614,2688,2468,2121,2287,2045,1953,2217,1952,1935,1871,1867,1647,1577,1760,1552,1636,1363,1503,1522,1450,1214,1304,1308,1203,1270,1203,1122,1178,979,1096,1069,966,964,1081,1019,921,994,972,814,887,858,886,901,867,992,845,771,766,834,863,746,772,810,749,854,773,698,806,657,665,753,615,707,698,627,570,535,566,625,583,570,490,483,590,601,569,560,464,432,421,459,477,426,469,562,506,530,501,437,619,461,440,396,353,418,430,396,433,377,442,499,432,440,327,293,309,308,379,451,379,304,332,304,338,315,309,309,340,391,301,254,230,205,222,258,244,226,220,203,229,248,225,203,184,225,189,169,147,157,184,133,121,125,210,180,432,263,276,206,161,166,146,128,168,184,204,184,189,201,188,187,201,148,191,285,195,237,216,190,177,175,201,184,153,139,170,146,125,103,135,121,111,106,94,113,88,106,87,71,109,91,77,73,65,60,55,48,40,35,31,29,26,24,22,18,18,15,12,12,11,11,10,10,10,9,8,5,4,4,4,3,2,1,1,1,1,1,1
prose	2	48	12	card	8888,5370,4201,3476,2964,2543,2120,1831,1607,1449,1301,1188,1098,1003,930,857,801,752,699,655,615,560,522,482,449,419,390,365,343,319,294,268,246,234,216,200,176,164,148,135,121,107,99,90,75,64,56,52,45,39,32,24,17,14,11,10,7,5,4,1,0,0,0,0,0,0,0,0,0,0
prose	2	48	13	host	14227,9688,8359,6992,5896,5430,5231,4454,4278,3785,3670,3727,3406,3655,3077,2845,2833,2698,2601,2461,2424,2525,2349,2084,2320,2023,1899,2019,2048,1905,1692,1845,1688,1697,1654,1746,1554,1488,1509,1336,1620,1439,1393,1324,1440,1404,1425,1352,1287,1314,1278,1160,1167,1309,1150,1251,1099,1080,1009,1135,1147,966,1021,1192,1056,986,932,919,963,879,906,1010,858,881,828,803,1140,1077,836,834,938,908,959,759,760,710,725,703,1000,658,724,745,763,787,752,651,732,797,636,543,634,624,628,719,637,624,643,688,781,767,625,561,595,575,521,559,511,441,454,419,443,574,484,450,494,476,497,486,495,473,468,502,516,412,458,453,390,400,373,328,342,299,321,371,442,440,467,492,548,425,379,376,333,315,328,338,328,269,287,268,249,247,257,230,288,375,326,311,326,303,362,359,297,261,315,244,273,244,221,244,221,242,324,219,200,297,216,208,211,222,219,213,190,175,231,190,155,140,138,215,135,153,185,241,175,157,194,217,238,200,178,151,258,269,175,178,168,179,152,167,147,176,221,227,213,189,187,153,143,133,122,176,161,162,154,129,142,162,132,107,100,86,71,68,87,63,57,79,61,55,47,41,37,33,28,21,21,17,17,15,15,13,9,6,6,5,3,3,3,3,3,3,3,2,1,1
prose	2	48	13	card	9440,6374,4121,3001,2378,2051,1794,1614,1448,1344,1244,1140,1062,983,926,869,808,749,689,643,610,581,549,518,488,454,428,393,368,343,324,303,280,265,244,226,210,190,175,158,153,141,123,115,102,94,90,84,73,60,54,45,37,32,28,20,18,15,8,3,1,0,0,0,0,0,0,0,0,0
prose	2	48	14	host	24795,14083,9583,8383,6443,6172,5548,4841,4483,3851,4110,3623,3423,3249,3115,2661,2702,2826,2558,2722,2390,2248,2521,2023,2017,1863,1894,2001,1802,1616,1771,1593,1676,1525,1511,1529,1991,1357,1322,1344,1467,1321,1271,1176,1313,1320,1163,1062,1129,924,1146,974,1104,1022,938,948,854,1007,952,808,709,876,818,822,802,705,758,754,890,884,849,739,769,696,690,716,660,705,812,566,775,668,716,547,502,600,670,588,568,484,546,450,653,535,531,497,491,518,437,427,444,471,377,440,526,423,388,480,387,371,472,487,403,364,340,320,301,391,372,319,270,302,342,260,344,440,439,367,285,357,304,295,253,350,269,236,316,344,400,289,311,274,295,242,267,218,185,247,236,205,218,194,166,187,185,150,159,149,126,271,158,179,185,279,229,236,223,194,232,223,306,329,295,329,258,212,182,227,175,182,196,187,204,198,219,221,183,198,225,196,222,218,176,151,134,120,110,100,90,85,79,74,92,73,129,77,70,65,59,49,42,40,37,34,28,26,24,19,19,48,34,30,27,26,23,20,18,17,14,13,12,9,8,6,5,4,4,4,4,4,2,2,2,2,2,2,1,1
prose	2	48	14	card	11658,7010,4967,3797,3242,2796,2452,2211,1993,1823,1676,1537,1416,1293,1206,1127,1031,950,889,812,751,710,660,607,577,533,490,455,424,385,363,335,307,282,262,243,221,199,185,167,152,133,118,105,97,89,80,72,60,47,40,35,25,21,13,10,9,3,1,1,1,1,1,0,0,0,0,0,0,0
prose	2	48	15	host	16051,11662,9474,8174,7097,6435,5441,5010,4609,3840,3932,3783,3761,3167,3044,3221,2734,2764,2674,2495,2618,2291,2537,2418,2274,2080,2029,1895,1932,1862,1878,1696,1625,1667,1522,1624,1512,1539,1394,1480,1350,1476,1322,1248,1521,1527,1167,1070,1194,1169,1276,1241,1166,1085,1144,972,998,1078,1057,938,1024,1066,974,923,871,873,857,798,777,854,859,869,801,791,696,708,768,734,679,752,728,664,692,616,677,676,673,613,635,614,615,776,619,574,597,545,567,646,577,634,586,736,523,517,613,500,469,479,492,540,492,491,524,475,552,510,480,434,425,382,377,405,375,456,470,427,408,377,398,386,385,372,350,367,366,372,343,340,312,323,316,363,316,372,341,355,299,260,315,303,263,292,283,301,273,351,292,277,327,319,260,244,223,226,218,236,221,221,242,244,207,211,246,295,276,247,244,294,258,254,247,222,240,214,183,176,160,168,182,199,176,164,159,157,157,160,147,140,145,131,144,131,144,134,188,207,253,190,162,165,192,172,178,151,187,143,146,127,116,188,180,152,170,161,215,155,154,135,132,126,117,114,103,95,91,98,103,128,113,103,90,110,117,99,102,82,99,107,92,78,76,67,59,52,49,44,38,34,30,25,24,22,21,18,16,14,13,12,12,10,8,6,5,4,4,3,3,3,1,1,1,1
prose	2	48	15	card	8346,5653,4348,3538,2949,2476,2191,1986,1807,1652,1486,1373,1226,1127,1036,955,881,808,735,681,628,581,544,518,486,460,429,394,373,351,328,317,298,281,255,243,219,209,197,180,167,158,146,133,128,112,105,99,91,80,75,68,59,50,45,38,34,25,19,12,7,5,2,1,0,0,0,0,0,0
prose	2	48	16	host	24860,14650,11902,10102,8004,6484,6535,5282,5184,5005,4103,3490,3640,3041,3144,3107,3406,2689,2699,2776,2621,2301,2146,2071,2025,2059,1990,2432,2084,1713,1811,1923,1633,1529,1652,1409,1495,1498,1339,1566,1441,1213,1452,1198,1108,1109,1252,1326,1068,1198,1024,1123,961,1086,1077,1126,844,889,833,1122,885,905,841,948,767,698,737,681,628,619,593,746,623,616,626,570,613,697,698,566,960,725,616,467,433,383,397,490,517,555,426,409,484,501,449,514,443,392,363,359,382,407,484,591,393,387,337,400,434,330,290,297,335,353,320,363,275,337,291,380,362,281,250,277,289,236,282,272,226,283,228,208,231,204,186,199,223,229,216,197,396,332,360,234,183,171,171,223,281,193,196,187,163,154,129,167,243,213,187,201,161,178,257,276,301,270,212,210,172,178,156,292,173,151,134,137,116,158,151,233,162,129,143,118,99,88,77,66,63,111,61,56,50,48,42,38,35,31,31,28,24,23,20,18,15,13,11,11,9,8,8,8,7,4,4,3,3,3,3,3,1,1,1,1,1,1
prose	2	48	16	card	17138,8227,5071,3544,2706,2153,1761,1551,1363,1251,1153,1058,987,899,836,757,712,662,611,566,523,491,455,427,391,361,330,305,280,263,243,216,196,183,162,144,132,121,106,93,81,71,62,54,46,38,29,21,16,12,9,4,2,2,1,1,0,0,0,0,0,0,0,0,0,0,0,0,0,0
prose	2	48	17	host	24567,17508,12458,10032,8272,6732,6628,5870,5224,4479,4427,3811,3316,3178,3219,3116,2533,2446,2489,2586,2229,2064,2145,2276,2180,1876,2063,1749,1880,1793,1914,1494,1652,1475,1531,1582,1321,1505,1378,1586,1320,1589,1230,1319,1269,1206,1164,1043,1015,1049,1020,1052,1002,1005,1126,952,1010,1102,999,938,913,972,868,921,942,970,961,784,884,676,785,776,771,686,675,981,726,648,623,687,659,691,653,696,653,653,575,675,822,687,590,519,502,563,522,538,497,471,620,581,509,540,486,578,562,470,503,470,465,567,666,458,445,418,505,434,484,389,410,406,340,300,312,376,347,299,365,353,409,395,372,423,331,318,279,355,302,320,319,322,273,248,323,344,323,313,229,274,289,294,262,266,208,197,289,301,274,271,225,198,244,205,256,292,206,213,273,219,183,200,178,162,163,147,125,203,146,135,123,187,162,186,151,148,132,136,141,191,188,216,209,203,260,290,219,266,297,295,290,251,228,205,235,200,172,197,155,145,181,131,120,113,130,112,97,89,84,79,71,63,59,55,51,47,46,100,60,54,46,50,39,35,32,28,24,24,20,18,18,15,13,12,11,10,10,7,6,6,5,5,5,4,4,4,4,3,3,1
prose	2	48	17	card	6475,4079,3012,2543,2140,1890,1663,1526,1365,1269,1173,1084,989,928,856,792,741,704,655,618,591,552,519,483,455,424,398,370,339,312,288,261,241,227,198,182,168,158,144,121,103,94,86,74,64,58,53,46,37,29,26,20,16,13,7,5,1,1,1,0,0,0,0,0,0,0,0,0,0,0
prose	2	48	18	host	20600,15943,10479,8673,7646,6528,5637,5469,4930,4006,4318,4420,3559,3451,3424,2918,2658,2539,2377,2423,2532,2235,2115,1950,2223,1908,2028,1846,1747,1566,1714,1637,1899,1495,1308,1606,1251,1457,1508,1207,1293,1171,1161,1363,1281,1340,1090,1065,1098,1044,993,982,1087,913,1010,1069,840,808,781,932,973,955,761,708,820,851,780,770,690,672,682,688,729,775,694,749,665,693,605,540,635,604,611,585,530,475,426,531,512,521,443,647,455,620,523,498,562,489,459,427,444,420,442,400,396,351,343,357,381,343,468,500,419,531,442,361,323,348,312,293,283,275,413,288,348,306,724,395,361,318,320,290,289,311,269,248,297,289,294,247,274,223,279,263,235,338,253,282,194,256,283,263,202,321,217,206,180,177,157,158,185,167,200,196,160,129,123,191,261,306,235,350,308,241,236,245,218,199,299,252,248,212,222,190,195,179,155,150,140,160,140,163,123,105,118,186,132,99,93,109,126,105,92,81,73,64,61,75,68,60,54,50,43,40,36,34,32,25,22,19,15,14,13,13,10,9,9,9,6,6,5,4,3,3,2,2,2,1,1,1,1,1,1,1,1,1
prose	2	48	18	card	15558,7801,5348,3994,3285,2678,2352,2038,1846,1665,1461,1332,1228,1117,1023,922,845,781,726,667,616,555,501,474,433,402,372,339,306,275,246,214,194,180,160,139,127,116,103,92,75,65,56,41,37,31,23,17,13,8,6,5,4,1,1,0,0,0,0,0,0,0,0,0,0,0,0,0,0,0
prose	2	48	19	host	15930,8437,6523,5365,4393,4102,3947,3535,3370,3179,3337,3128,2940,2867,2763,2693,2459,2524,2420,2216,2208,2020,2235,1956,2179,1951,1865,1995,1912,1781,1901,1725,1564,1597,1586,1561,1642,1553,1500,1511,1538,1394,1425,1311,1410,1381,1394,1318,1368,1209,1220,1299,1218,1173,1497,1243,1090,1156,1210,1136,1055,1103,1107,1100,1156,948,1008,1084,1067,1001,939,960,1019,1029,951,942,898,1008,980,959,929,879,829,856,849,836,826,817,832,865,776,814,853,734,868,789,726,738,707,730,731,658,685,640,677,637,576,591,609,700,666,648,800,707,776,660,585,548,590,578,553,549,491,570,670,617,580,541,500,463,433,477,453,464,548,595,587,524,451,449,420,406,421,439,483,503,444,415,413,455,429,394,390,407,449,435,403,401,385,460,400,416,365,363,361,431,372,388,324,328,338,386,313,363,315,315,291,292,321,326,323,463,347,307,303,283,271,280,266,276,306,271,240,208,201,281,247,230,217,223,181,221,347,324,285,238,213,198,184,182,205,218,234,201,170,222,184,176,161,151,137,136,153,194,175,158,144,131,117,107,109,140,113,115,138,126,175,187,135,161,255,249,183,159,143,143,189,163,184,157,137,125,121,111,153,119,98,89,100,83,73,71,64,57,52,51,47,44,40,37,35,26,24,20,18,16,12,8,6,6,5,1,1,1,1
prose	2	48	19	card	6043,4329,3514,2975,2637,2306,2105,1941,1798,1671,1562,1420,1338,1242,1178,1118,1067,1012,961,904,865,819,789,733,701,665,629,593,566,538,508,479,445,421,397,377,350,325,300,281,263,243,221,208,193,174,159,143,132,122,108,95,87,76,68,63,51,45,39,31,24,16,8,5,4,2,0,0,0,0
prose	2	48	20	host	25228,17213,14620,11373,9172,6644,5417,5163,4398,4749,3779,3512,3212,3198,3126,2997,2839,2651,2398,2673,2222,2442,2069,1932,1877,1744,1853,1672,2018,1636,1556,1574,1444,1473,1397,1183,1198,1245,1277,1185,1274,1193,1107,1083,998,972,1041,991,963,899,927,864,900,950,832,746,950,861,849,764,731,809,868,798,981,851,725,771,729,676,635,618,653,639,547,585,586,563,536,546,479,544,474,553,593,488,548,580,526,522,449,410,576,498,438,422,461,427,385,463,419,345,387,526,410,356,405,415,376,350,332,344,295,270,377,340,455,485,454,415,318,366,341,336,309,317,303,282,236,257,202,184,177,323,241,224,230,224,273,239,247,218,175,188,324,268,240,201,192,165,235,231,239,154,212,174,175,188,169,262,143,126,120,163,229,177,155,144,319,213,281,283,308,219,180,246,190,155,164,180,164,236,160,203,227,163,188,182,164,154,162,138,155,114,188,190,153,142,125,158,110,101,92,84,79,74,67,60,55,50,45,44,41,38,35,32,30,26,22,18,15,14,12,8,7,6,6,5,5,5,5,4,3,2,2,2
prose	2	48	20	card	16112,6339,4329,3005,2488,2231,1980,1752,1615,1468,1360,1258,1162,1083,998,920,857,789,743,683,636,594,553,518,484,456,421,395,370,332,312,290,270,244,227,199,181,165,147,129,109,91,81,71,64,58,48,39,31,24,14,9,6,4,2,0,0,0,0,0,0,0,0,0,0,0,0,0,0,0
prose	2	48	21	host	19709,15160,8941,7354,6421,5259,4726,4710,4126,3864,3778,3288,2987,2873,2807,2768,2832,2418,2360,2265,2420,2051,2025,2042,1948,2183,1786,1586,1662,1656,2014,1580,1490,1488,1501,1463,1588,1351,1183,1360,1232,1189,1131,1335,1213,1116,1207,963,1197,1068,1039,1005,1043,933,833,861,928,952,908,810,784,822,814,965,754,827,736,963,791,712,792,699,589,667,676,689,674,785,664,619,586,693,572,520,727,690,568,559,514,536,528,631,509,513,458,441,427,375,421,489,486,522,562,648,485,405,486,411,414,360,443,330,313,344,383,401,385,351,367,355,311,263,270,423,389,381,388,336,322,325,292,321,299,316,329,294,352,355,327,273,228,209,232,232,245,196,225,253,270,232,213,219,184,305,261,199,164,174,188,186,159,136,144,183,176,262,218,165,161,139,171,165,203,190,311,233,234,198,237,207,175,179,216,269,203,236,191,172,153,155,147,137,196,187,186,146,135,199,174,154,127,114,102,96,80,74,70,67,60,57,54,50,43,38,33,31,28,27,25,20,17,16,15,12,11,9,8,7,6,6,6,6,5,4,4,2,1
prose	2	48	21	card	15416,9351,6944,4872,3773,3251,2836,2501,2222,1992,1824,1682,1539,1434,1318,1196,1099,1013,943,871,824,761,714,670,615,574,548,509,476,448,422,396,370,340,316,287,271,253,233,214,194,172,157,148,126,112,101,93,85,70,66,59,50,42,32,23,16,7,6,3,2,0,0,0,0,0,0,0,0,0
prose	2	48	22	host	30981,20658,15178,9890,9896,7844,7210,6758,5240,4486,4229,4021,3637,3349,3095,3004,2719,2642,2444,2638,2614,2261,2297,2384,2389,2007,1870,1909,1780,1754,1722,1474,1501,1513,1498,1599,1436,1358,1375,1121,1375,1097,1101,1089,1074,1043,996,959,1180,1111,943,990,1007,947,983,844,843,868,815,1087,833,934,808,821,810,742,819,686,806,804,744,791,637,721,687,699,706,772,644,611,494,466,474,580,519,534,515,546,507,503,486,508,443,425,495,448,495,641,415,428,431,608,504,469,545,466,417,408,414,394,358,363,474,443,396,329,324,355,320,309,263,265,278,281,335,319,302,315,332,317,347,331,362,376,287,283,243,237,233,261,218,267,209,190,226,200,187,182,161,266,306,294,276,285,282,236,231,203,203,281,213,172,194,172,223,199,164,134,194,136,145,123,111,103,99,126,114,115,178,141,121,167,137,185,194,253,315,288,236,241,255,202,192,356,245,230,220,206,203,175,186,168,145,144,123,142,203,190,148,137,134,108,151,106,85,82,77,75,72,175,102,87,68,59,52,44,38,34,30,28,26,25,23,17,16,14,11,11,7,7,7,5,5,5,4,3,3,3,3,3,3,3,2,2,2,1
prose	2	48	22	card	10158,3397,2410,1955,1612,1394,1225,1082,957,857,779,716,647,587,541,496,462,429,399,368,332,309,290,260,231,208,192,177,159,146,132,122,109,99,89,79,72,66,58,54,48,43,34,32,25,19,15,12,9,7,3,2,0,0,0,0,0,0,0,0,0,0,0,0,0,0,0,0,0,0
prose	2	48	23	host	19952,16448,9417,7891,5691,5042,4474,3862,3405,3673,3302,3340,2868,2788,2528,2604,2596,2499,2353,2435,2305,2177,2064,1890,1920,1923,1684,1756,1710,1824,1746,1872,1765,1653,1550,1415,1564,1330,1578,1448,1332,1266,1417,1246,1345,1532,1208,1242,1340,1203,1190,1128,1088,1176,1040,1159,1035,1020,1092,983,917,844,928,863,906,797,859,861,942,950,820,811,879,783,816,748,716,763,795,941,773,755,708,663,619,622,660,643,665,594,633,815,732,748,634,572,538,543,623,536,499,529,502,556,507,560,487,510,607,513,483,470,480,473,436,458,509,457,460,451,436,440,472,434,445,446,464,438,400,360,369,385,333,352,375,325,323,351,408,365,344,441,374,413,364,332,301,331,291,336,335,320,303,272,256,299,284,361,309,312,492,320,307,284,241,273,264,220,228,250,243,236,215,245,193,249,204,251,280,267,277,225,260,235,241,236,254,214,191,192,210,182,164,152,138,125,119,178,131,127,138,159,147,140,119,115,113,103,98,108,89,138,149,131,149,131,211,153,140,138,142,178,148,155,149,366,227,201,191,156,165,153,142,125,133,112,101,92,88,95,78,74,68,67,87,70,59,58,52,48,44,38,34,32,30,26,22,22,20,15,13,11,10,10,9,6,4,3,2,2,2,2,2,2,1,1,1
prose	2	48	23	card	13166,5573,4002,3163,2659,2290,1859,1672,1472,1364,1247,1186,1107,1037,975,921,853,802,754,717,679,645,618,587,558,535,520,488,467,443,425,403,382,362,341,327,309,290,261,251,243,227,210,197,180,165,155,142,126,116,106,94,83,71,61,57,47,41,33,27,23,11,6,5,3,1,1,0,0,0
prose	2	48	24	host	26528,18142,12670,10583,8274,6963,5677,5206,4389,3775,3438,3305,2947,2678,2726,2772,2205,2321,2187,2356,2461,1718,1990,1582,1625,1639,1603,1551,1719,1373,1642,1302,1381,1263,1183,1376,1320,1239,1159,1232,1079,1102,1020,847,868,996,994,1127,872,795,889,813,850,729,747,720,848,734,740,750,958,625,620,586,599,555,613,567,581,550,839,638,507,657,562,567,531,423,561,494,452,472,456,552,552,408,484,374,391,322,409,520,489,574,479,480,384,363,349,355,311,348,310,283,338,514,290,301,302,247,265,234,300,313,264,263,253,260,268,252,262,244,230,235,238,205,256,248,224,217,204,461,220,197,277,231,438,331,202,182,198,376,188,164,139,130,116,123,120,130,142,147,190,166,143,207,186,159,191,295,224,178,160,147,163,154,195,157,140,147,221,165,201,256,217,218,167,148,133,126,129,332,170,124,106,96,89,82,71,87,73,68,69,66,57,77,60,53,47,43,35,29,24,23,20,20,18,17,16,14,14,11,9,8,8,8,7,7,6,6,6,6,5,5,5,4,4,2,2
prose	2	48	24	card	25100,11979,7632,5017,3655,2631,2155,1790,1554,1430,1234,1127,1023,935,858,769,703,645,599,543,491,464,432,395,363,334,295,269,249,236,217,199,177,162,142,127,115,100,89,77,67,62,55,48,41,34,29,20,15,11,8,4,2,1,1,1,0,0,0,0,0,0,0,0,0,0,0,0,0,0
prose	2	48	25	host	37337,28049,19363,13533,10061,8863,7143,6437,5541,4550,4977,4015,3671,3556,2799,2755,2980,2198,2564,2465,2140,2158,2085,1699,1551,1627,1714,1571,1434,1236,1243,1205,1039,1203,992,1688,958,893,1079,996,938,1466,955,804,728,706,835,699,731,713,610,507,710,635,628,648,606,525,551,560,592,558,556,598,529,560,489,460,408,432,418,516,676,498,479,392,343,354,356,396,317,399,470,361,318,422,378,469,337,318,283,249,257,279,263,249,231,245,252,211,258,282,481,361,318,272,323,232,283,283,224,193,201,191,197,208,243,263,191,230,203,179,160,150,153,143,127,121,112,102,94,180,202,294,277,205,181,160,148,252,228,378,314,226,200,187,215,190,199,165,207,174,139,131,160,189,238,175,200,150,135,169,139,126,114,103,89,82,120,101,79,81,82,163,175,113,106,75,64,57,53,49,45,41,37,32,27,26,26,23,20,18,16,13,13,10,8,8,7,5,5,5,4,3,3,3,3,2,2,2,2,2,1,1,1,1,1,1,1,1,1,1,1,1
prose	2	48	25	card	16810,5597,3942,2840,2209,1801,1557,1392,1238,1102,975,863,785,687,612,555,507,458,420,369,333,297,273,240,207,191,174,154,140,122,107,95,84,78,72,63,50,45,41,39,31,25,19,14,7,4,2,2,1,1,1,0,0,0,0,0,0,0,0,0,0,0,0,0,0,0,0,0,0,0
prose	2	48	26	host	29396,23017,16566,12536,11744,9869,7586,5987,5955,4404,4609,3905,3962,3144,3355,2675,2813,2385,2471,2126,2570,1739,1914,1782,1749,1753,1677,1582,1732,1841,1596,1647,1317,1696,1264,1245,1083,1200,1076,1495,1312,1004,986,993,834,924,798,890,909,913,813,752,881,771,775,661,763,752,736,739,623,604,741,687,716,630,592,562,536,526,759,587,598,499,717,705,785,700,499,453,467,457,393,467,514,422,461,534,499,527,425,375,414,424,448,348,307,346,450,375,376,366,379,332,319,334,370,378,323,284,286,278,343,294,283,238,264,256,334,286,234,252,199,217,237,231,285,294,234,239,274,298,263,292,363,245,222,197,182,206,183,170,152,200,313,142,128,119,105,102,94,96,123,145,369,227,141,130,173,259,224,205,240,282,246,212,211,192,176,224,189,169,192,253,189,171,236,215,208,201,215,347,202,161,133,115,102,92,87,79,76,85,76,66,59,56,50,48,46,43,39,38,34,30,28,25,23,20,19,15,14,13,12,10,10,9,8,5,5,5,5,5,5,3,2,2,2,2,2,1
prose	2	48	26	card	11838,5697,3833,2797,2261,1920,1652,1415,1219,1088,996,912,837,768,718,644,581,540,475,432,407,374,340,309,285,258,241,212,193,177,157,140,129,116,104,91,81,72,70,57,50,43,36,24,21,17,11,6,2,2,1,0,0,0,0,0,0,0,0,0,0,0,0,0,0,0,0,0,0,0
prose	2	48	27	host	30128,19997,16496,12114,9919,7262,6365,5718,4709,4580,3431,3612,3187,2838,3412,2905,2313,2590,2275,2308,1925,1947,1945,2004,1593,1427,1662,1560,1636,1218,1187,1477,1264,1170,1170,1339,1326,1202,982,1121,1113,969,983,1140,930,990,1110,945,1020,840,891,784,902,880,745,852,768,718,675,797,648,620,803,679,589,609,581,585,687,601,588,590,564,532,660,555,680,513,541,541,471,526,616,512,439,490,458,473,483,440,445,520,439,444,383,402,432,413,413,533,408,351,415,506,405,616,417,393,350,388,370,408,359,571,360,381,321,415,315,294,325,450,356,262,296,316,331,285,266,307,265,314,283,263,222,304,523,335,247,245,254,252,229,196,212,204,184,209,243,205,209,198,261,316,287,234,275,193,184,167,153,140,138,123,129,141,165,125,179,157,199,299,310,267,219,215,170,213,173,166,164,196,342,152,127,179,127,116,149,203,162,142,146,178,125,137,253,174,146,132,142,144,122,112,96,87,76,77,181,88,100,93,82,71,66,58,53,49,47,40,35,76,52,47,39,33,31,29,28,26,24,22,18,17,15,13,11,11,9,8,8,8,6,6,6,3,3,3,3,2,2,1
prose	2	48	27	card	12497,7662,5150,3564,2796,2271,1957,1730,1491,1295,1120,988,895,791,706,642,597,551,500,458,431,393,357,325,292,259,238,211,187,172,158,146,130,123,107,95,90,78,68,61,52,49,44,39,30,25,22,16,11,6,5,2,2,2,1,0,0,0,0,0,0,0,0,0,0,0,0,0,0,0
prose	2	48	28	host	32903,26767,19086,13782,11565,9041,7596,6324,5746,5468,4715,4106,4136,3802,3447,2807,2624,3097,2058,2363,2232,2149,1663,1975,2120,1530,1518,1559,1548,1674,1383,1413,1370,1519,1502,1094,1296,1175,983,1091,968,1176,888,1104,1023,837,811,813,833,872,1021,891,768,730,748,704,818,753,843,862,781,651,836,594,566,746,651,622,557,560,563,578,681,529,519,556,482,445,393,418,488,448,359,330,483,534,578,475,561,387,398,342,369,339,343,290,299,283,305,287,274,425,353,469,325,270,262,226,314,235,228,240,390,395,313,277,218,224,320,435,271,277,231,417,396,224,185,200,158,158,186,206,203,187,154,143,181,140,132,116,104,96,143,167,165,357,207,178,415,337,249,204,170,204,178,157,159,181,183,171,159,266,157,213,195,234,175,152,152,129,117,124,217,243,145,132,133,133,116,104,95,85,76,71,64,61,55,81,70,61,49,44,43,40,34,31,29,23,21,20,18,16,12,8,8,7,6,6,6,5,4,4,4,4,4,4,4,4,4,4,2,2,1,1
prose	2	48	28	card	7332,4710,3367,2753,2243,1766,1516,1308,1147,1038,929,829,727,650,590,527,487,451,414,379,353,328,301,273,253,231,214,197,178,162,151,135,119,106,94,79,71,58,54,50,43,33,27,22,15,11,2,1,1,1,0,0,0,0,0,0,0,0,0,0,0,0,0,0,0,0,0,0,0,0
prose	2	48	29	host	36610,20094,12274,8582,7698,6569,5989,5281,4443,4188,3660,3746,3574,3136,2993,2848,2483,2296,2260,2175,1997,1904,2187,1989,2260,1836,1679,1692,1769,1668,1555,1556,1493,1394,1461,1332,1272,1290,1291,1092,1212,1038,983,1011,1008,959,994,890,848,880,1224,1149,950,830,904,836,936,854,757,729,768,720,724,752,712,737,729,737,665,590,718,607,680,713,592,561,510,503,546,493,532,490,494,670,542,490,682,637,595,531,476,466,482,402,478,413,360,540,370,418,505,583,425,420,418,433,366,361,304,363,358,363,328,341,294,290,444,349,371,286,315,395,288,271,259,273,318,279,236,227,214,231,244,266,239,286,315,286,254,280,248,236,235,193,203,325,232,229,218,209,188,443,182,187,221,269,201,164,147,138,166,141,140,150,134,126,144,142,205,186,163,128,115,129,121,161,139,215,219,207,170,154,175,274,169,194,347,328,193,150,132,130,159,186,169,159,157,133,116,101,91,84,78,72,206,114,100,61,52,47,42,37,34,34,31,29,25,23,21,20,19,18,16,16,14,13,11,8,5,4,4,4,4,3,2,2,2,1
prose	2	48	29	card	17727,7702,4208,3161,2496,1991,1688,1411,1253,1114,1008,910,832,759,686,606,553,497,464,409,379,339,312,289,262,242,229,216,191,178,165,145,130,119,110,96,90,83,75,65,57,51,49,46,37,31,25,22,17,10,10,5,4,3,1,1,0,0,0,0,0,0,0,0,0,0,0,0,0,0
prose	2	48	30	host	30741,15173,12556,8703,7044,5862,5543,4457,4016,3478,3539,3653,3226,2712,2699,2566,2386,2475,2383,2230,2094,2032,2092,1687,1730,1665,1710,1636,1456,1680,1570,1298,1460,1488,1373,1259,1262,1213,1224,1224,1165,1118,1363,1100,1035,1066,1041,1021,899,847,897,826,982,829,857,821,1164,933,940,772,757,784,785,688,742,608,602,634,675,685,763,747,713,579,516,585,601,595,599,573,512,525,526,512,558,552,513,496,442,486,524,394,366,392,404,426,412,455,481,471,452,409,418,408,631,406,360,369,303,290,308,331,299,351,282,325,394,372,314,341,332,389,348,279,305,276,239,233,214,211,207,188,213,167,153,136,167,246,385,230,268,278,263,259,298,246,219,218,188,181,164,147,130,123,115,109,119,115,131,99,142,179,164,275,201,177,198,204,185,143,134,137,467,424,206,190,274,167,175,141,166,220,175,204,163,169,148,124,140,167,145,160,121,106,94,80,69,62,60,59,54,48,44,40,36,34,32,31,29,26,24,21,21,20,18,17,16,12,11,7,7,6,4,2,2,2,2,1,1,1,1
prose	2	48	30	card	27870,8145,4901,3532,2752,2202,1911,1701,1480,1354,1216,1127,1043,966,904,857,802,756,697,657,607,571,540,505,475,440,416,386,357,339,309,284,262,243,217,207,189,176,163,145,131,122,104,95,86,75,64,55,45,38,31,26,18,13,10,5,3,1,1,0,0,0,0,0,0,0,0,0,0,0
prose	2	48	31	host	26697,16280,13051,10075,8532,7243,5848,5155,5094,4433,4307,3582,3523,3340,2728,2811,2757,2686,2287,2418,2334,2072,2125,1834,1773,1773,1751,1919,1724,1589,1604,1372,1734,1397,1438,1545,1399,1292,1240,1207,1171,1218,1100,1235,1199,1123,1023,957,862,965,1200,919,916,971,927,891,783,758,785,841,758,831,935,735,705,766,849,657,652,685,642,610,633,596,677,669,584,783,624,556,495,521,533,684,539,507,502,525,575,507,477,467,402,447,412,478,440,444,393,413,366,367,354,388,337,310,427,337,305,335,337,331,335,337,284,340,341,315,288,365,319,295,260,328,268,273,280,248,221,288,226,212,157,174,277,207,207,194,262,385,356,384,341,272,249,192,203,215,240,272,214,201,193,172,156,137,125,117,138,133,161,132,120,272,208,120,111,105,99,95,125,110,152,145,164,124,123,120,106,131,214,339,250,231,222,203,181,160,150,162,147,143,182,142,137,117,103,93,111,274,208,161,110,99,82,68,54,49,49,47,40,37,35,33,31,30,27,24,21,19,19,16,15,13,11,10,8,7,6,4,4,4,4,3,2,2,1,1,1
prose	2	48	31	card	15466,8142,5666,3758,2944,2539,2151,1876,1670,1497,1334,1198,1128,1005,917,847,772,724,668,617,564,528,488,447,409,375,351,333,310,284,263,247,223,201,182,171,155,141,130,113,101,92,83,75,65,56,50,41,37,32,26,22,19,13,7,4,3,2,0,0,0,0,0,0,0,0,0,0,0,0
prose	2	48	32	host	32953,27058,18466,12502,9889,8669,6418,4773,4219,3325,3531,2936,2769,2547,2702,2132,2533,2057,1981,1741,1915,1768,1820,2225,1642,1512,1510,1442,1466,1358,1389,1530,1235,1235,1184,1217,1248,1188,1146,1062,1181,1090,1112,1121,968,1046,968,974,826,774,891,709,891,935,831,996,863,693,847,810,820,733,712,716,659,736,662,707,602,647,644,606,627,730,591,668,663,751,579,516,503,499,486,461,509,465,525,473,407,525,546,477,498,427,431,525,478,486,467,386,355,523,357,345,332,397,307,290,336,384,345,461,306,378,311,300,294,277,253,285,262,223,236,273,248,269,308,356,293,270,252,222,230,255,218,217,199,184,337,268,221,548,281,243,243,211,193,201,286,184,206,233,271,171,174,159,233,192,203,175,186,165,140,156,133,138,128,115,128,170,124,146,154,127,219,192,392,231,213,185,219,181,303,412,314,166,176,152,128,167,128,114,156,125,124,136,118,112,101,90,83,76,128,87,78,89,81,70,65,59,55,54,49,44,42,39,36,34,31,28,22,20,20,16,15,15,13,11,9,9,8,7,6,3,3,3,1,1,1,1,1,1,1,1,1,1,1,1
prose	2	48	32	card	9724,5594,3873,2938,2503,2066,1848,1596,1421,1265,1143,1003,906,809,753,685,629,594,543,510,471,442,410,376,353,328,305,290,269,245,229,211,201,192,173,164,149,132,122,112,97,95,86,72,63,55,51,42,36,30,25,20,14,9,6,3,1,0,0,0,0,0,0,0,0,0,0,0,0,0
prose	2	48	33	host	24048,19270,15516,11228,7661,7008,5683,5001,4125,4152,3528,3190,3280,2877,2587,2380,2570,2132,2037,2099,1952,1784,2050,1815,1769,1499,1443,1480,1492,1374,1495,1401,1286,1480,1292,1345,1340,1159,1401,1159,1153,1124,1334,1071,1066,997,862,1037,1083,1036,983,857,970,1092,933,749,841,847,920,839,762,801,685,959,718,635,691,667,564,630,684,646,590,552,582,506,589,606,547,503,524,538,571,534,472,560,539,539,510,463,480,545,442,432,463,390,393,436,450,422,540,458,547,408,359,369,446,429,455,395,433,356,358,525,396,308,306,301,276,317,262,342,290,255,272,271,342,345,283,274,281,265,331,352,249,276,221,221,263,225,204,183,244,195,220,194,180,221,217,181,396,201,188,289,226,227,195,226,179,221,170,216,162,146,200,167,137,121,123,109,100,152,128,113,141,137,101,88,131,147,109,97,107,106,157,270,180,209,192,150,129,144,322,201,170,232,155,235,191,153,145,128,138,140,109,101,164,107,87,79,71,65,60,59,52,48,43,36,35,34,33,30,28,24,22,20,18,14,13,12,12,12,10,10,8,6,4,2,2,2,1,1,1,1,1,1
prose	2	48	33	card	19186,6708,4660,3362,2704,2338,2061,1846,1686,1522,1424,1323,1246,1168,1085,999,946,894,835,788,723,675,637,598,556,512,480,447,411,379,353,330,307,281,261,237,209,193,179,161,146,135,118,108,96,91,80,69,63,55,45,37,25,19,14,10,7,5,1,0,0,0,0,0,0,0,0,0,0,0
prose	2	48	34	host	20902,15264,10211,7218,6434,6246,5250,4319,4512,3943,3330,3405,3054,3041,2738,2495,2360,2066,2191,1982,2076,1904,1864,1816,1609,1669,1637,1691,1534,1484,1609,1358,1299,1342,1339,1402,1246,1169,1184,1065,1275,975,1196,1149,1301,1075,981,1033,966,923,935,884,942,785,809,883,913,763,982,783,727,785,920,838,750,642,672,717,686,613,652,651,612,795,678,624,596,615,529,600,564,504,579,573,638,612,516,444,516,411,458,407,477,427,456,567,466,498,442,370,401,407,407,362,359,415,350,327,394,475,382,352,390,356,290,288,270,270,269,231,323,284,342,319,309,334,349,302,263,254,241,223,248,222,370,270,262,254,226,213,323,258,200,195,189,230,191,201,238,287,201,187,217,176,179,193,183,298,181,150,146,148,151,167,141,157,197,178,149,136,141,181,152,137,152,137,117,224,177,138,138,122,113,134,237,347,167,138,152,269,197,161,146,126,165,136,116,103,123,156,145,128,328,175,171,182,135,122,102,109,102,87,81,78,73,67,60,57,53,50,47,41,39,38,37,35,32,28,26,25,23,21,19,16,15,13,10,8,8,8,8,8,5,4,4,3,3,1,1,1
prose	2	48	34	card	29851,14970,8817,4335,3105,2406,2036,1720,1523,1339,1195,1073,968,878,807,752,671,619,582,535,498,462,434,406,376,355,331,303,280,261,246,227,211,191,174,158,146,137,128,124,108,97,90,80,69,61,54,44,37,29,25,19,15,11,7,6,3,2,2,1,0,0,0,0,0,0,0,0,0,0
prose	2	48	35	host	30269,16267,13172,10726,8400,6185,6427,5617,5410,4546,3976,3576,3518,3504,3091,2917,2767,2780,2699,2546,2550,2426,2552,2327,2089,2020,2100,1957,2081,1910,1991,2020,1994,1753,1692,1675,1786,1560,1746,1707,1316,1347,1392,1251,1176,1330,1183,1212,1151,1096,1172,1003,1106,1119,984,1089,1024,924,944,1230,1034,1023,863,781,866,955,978,925,903,900,767,833,809,772,751,775,707,703,682,647,631,626,697,700,650,619,690,562,666,605,629,588,563,566,537,519,497,498,560,502,473,463,411,429,453,404,453,478,431,521,421,459,401,359,318,337,329,344,321,332,335,319,417,327,400,359,336,308,279,289,346,307,339,308,294,309,302,287,291,274,265,284,242,222,219,210,197,169,368,332,273,254,223,247,229,331,266,277,261,225,216,214,194,184,170,163,172,176,161,160,143,140,140,221,183,154,161,154,167,156,154,201,146,121,119,128,126,149,125,113,133,163,140,134,153,136,158,216,173,243,305,198,172,154,138,119,106,111,117,122,115,114,103,86,109,107,90,80,72,97,95,97,75,65,61,54,50,48,45,39,36,35,31,26,25,21,19,16,15,13,12,10,9,9,6,4,4,4,3,3,2,2,1,1,1,1,1
prose	2	48	35	card	7182,3585,2719,2255,1954,1718,1510,1356,1225,1104,984,884,805,725,660,611,553,517,479,435,404,370,342,313,283,258,234,214,196,177,155,139,129,112,99,92,85,77,67,60,55,50,46,40,32,26,18,15,10,7,6,4,4,2,1,1,0,0,0,0,0,0,0,0,0,0,0,0,0,0
prose	2	48	36	host	16693,11890,10413,8696,7423,6951,5236,5686,4890,4671,4232,4267,3903,3625,3342,3332,3090,3035,2787,2587,2576,2678,2248,2110,2127,2283,2077,1848,1789,1941,1807,1768,1752,1718,1642,1632,1681,1625,1390,1343,1436,1450,1388,1326,1296,1272,1211,1129,1290,1153,1134,1074,1154,1134,1189,1017,1053,1003,1092,943,871,817,798,1008,887,955,876,818,938,793,696,803,713,779,716,709,765,772,767,755,642,665,619,671,624,650,582,527,580,653,837,610,559,565,511,476,478,446,479,456,488,716,523,476,452,425,390,383,458,449,401,460,414,401,392,357,304,350,391,347,351,319,306,413,450,428,440,398,365,331,329,341,279,275,285,268,338,262,263,286,318,359,323,315,280,230,235,195,183,320,289,252,225,284,234,187,170,160,185,150,218,226,227,204,229,201,179,143,148,131,127,134,123,117,195,167,153,137,145,162,132,150,141,132,176,166,203,200,142,128,161,473,430,244,224,132,176,207,216,188,132,125,111,124,157,145,123,128,106,95,97,83,121,106,85,76,62,60,55,52,48,37,34,32,30,29,27,25,22,21,19,18,17,16,14,13,11,8,8,5,5,4,3,2,1,1,1,1,1
prose	2	48	36	card	12705,7282,4744,3281,2663,2277,2019,1797,1609,1454,1357,1241,1171,1074,1012,950,880,819,775,736,678,639,604,569,534,504,465,446,408,384,352,330,303,287,259,234,216,194,172,156,142,127,105,87,79,63,53,47,41,32,28,20,14,9,5,3,1,1,0,0,0,0,0,0,0,0,0,0,0,0
prose	2	48	37	host	27286,15315,10365,7733,6406,5449,4969,5105,4405,3853,3862,3865,3692,3180,3459,3143,2885,2909,2548,2614,2613,2565,2355,2226,2081,2305,1937,1914,2125,2027,2110,1753,1823,1674,1619,1668,1575,1515,1508,1393,1669,1523,1484,1504,1397,1494,1236,1175,1207,1445,1138,1000,1246,1040,1090,1048,1122,931,974,977,931,813,1005,955,945,802,834,844,866,843,780,749,943,761,710,706,687,620,633,683,680,796,708,618,550,533,489,552,532,485,580,680,574,628,645,559,533,446,450,554,525,438,429,447,471,417,424,386,385,366,441,459,482,430,471,338,344,394,373,346,319,323,305,270,314,286,471,314,284,290,311,253,287,279,358,291,249,251,240,216,283,264,250,252,229,243,220,233,207,232,221,222,194,170,247,267,197,185,185,176,170,173,232,202,208,215,198,178,212,189,195,155,150,136,127,148,126,145,130,128,135,125,144,132,173,131,110,140,140,159,198,174,169,142,138,129,162,173,400,167,157,152,130,116,113,139,124,116,105,91,81,77,69,81,65,60,58,52,48,45,42,40,35,32,29,27,24,23,21,17,17,16,11,9,8,7,7,6,5,5,4,4,3,3,2,2,1,1
prose	2	48	37	card	15836,5084,3222,2640,2304,1982,1718,1513,1361,1220,1100,1003,927,869,793,750,694,647,606,578,543,514,483,453,426,401,380,357,341,321,307,285,265,253,239,224,210,197,188,177,162,151,141,135,123,113,101,96,88,77,66,61,53,44,40,36,25,22,17,14,8,4,1,0,0,0,0,0,0,0
prose	2	48	38	host	23072,16570,13507,10267,7585,6759,5867,5456,4480,5107,4544,4044,3712,3691,3260,3176,3277,3102,2642,2701,2488,2361,2535,2294,2330,2212,2070,2146,1974,1935,1865,1713,1578,1827,1794,1549,1517,1510,1730,1512,1340,1325,1372,1570,1479,1181,1272,1269,1194,1222,1009,1112,1233,1144,1129,1133,1274,955,940,924,1014,1013,1150,962,906,850,904,792,796,876,835,850,861,768,808,732,686,861,691,641,659,734,771,695,645,657,678,583,648,619,534,616,559,492,666,648,516,524,538,564,560,469,532,517,432,470,511,490,476,425,488,478,450,475,486,472,439,477,398,385,349,427,352,307,299,339,373,332,370,378,335,381,303,332,368,337,302,324,291,265,257,259,245,232,220,214,242,252,211,207,265,258,314,274,268,230,229,201,233,218,203,195,178,213,165,141,151,239,189,227,194,180,159,194,165,149,165,125,191,180,189,170,149,129,119,125,229,159,145,174,139,120,112,119,127,133,210,175,145,140,113,102,180,126,115,110,96,119,105,132,115,138,174,142,123,107,96,82,72,138,73,60,55,48,45,43,39,35,30,28,25,22,22,22,21,20,16,14,14,12,8,8,6,5,3,3,1,1,1
prose	2	48	38	card	5683,4246,3311,2782,2377,2094,1825,1613,1441,1304,1173,1041,951,852,766,694,623,558,513,466,422,377,356,327,299,278,259,239,219,202,186,172,155,145,133,115,107,97,88,74,69,61,58,49,44,39,37,35,23,17,13,11,6,4,3,2,1,0,0,0,0,0,0,0,0,0,0,0,0,0
prose	2	48	39	host	13059,10411,8167,6838,5754,5285,4866,4228,3874,3858,4045,3532,3567,3069,3008,2796,2643,2546,2401,2445,2410,2415,2256,2280,2203,2037,1980,2099,2003,2032,1773,1703,1710,1664,1661,1602,1667,1467,1627,1621,1449,1377,1377,1340,1347,1449,1283,1196,1360,1215,1370,1229,1092,1063,1006,1107,1026,1087,963,974,980,991,983,914,913,881,886,927,800,884,822,882,768,809,738,714,800,752,774,675,674,663,614,629,635,788,641,675,565,606,627,797,521,598,535,606,551,542,622,486,507,463,430,501,479,412,397,454,433,388,483,511,427,479,439,376,381,420,452,418,358,347,331,338,323,397,335,299,271,323,282,245,322,285,323,347,299,301,314,324,285,296,288,266,234,217,293,281,248,222,253,249,256,201,215,239,223,197,198,214,197,226,225,235,223,247,215,209,175,179,156,156,158,149,167,151,168,159,127,118,109,118,104,104,164,149,130,199,155,188,170,157,127,240,148,132,118,208,169,176,148,152,136,110,98,86,124,121,108,186,101,84,67,82,63,59,54,49,45,44,38,36,33,31,45,36,31,28,25,22,20,15,13,12,10,9,9,8,6,3,3,2,1,1,1,1,1,1
prose	2	48	39	card	15512,10554,6546,4853,3895,3312,2958,2612,2327,2117,1966,1769,1608,1495,1380,1248,1134,1044,962,881,829,770,712,638,590,551,508,462,429,397,361,342,317,294,266,243,218,198,183,164,145,131,113,104,91,76,62,53,45,34,30,21,16,9,3,1,1,0,0,0,0,0,0,0,0,0,0,0,0,0
prose	8	12	0	host	10603,8996,4493,5921,4987,4662,4626,3054,3248,3249,3247,2388,2490,2369,2271,1777,2110,2485,1941,2175,1887,1830,2079,1462,1833,1926,2155,1669,1499,1895,1592,1430,1670,1372,1473,1600,1432,1338,1656,1549,1506,1612,1278,1454,1325,1225,1525,1409,1153,1607,1600,1210,1145,1045,840,1102,1351,1022,1478,1108,1011,1073,1368,1130,1607,1021,1059,950,972,959,926,1099,986,1000,1082,997,837,802,847,697,1536,994,970,884,878,938,897,725,689,790,945,1019,1284,1037,926,1235,1022,1194,763,680,835,704,938,801,669,924,1408,1005,921,789,707,1668,767,808,778,701,620,529,632,703,870,865,950,896,746,656,615,552,562,685,571,902,737,932,884,774,627,532,526,508,544,735,720,565,686,589,663,544,664,604,859,899,893,802,693,628,701,608,485,547,504,451,391,598,401,405,1029,787,717,659,606,565,536,494,1290,674,613,684,615,569,592,566,499,869,719,533,515,459,647,569,601,517,464,422,490,503,463,536,478,448,406,488,414,550,529,655,544,508,534,506,459,673,542,503,455,386,357,334,353,329,303,495,644,525,467,435,407,372,345,301,278,668,371,799,498,431,401,378,603,548,576,531,496,462,411,381,362,438,406,372,336,361,340,307,283,262,309,288,268,346,425,363,349,303,278,436,355,290,269,324,299,271,247,235,220,202,383,415,357,470,572,503,455,428,398,375,345,285,260,239,318,244,218,205,192,267,254,217,196,272,503,409,239,219,209,184,177,161,155,145,214,203,182,430,320,253,330,274,386,330,306,508,371,321,303,282,262,243,233,224,216,199,187,168,144,137,133,128,123,116,105,103,98,90,86,80,77,71,70,66,62,61,58,51,49,41,38,36,32,26,25,22,19,17,15,15,11,8,7,5,4,3,1,1,1,1
prose	8	12	1	host	10673,7822,5930,7453,5994,5020,4671,4979,3620,3332,2455,2718,2809,2749,2639,2657,1968,2137,2392,2096,2146,1628,1933,2347,2113,1608,2394,1506,1521,2023,1702,1623,1301,1952,1668,2156,1519,1921,1403,988,1887,1867,1986,1280,1653,1180,1593,1414,1269,1079,1302,1292,1276,1207,1333,917,1063,1420,1349,1055,1243,1425,1171,957,848,1041,987,778,1047,756,1061,850,683,913,904,1014,1092,1164,1050,767,620,814,510,1141,880,1030,1084,821,989,766,770,699,1321,930,940,1254,1035,693,946,620,942,641,657,843,846,1520,1135,1188,853,685,818,679,708,624,890,1223,809,712,706,945,683,910,574,670,598,579,1127,782,1116,1009,709,639,1159,933,803,646,689,622,572,470,402,559,499,532,705,535,484,534,781,794,612,563,470,443,411,460,537,653,584,543,456,646,525,472,417,383,327,299,456,615,568,641,661,583,700,561,612,555,485,667,623,551,489,468,437,527,492,441,527,445,410,386,354,333,431,375,343,320,401,449,380,445,377,333,385,339,472,364,688,569,506,486,564,485,436,410,357,338,313,736,529,471,441,416,475,413,379,351,326,431,372,309,296,285,267,244,212,328,359,325,266,241,384,335,314,357,286,371,351,304,259,239,396,339,431,704,444,386,345,430,524,442,405,380,356,366,342,392,358,338,328,309,297,279,264,251,237,225,214,203,192,189,175,165,160,234,219,200,187,168,157,150,140,133,123,111,105,137,261,153,493,677,519,661,485,457,420,475,400,370,331,464,417,494,381,473,413,381,342,303,285,273,256,242,228,212,193,184,178,173,163,152,145,138,135,127,122,113,108,101,95,95,89,86,79,77,71,67,64,60,56,53,48,46,42,39,35,30,26,24,22,19,19,16,14,11,9,8,6,3,3,2,1,1,1
prose	8	12	2	host	15568,12355,6846,8082,6175,5994,4929,5096,3893,2755,2663,2766,2671,2781,1955,3541,1879,2347,2357,1698,1767,2156,2143,3634,1318,1117,1309,1215,1678,1156,1084,1533,1465,1237,1054,1412,1075,1750,1035,1907,980,892,1003,1215,1258,891,1408,724,781,1173,837,792,1060,684,945,722,784,948,839,997,1161,1067,1114,1109,809,808,1131,1133,991,989,891,856,840,762,722,557,507,666,612,607,656,1129,1723,754,652,445,1574,1229,447,968,1137,567,698,725,1072,938,704,590,469,510,942,667,835,987,625,743,552,468,538,539,430,365,320,969,440,744,701,598,720,665,537,559,511,479,409,345,309,274,247,822,489,879,428,540,744,772,611,584,452,529,495,462,402,355,2331,475,399,401,538,570,485,425,663,590,381,296,490,358,412,323,386,462,376,345,505,541,409,351,354,319,286,263,217,290,258,398,757,620,507,334,275,257,370,426,367,330,310,293,259,245,229,200,184,175,161,154,143,133,259,245,231,188,169,156,151,142,235,333,413,353,313,598,476,1025,992,580,435,418,385,359,320,474,570,390,353,315,392,366,397,360,341,310,288,258,248,236,216,202,190,183,173,168,163,153,146,142,138,134,126,121,113,110,107,101,98,95,90,86,81,78,77,72,67,65,64,60,58,54,51,47,44,44,42,39,36,33,30,29,27,25,22,22,21,19,15,15,11,10,9,9,6,6,6,6,3,1,1,1,1,1
prose	8	12	2	card	11621,4516,2621,2052,1822,1697,1556,1406,1316,1214,1111,1054,976,902,859,829,769,725,686,643,622,600,584,558,539,512,477,457,433,410,386,365,355,335,319,304,283,271,258,236,225,217,198,188,170,157,146,137,123,112,103,97,87,76,67,61,49,45,37,34,27,21,18,14,12,10,6,2,1,0,0
prose	8	12	3	host	18154,12985,10007,6212,8895,6871,6831,4312,3626,3133,2519,2550,3545,2468,1583,1630,2193,2742,2259,2297,2468,1441,2083,918,1850,1521,1784,1517,1276,1208,1207,1152,1990,1673,1114,854,731,1873,1198,1657,1369,1478,1923,1091,839,1237,1182,1413,1217,859,1037,770,1493,1078,771,745,821,555,1559,910,2059,1128,607,870,633,1461,838,573,557,622,902,663,907,539,795,649,760,582,2228,791,579,615,568,512,517,558,645,521,664,622,471,854,793,658,652,584,640,594,489,503,441,374,324,449,579,452,382,1107,700,1146,547,441,629,447,392,532,539,442,379,1227,376,307,237,975,598,567,424,395,512,737,1078,723,540,573,488,433,377,358,320,286,241,208,234,1295,647,493,543,790,554,424,325,289,412,1069,665,385,320,299,268,259,555,944,421,384,311,283,238,205,286,250,238,439,245,207,729,514,454,334,276,420,356,313,287,269,252,226,201,475,630,480,424,350,304,279,270,246,230,205,191,171,556,360,465,663,510,522,1764,691,466,418,368,341,322,309,299,284,274,266,247,244,233,220,214,205,201,188,173,166,161,151,150,142,137,130,126,118,115,110,105,102,96,91,87,81,77,74,69,68,67,61,59,55,53,50,48,47,44,39,38,37,34,34,30,29,28,24,23,22,22,21,21,19,19,16,16,15,13,13,12,10,9,9,8,8,7,5,4,3,3,3,3,1,1
prose	8	12	3	card	10967,5421,3712,2952,2207,1808,1598,1336,1228,1153,1074,1015,910,852,825,783,715,665,633,615,564,534,496,460,439,400,371,345,326,304,284,268,257,240,224,210,191,178,161,145,135,121,114,110,103,97,89,82,75,65,62,58,53,47,45,39,35,31,27,24,19,15,14,9,6,4,2,1,0,0,0
prose	8	12	4	host	22342,13055,10069,8258,8839,7766,3314,3248,2987,2804,2217,2591,2387,2219,1538,1838,1343,1612,2742,2285,3636,1039,1355,1140,2633,1153,1268,1267,1015,1162,1467,1427,1567,1144,1501,1281,1031,841,1080,1617,896,734,790,1430,821,857,668,1480,1033,1078,1040,762,842,716,787,668,936,662,823,858,674,810,738,917,904,1044,943,903,752,556,739,1475,895,751,724,981,738,619,704,555,683,650,558,592,904,692,559,503,639,701,552,578,933,581,605,517,626,583,546,527,661,1722,584,556,468,478,807,851,543,550,474,1000,702,573,706,622,550,572,492,426,746,499,658,493,355,300,330,383,319,635,651,691,604,494,899,662,542,434,454,386,1098,507,457,432,375,274,239,214,306,229,330,273,352,273,346,615,534,442,452,391,347,382,344,294,258,704,322,290,260,234,224,201,185,173,164,457,362,430,353,440,418,507,411,360,332,297,277,236,204,183,163,150,135,410,859,693,356,302,260,245,221,211,199,172,710,339,273,367,411,364,323,304,276,473,376,351,1295,483,441,394,447,365,352,337,318,288,261,243,229,215,205,197,184,173,163,153,150,142,136,133,127,123,117,113,109,103,99,95,93,88,82,79,74,74,72,68,65,61,57,54,51,50,48,45,42,40,40,38,36,33,30,28,27,26,26,24,22,20,19,19,18,16,15,13,11,10,9,9,9,9,7,7,7,5,5,3,2,1
prose	8	12	4	card	8921,5674,4149,3593,3132,2643,2276,1996,1688,1566,1308,1165,1078,1002,916,868,817,773,732,681,647,603,563,548,520,498,472,457,432,416,403,377,351,337,320,311,288,260,239,221,202,189,179,169,155,145,135,116,107,100,95,87,81,73,65,61,54,46,42,35,29,27,22,20,15,11,9,6,5,1,0
prose	8	12	5	host	15187,9848,6942,6837,7078,7679,3990,2791,4642,4374,2854,3402,3377,2049,2674,2154,1911,3548,1470,2067,2200,1653,1499,2272,1703,1827,1100,1164,1994,1592,1464,1409,1230,1336,1279,1118,1261,1046,932,2161,1755,1291,1046,1622,988,903,935,947,1677,1235,871,727,1023,919,1296,906,1022,744,852,732,1114,857,691,728,649,1067,1515,654,777,743,926,1089,562,633,685,818,881,733,729,673,669,529,701,762,540,420,347,866,555,728,704,746,737,616,632,529,705,493,507,472,581,649,490,637,491,692,547,465,494,599,500,614,504,414,315,508,589,641,458,558,446,580,492,454,710,478,766,526,527,471,2037,640,544,574,944,585,411,355,1074,419,366,507,448,325,300,266,340,376,626,525,364,281,338,318,239,206,506,459,344,294,727,555,548,479,353,292,264,245,218,405,281,248,225,195,183,171,287,251,237,229,268,230,219,200,261,218,204,167,159,142,228,720,666,436,319,257,289,1905,725,611,491,451,399,333,303,282,686,584,502,379,348,393,794,649,587,480,389,310,333,292,276,258,246,408,390,248,235,228,221,211,195,185,179,164,159,154,151,141,138,130,124,117,115,111,107,100,98,94,92,86,84,82,79,74,70,66,64,60,60,58,54,51,46,44,43,41,38,37,34,32,28,27,25,25,24,22,19,17,17,13,13,12,11,11,10,9,8,6,6,5,4,3,3,3,1
prose	8	12	5	card	10149,4452,3719,3149,2718,2336,2086,1865,1732,1665,1557,1421,1312,1257,1128,1036,982,934,869,810,763,729,677,651,621,594,565,537,508,490,456,430,412,394,378,352,334,320,301,282,263,246,223,209,198,180,171,156,144,135,121,108,102,95,89,74,63,61,56,47,44,40,32,27,22,17,12,7,2,1,0
prose	8	12	6	host	21485,12618,9104,6799,4909,5429,3911,3220,3128,5767,3398,3337,2361,3844,2946,2314,1289,2050,3227,2137,1387,2027,2041,2881,2072,1379,1287,3080,1735,1341,1329,886,1361,1024,1437,1067,1206,997,1374,1268,761,1916,967,871,908,1076,1676,1160,2768,884,447,1165,1045,804,537,649,898,1250,878,953,812,818,583,537,367,478,376,823,739,1598,983,481,631,665,550,387,811,817,482,431,506,431,394,1992,2256,899,717,440,383,419,365,331,643,580,360,2506,720,886,581,484,427,407,339,287,308,487,410,321,270,795,433,388,309,255,208,184,401,271,185,478,407,584,1215,1069,768,663,569,481,402,414,625,531,412,486,557,493,1085,700,1082,968,482,406,346,278,426,340,244,224,204,181,172,164,147,138,128,126,114,275,375,506,387,321,276,1342,479,432,290,279,682,411,332,301,540,455,567,485,460,408,375,321,307,265,242,217,205,196,186,178,176,166,161,154,146,141,138,132,131,124,119,116,112,107,103,102,93,90,84,82,82,80,77,76,75,74,71,69,65,62,59,58,55,52,50,49,48,45,43,42,41,39,36,36,35,33,33,31,30,30,30,28,26,25,25,25,25,22,21,20,19,19,18,17,15,14,14,13,13,13,12,12,11,10,10,9,9,9,9,9,9,7,7,7,7,4,4,1,1,1,1,1,1,1,1,1,1
prose	8	12	6	card	13732,11017,7890,5018,3377,2951,2443,2011,1719,1467,1328,1221,1126,977,921,831,782,700,669,624,596,544,498,461,431,414,389,343,332,304,288,277,252,228,208,192,169,153,136,124,117,104,92,83,78,64,55,51,46,42,40,33,29,23,21,16,12,10,8,7,6,3,2,1,0,0,0,0,0,0,0
prose	8	12	7	host	24331,11667,15984,7063,8014,7031,5794,5230,4717,4369,3228,3613,2609,1988,2325,1590,4271,3081,1776,1741,2476,1599,1447,1689,974,1440,1980,1111,1211,1112,1640,1550,1331,856,954,2215,1031,1161,1267,1092,787,647,1220,990,931,1033,864,658,714,569,471,516,1340,1343,799,516,2192,843,617,359,739,831,667,788,1102,788,609,433,1141,980,811,862,798,656,571,637,1768,1015,796,1056,813,927,1390,605,612,605,486,608,575,671,556,583,540,568,421,347,401,354,306,256,426,664,431,356,504,730,732,540,421,405,442,472,517,388,325,374,333,548,528,582,480,389,312,259,229,198,805,456,701,502,420,503,419,462,403,374,322,291,258,213,189,180,164,151,136,246,234,214,203,236,173,170,663,444,752,2492,748,1148,870,631,566,479,443,410,387,346,422,395,344,330,302,288,267,243,236,224,209,339,321,1855,1015,705,312,255,252,242,229,213,208,191,175,169,163,158,151,147,135,123,122,117,113,108,102,100,92,85,84,81,81,77,74,71,68,64,61,55,54,51,50,48,46,46,42,41,38,36,35,35,33,31,27,24,24,24,22,20,20,16,16,16,16,16,16,15,13,12,11,11,11,11,10,9,7,7,6,6,6,5,5,5,5,4,4,3,2,1,1,1,1
prose	8	12	7	card	16258,7828,4315,3421,2620,2133,1904,1600,1371,1219,1084,999,955,840,781,732,675,631,570,531,491,447,414,397,368,332,318,303,280,259,244,222,197,188,177,162,147,132,121,112,104,93,85,77,71,66,59,53,47,44,38,32,27,23,20,17,16,11,9,7,6,6,4,3,0,0,0,0,0,0,0
prose	8	12	8	host	20795,16550,13735,10462,9059,8976,4782,3581,4102,7007,2978,6283,1804,4331,2119,2498,1583,2925,2709,2181,2126,1372,2093,1639,1739,2059,1646,1532,2796,1375,1480,1585,1868,1634,1059,1033,1079,1090,2482,1455,1271,1574,1022,848,2091,2577,1377,1670,1072,747,1645,896,571,2483,1155,818,754,783,854,890,645,527,780,820,735,584,651,752,541,585,3700,661,872,604,602,726,671,2931,619,1816,683,1023,682,459,414,473,481,777,505,990,483,506,673,597,470,546,433,324,1362,529,551,548,406,643,417,546,403,324,285,450,435,357,649,510,463,312,645,484,378,1076,571,422,314,681,649,395,345,305,267,499,449,459,414,360,313,278,218,616,367,298,263,229,200,176,149,806,736,428,377,267,230,206,190,180,168,158,1858,684,377,371,1483,646,499,425,378,342,378,327,712,801,705,418,388,565,384,345,314,344,428,363,335,313,256,232,209,196,189,179,171,164,159,154,146,140,133,126,123,117,184,172,156,144,139,131,124,115,106,99,94,89,83,80,76,72,69,64,60,60,58,56,54,52,49,48,46,43,41,39,36,35,35,33,33,32,28,24,23,23,23,22,22,22,20,20,20,18,16,14,13,11,11,11,10,10,10,9,8,6,6,6,6,5,5,2,2,1
prose	8	12	8	card	5319,3682,3037,2254,1947,1698,1442,1269,1085,996,878,794,745,650,609,572,526,482,443,384,356,331,308,288,257,231,213,200,190,173,152,145,133,119,109,104,90,84,77,69,62,59,54,51,46,40,34,33,28,25,23,19,18,14,12,10,9,7,6,4,4,2,2,1,0,0,0,0,0,0,0
prose	8	12	9	host	14479,14533,9350,6870,8581,5806,3633,3426,4012,4312,3979,3947,5222,2679,3338,2768,2122,2644,2173,3085,2640,1303,1687,1663,1190,1570,1775,2441,1552,1010,1033,2394,1087,1407,1980,1433,1067,1659,1313,1179,1111,876,721,1673,1001,1079,1030,708,835,864,1017,1579,1430,764,773,1319,1030,800,829,724,657,721,447,569,1758,822,825,632,582,654,495,953,1247,1391,979,970,986,823,711,580,622,465,322,227,316,236,325,669,1185,1669,712,601,632,553,761,556,452,367,325,262,480,449,372,552,394,560,666,414,464,488,375,333,288,235,509,305,702,409,353,428,1397,1435,675,1041,695,488,391,466,397,319,291,250,218,195,169,546,281,389,423,293,256,211,178,156,142,313,886,851,917,842,476,1228,1371,1296,789,615,542,453,414,382,449,405,375,323,290,256,238,227,214,191,179,164,154,145,534,409,329,291,241,777,348,242,211,201,185,176,771,824,446,336,320,286,266,244,237,390,313,284,233,211,200,188,176,170,157,146,138,126,118,112,111,108,100,93,91,87,84,78,73,71,64,60,58,56,52,45,43,42,38,37,35,34,32,30,28,28,25,23,22,21,21,21,20,18,16,15,14,13,13,10,10,10,10,10,10,9,8,8,8,8,7,6,6,5,4,3,2,1,1,1
prose	8	12	9	card	21243,7747,4728,3646,2892,2343,1967,1733,1531,1380,1215,1089,967,850,734,691,602,563,496,447,422,360,288,254,221,205,196,172,160,146,133,128,113,105,95,89,80,70,67,61,57,49,45,41,38,34,32,27,25,23,18,17,14,11,9,8,7,4,2,2,0,0,0,0,0,0,0,0,0,0,0
prose	8	12	10	host	12894,6941,5337,6497,7231,3133,3866,3617,3273,3300,2985,5110,3549,3204,2851,2564,4087,3100,2959,2254,2451,2435,2890,2094,2703,2641,2068,1615,1771,1903,1339,1360,1134,1603,1356,843,1136,2465,1351,1259,2420,2424,1432,1178,1083,819,1574,1762,1131,1062,1697,764,775,1220,1514,1071,881,586,1368,808,1270,956,1186,668,543,1609,768,584,782,761,802,1617,689,654,1249,741,546,1064,837,1172,2491,1361,1175,709,848,617,843,800,538,519,450,519,454,422,573,979,1016,784,696,722,756,500,409,415,449,963,599,462,520,456,989,476,431,460,335,290,533,814,734,905,619,759,795,695,663,537,643,474,406,436,618,536,425,343,308,328,264,231,244,217,199,182,801,2114,794,548,412,378,351,987,1767,1328,1061,700,663,621,730,696,566,502,464,428,384,564,1072,561,510,1427,983,913,777,524,459,427,365,321,294,353,325,273,435,638,497,409,772,693,596,887,701,662,570,423,379,351,330,286,274,260,561,453,379,361,301,296,376,334,302,277,248,234,223,199,185,178,167,157,148,142,137,131,125,111,106,105,100,99,96,92,88,85,82,77,75,71,66,66,63,61,58,56,53,50,47,46,43,41,40,36,32,31,30,28,26,24,24,24,22,22,21,18,15,15,15,14,14,13,11,11,9,9,9,9,7,7,6,4,3,3,3,3,3,2,2,1,1,1
prose	8	12	10	card	5688,4245,3389,2815,2478,2137,1839,1691,1501,1293,1219,1162,1117,1067,950,878,804,753,714,679,612,575,526,492,463,426,401,361,317,299,285,258,224,211,190,179,169,151,141,128,119,106,98,89,74,69,63,55,49,40,36,30,28,24,22,21,17,14,11,9,6,4,2,2,1,1,0,0,0,0
prose	8	12	11	host	17180,14718,9404,6800,6374,4413,4040,4384,3863,3345,5053,4050,2231,2537,2747,5413,2800,2465,2148,3146,3333,2555,1720,2469,1885,1253,4649,1569,2003,1801,1256,1256,1341,1273,1099,1949,1860,1545,1040,1380,1214,1395,1520,1188,1301,1373,2151,1817,1383,852,957,1258,1101,956,964,1883,1105,1080,711,953,810,1042,1021,668,727,643,728,722,2330,724,932,763,616,761,830,796,653,561,658,581,972,675,719,576,660,508,1119,706,526,402,787,794,576,385,539,730,1332,901,881,527,410,309,387,471,381,444,545,437,529,488,1122,929,506,416,335,281,325,1025,840,548,383,729,628,405,305,1100,630,799,502,408,470,425,352,282,329,274,244,194,368,215,198,1267,903,300,492,390,512,412,324,255,230,202,186,421,227,950,1055,1143,782,705,544,1082,804,691,623,553,531,614,487,441,488,428,397,361,333,286,269,260,245,223,600,584,1025,607,566,476,616,518,413,381,313,274,247,229,212,202,191,177,250,214,198,191,177,169,157,149,141,247,533,304,243,218,212,171,155,152,145,140,127,121,115,106,101,99,92,87,83,81,78,74,70,69,67,64,58,54,52,49,45,43,43,40,40,36,34,31,28,27,23,23,23,22,21,19,18,16,16,15,14,12,12,10,9,8,8,8,8,8,8,6,5,4,3,3,2,1,1,1,1,1
prose	8	12	11	card	5658,4127,2956,2378,2021,1787,1546,1431,1312,1221,1150,1060,976,887,791,723,683,660,621,596,568,522,488,455,442,413,369,361,345,314,295,276,259,230,215,192,176,164,140,130,119,110,104,94,81,73,68,62,57,52,44,34,32,32,26,22,16,15,8,5,3,3,0,0,0,0,0,0,0,0
prose	8	12	12	host	11176,9757,9552,7480,5318,6457,5368,3396,4191,3795,2342,2908,4581,2041,1892,2736,2594,2505,1960,2152,2113,2927,2191,1727,2911,1451,1456,2163,1999,1943,1001,1610,1239,1181,971,902,866,940,1316,1364,1655,1025,1033,1230,1031,997,838,902,1146,1178,1205,1245,755,1006,1007,1367,842,1488,1226,882,1044,775,722,1317,795,752,559,1018,1066,726,1555,1279,1233,967,1022,824,1106,862,633,652,691,1925,856,862,680,682,836,659,805,1004,725,648,496,435,571,1289,988,911,640,443,460,444,599,825,595,897,716,588,496,739,1691,1317,786,424,368,306,677,664,793,503,520,622,992,752,764,550,457,363,488,371,655,541,527,446,608,507,341,350,341,329,574,431,474,393,318,685,336,297,363,460,342,293,248,222,192,232,212,172,145,129,276,193,251,206,479,572,1538,1568,867,712,522,950,845,506,484,427,412,352,330,308,285,263,236,230,210,289,250,379,328,261,249,233,928,1953,899,649,626,509,461,402,616,542,381,328,297,449,371,347,318,279,388,332,319,300,280,263,241,219,198,183,174,167,153,148,143,136,131,118,110,106,97,92,88,81,76,73,71,64,59,57,53,52,52,51,47,45,41,39,38,38,36,35,34,34,29,28,28,26,24,23,22,21,20,20,16,15,15,15,13,13,12,11,10,8,7,7,7,7,7,3,3,3,3,2,2
prose	8	12	12	card	7326,4752,3776,3185,2884,2483,2079,1837,1613,1480,1326,1231,1125,1036,949,921,858,812,780,738,673,617,576,546,518,492,472,455,427,400,374,360,334,313,291,280,261,248,224,208,194,180,165,155,143,130,119,108,97,90,81,74,64,58,44,40,32,27,23,20,16,12,9,5,4,1,0,0,0,0
prose	8	12	13	host	9897,7045,4771,4048,3408,2489,4620,3136,2896,2553,2838,3685,2303,2069,2020,2642,2213,2115,1819,1775,2637,1658,2118,1713,1728,1507,1454,1595,2228,1635,1547,1801,1184,1207,1021,2493,1335,1380,1530,1133,1392,1408,1494,1094,1375,1397,1391,1333,920,1517,1017,695,1318,1142,905,1394,1093,949,948,1276,1909,998,987,1757,904,868,1053,777,1099,878,1338,2203,888,836,755,517,1909,1252,893,895,1239,879,754,740,752,604,946,618,1006,695,600,468,1180,1033,934,769,1270,1763,816,704,843,706,606,600,923,639,647,609,1081,1327,1075,719,653,593,484,524,464,389,564,519,449,712,786,605,728,551,484,607,652,545,443,638,493,427,654,812,629,527,623,473,402,354,303,278,436,313,542,925,719,634,920,603,499,647,476,586,561,643,712,596,421,363,426,372,315,943,352,278,249,209,588,610,358,285,478,401,782,584,438,390,492,597,526,487,442,649,479,391,348,312,708,357,324,299,326,300,286,257,219,631,275,220,199,449,291,390,307,568,1063,754,621,587,779,607,548,471,408,375,348,414,374,668,499,399,363,319,297,279,273,255,232,1050,747,631,511,375,573,387,320,287,265,246,235,224,194,186,180,306,235,198,178,165,158,150,139,131,124,120,116,113,109,99,96,92,86,79,76,72,70,68,63,54,51,49,48,45,41,39,35,33,33,31,26,25,21,21,20,18,17,16,15,14,13,11,10,8,7,7,5,4,4,3,3,3,1
prose	8	12	13	card	8622,6397,3521,2718,2119,1892,1670,1563,1374,1273,1163,1087,1037,979,924,866,823,777,748,728,669,643,613,571,549,530,500,461,439,407,381,359,340,325,308,292,278,271,253,238,223,205,188,173,164,149,139,127,120,108,100,93,83,77,71,59,55,48,44,33,27,22,19,15,12,9,6,3,1,0
prose	8	12	14	host	17226,6493,6333,5844,3132,5941,5751,4968,2807,3136,3076,2126,2767,2414,2406,2219,2099,1656,1801,2192,1719,2134,1471,2002,1729,2007,1481,985,1583,1574,1967,1802,1591,1055,1547,917,3639,1115,1406,1400,4469,1649,922,616,1083,1995,872,727,960,822,1054,642,1254,992,1153,1051,990,861,1162,854,670,1221,707,801,1207,875,511,896,997,991,990,851,1553,764,722,1092,901,810,552,446,1010,669,1125,730,538,431,479,497,1043,585,803,792,656,574,586,561,427,844,512,628,792,750,479,752,667,586,437,493,333,528,1143,525,650,546,466,379,456,504,649,598,486,722,660,469,390,540,635,512,440,345,365,321,419,376,343,278,237,698,689,999,784,738,679,549,434,381,342,307,270,220,380,333,239,199,175,146,515,464,265,691,519,536,1174,867,666,532,434,378,652,485,717,1243,1088,843,665,570,525,452,413,374,336,567,481,437,390,347,337,534,450,379,793,766,588,553,476,445,406,359,338,316,292,273,261,252,324,297,271,245,234,220,206,200,185,174,165,157,145,141,135,125,118,116,109,103,99,98,95,91,88,87,81,78,76,72,70,68,64,61,58,56,53,49,47,44,42,41,41,38,35,33,32,32,30,28,27,24,23,22,20,20,19,18,17,16,13,11,10,10,10,8,8,7,7,6,6,6,5,5,5,2,2,2,2,2,1,1,1
prose	8	12	14	card	10046,6386,4686,3396,2955,2634,2320,2206,2084,1876,1719,1586,1457,1339,1237,1210,1133,1038,968,897,833,800,732,675,642,600,558,533,497,453,438,418,403,377,351,321,302,276,262,246,238,211,202,182,163,154,139,130,112,105,99,87,76,67,62,51,42,35,31,25,17,14,11,7,3,1,1,1,0,0
prose	8	12	15	host	10123,9086,7969,7841,5437,5143,3426,4385,3621,2448,2616,2865,2419,2274,1921,2397,2101,2007,1858,2031,2091,1737,2153,2382,1979,1663,1115,1459,1649,1283,1901,1273,1505,2486,1442,1439,1032,1448,1059,1695,1226,1103,1079,873,2618,2147,1835,1037,895,1018,1005,1390,987,1098,1380,804,838,1624,2331,711,1706,1175,961,883,648,676,983,1167,667,1184,939,945,879,904,800,555,954,724,544,695,734,611,518,488,580,471,924,642,507,437,763,2417,838,587,558,507,545,979,895,1109,900,1137,721,591,501,528,447,393,466,381,550,479,630,606,548,734,525,438,399,381,576,438,364,686,1379,515,659,490,488,529,456,396,355,441,475,379,385,483,414,428,398,363,328,831,815,589,447,378,461,393,330,371,441,561,365,404,438,397,348,582,511,383,328,302,273,249,228,213,407,333,307,253,357,735,791,572,512,1059,877,461,370,440,381,334,309,284,264,237,681,355,329,296,264,244,223,200,190,180,169,163,476,352,336,285,563,750,682,432,383,336,320,290,679,357,410,375,338,315,288,253,238,231,335,356,280,263,251,234,285,260,234,349,259,248,234,227,219,211,199,188,180,320,516,381,337,270,241,450,433,353,269,253,232,213,200,180,167,158,147,137,127,121,117,113,108,102,98,94,88,85,81,74,68,64,60,55,53,51,47,45,42,40,35,34,33,31,27,26,24,22,20,16,15,13,11,10,9,9,8,7,6,6,3
prose	8	12	15	card	6849,5254,4050,3337,2820,2398,2233,1974,1801,1696,1637,1490,1332,1167,1099,1001,897,848,794,753,687,638,594,555,538,499,484,439,423,407,380,352,328,314,307,286,272,246,237,224,211,199,186,175,159,142,136,129,123,114,111,103,98,92,82,78,71,62,58,49,44,38,32,29,22,14,5,2,0,0
prose	8	12	16	host	16572,10761,11201,6183,4828,4874,5358,2781,3759,5448,2674,2814,2223,3206,2423,2491,4252,1666,1779,4027,1816,2153,1698,1463,1754,1232,1484,3533,2109,1149,1949,1546,1176,1172,1547,1038,1941,1906,1485,1670,949,1162,1283,1068,752,620,1383,939,1464,854,1497,1346,749,1079,922,1672,668,814,1720,954,1100,989,557,909,634,491,591,765,724,654,594,653,521,743,527,657,714,1335,1220,776,894,1137,1130,714,461,567,396,334,274,670,385,276,244,732,628,811,469,614,448,681,420,543,910,1866,1227,831,622,500,623,496,361,290,245,201,234,511,430,693,696,1505,1192,649,471,373,1183,418,449,360,317,276,235,201,180,151,140,246,225,515,611,580,2072,1075,867,742,641,556,520,557,526,431,495,416,346,324,292,280,528,439,421,394,376,783,764,698,624,539,483,767,403,375,339,936,465,410,383,345,317,599,578,562,486,451,519,476,448,421,396,362,335,318,285,267,243,229,216,203,195,180,173,159,151,144,137,129,120,115,111,105,98,94,90,88,86,79,77,73,72,70,67,65,61,58,57,55,50,45,43,42,41,36,35,34,32,29,27,27,27,27,22,20,19,19,18,16,15,13,12,12,12,11,11,9,8,8,6,6,5,5,4,4,4,3,2,2,2,2,2,2,1,1,1
prose	8	12	16	card	15553,7227,5200,3580,2452,1994,1656,1456,1324,1233,1146,1099,1011,950,876,844,809,761,725,684,660,623,583,533,498,454,430,411,376,338,316,296,277,239,222,214,201,175,165,152,135,123,114,102,89,82,75,65,57,54,47,42,37,29,19,17,14,12,9,7,3,1,1,0,0,0,0,0,0,0
prose	8	12	17	host	15545,14015,10894,8781,6665,6454,4837,4031,3511,3121,3394,2608,2079,1831,4400,2416,2213,1506,2093,2228,1311,1060,1492,1413,1208,1450,2312,1107,2139,2071,1872,979,1683,1378,1447,1616,1167,1043,1214,910,1148,1507,1078,1044,1070,1850,1174,1014,818,884,1171,1270,1033,610,934,892,760,1335,1255,660,1091,792,886,859,775,725,1000,856,911,651,843,1018,550,808,945,2349,772,885,667,581,636,1231,660,931,677,551,780,782,668,1150,844,642,609,657,696,887,637,526,480,655,447,872,533,675,1108,729,695,619,485,675,579,402,430,384,861,461,640,461,2611,758,635,487,635,452,362,346,416,311,543,943,411,626,530,487,417,1052,639,789,516,514,413,359,739,959,583,457,382,455,451,382,372,569,617,543,608,485,398,347,440,387,446,402,355,331,296,278,250,505,461,337,268,440,393,332,293,564,464,419,356,304,276,235,213,197,189,348,272,241,203,1037,526,418,342,302,278,291,1368,745,698,583,534,382,703,546,414,352,335,471,648,643,559,456,686,505,443,414,385,350,320,306,286,263,252,232,223,379,339,291,255,225,211,198,189,179,173,157,146,135,131,123,120,115,109,103,98,94,90,83,82,77,73,66,63,61,57,52,47,46,45,43,39,37,35,33,33,30,27,25,24,22,20,18,17,16,13,11,11,10,9,8,7,5,5,5,4,3,3,3,2,2,1,1,1
prose	8	12	17	card	5347,3503,2548,2353,2043,1725,1568,1451,1335,1189,1105,1027,968,926,859,834,794,749,715,677,635,603,571,556,528,505,475,463,440,422,396,375,357,330,298,279,256,242,230,203,186,175,164,155,140,124,117,105,96,81,69,62,59,55,46,35,30,27,18,14,11,6,5,3,2,1,1,0,0,0
prose	8	12	18	host	14431,11085,6027,6588,5967,4481,3002,3329,3875,2843,3264,3992,2581,3657,3917,3087,3072,2402,1968,1818,2255,2666,2198,1387,1777,1812,1770,810,1119,1684,847,2055,1639,1376,803,1477,1733,1988,1481,1539,1116,1600,1578,1136,1404,1247,900,2197,1250,1015,887,741,641,711,666,1016,719,855,1414,730,674,916,902,787,947,701,712,848,565,623,507,762,1017,1235,900,874,654,492,407,494,453,1454,801,722,1171,498,378,347,469,720,540,1119,559,1059,743,599,922,619,578,611,590,481,449,420,488,430,341,297,620,510,450,478,635,796,1350,768,655,993,588,468,427,480,398,341,290,255,1817,431,346,485,518,406,445,413,481,534,430,371,518,374,314,271,237,548,332,363,459,357,320,839,836,694,467,801,741,621,482,376,342,382,334,287,252,233,201,186,167,263,1041,743,524,1016,858,784,579,552,489,453,388,369,799,547,908,707,652,557,503,443,403,818,613,421,378,359,318,301,292,272,245,315,299,281,257,243,233,228,209,198,189,180,170,163,158,150,145,136,132,126,123,116,111,109,105,98,95,93,89,81,79,76,73,71,67,65,59,57,57,53,50,49,47,45,44,41,41,39,35,33,33,33,31,30,27,26,24,22,22,20,20,20,18,15,14,14,12,12,12,11,8,7,7,7,7,7,7,6,4,4,4,4,2,2,1,1,1,1,1
prose	8	12	18	card	13754,7024,4981,3974,3150,2540,2220,1998,1806,1661,1542,1410,1242,1146,1078,984,890,843,788,755,714,663,617,578,555,518,485,448,410,380,347,322,303,279,257,243,217,207,182,167,156,140,129,117,100,88,79,66,58,46,40,35,30,27,24,20,14,12,11,9,7,6,2,0,0,0,0,0,0,0
prose	8	12	19	host	13637,8017,4557,4016,3055,2450,2730,2379,2544,2856,2154,1979,2895,1933,1466,1823,1786,2012,2677,1553,2068,1881,2045,1688,1294,1635,2053,1716,1216,1495,2412,1490,1290,1645,928,1339,1402,1783,1191,1048,1365,1178,1320,1569,1052,912,1230,1269,1182,1013,1284,1766,943,784,1208,1007,943,1161,1047,1561,793,794,939,1464,1352,984,1292,1068,1062,801,975,877,751,886,879,1110,867,1038,892,1095,950,1254,1050,958,770,960,781,835,1010,749,724,850,716,734,1325,1019,929,739,857,793,776,617,601,614,663,802,663,654,535,801,756,700,720,635,587,785,677,507,590,521,434,545,534,616,1295,726,639,552,667,587,493,402,496,517,724,987,783,604,499,563,614,482,639,595,668,726,582,511,457,742,608,518,830,714,644,580,516,598,464,683,513,397,481,574,456,675,575,588,536,578,477,422,392,783,519,408,471,400,596,504,414,387,366,299,343,408,320,352,479,495,626,567,448,378,351,317,296,278,250,232,209,198,934,518,535,450,400,340,308,280,244,224,335,268,234,660,542,514,334,280,246,235,285,379,320,293,270,241,227,209,490,263,329,276,460,386,369,297,284,638,507,413,542,415,338,295,497,478,415,390,361,317,315,283,263,242,226,210,338,228,215,194,175,163,154,143,136,129,122,119,113,109,104,95,94,90,82,78,73,72,64,60,56,54,49,47,42,42,36,33,31,28,26,26,23,20,18,16,16,15,13,10,8,6,5,3,1,1,1
prose	8	12	19	card	5253,4002,3401,2746,2524,2270,2070,1824,1639,1537,1476,1434,1330,1279,1204,1126,1066,1004,957,909,862,839,798,766,737,715,676,650,617,594,568,537,515,490,472,439,418,404,368,338,321,307,277,265,248,233,211,198,177,168,151,128,119,110,103,94,88,76,72,61,51,44,34,30,24,19,11,7,1,0
prose	8	12	20	host	17634,14035,10001,8453,10305,6015,3979,3918,2722,3603,3028,1769,2240,2156,2199,3906,2722,1944,1767,2590,2746,2156,1607,1201,1398,1654,1619,1008,2764,1139,1980,1353,1418,830,1240,1237,1052,818,1276,730,1309,2133,1140,1274,960,825,869,796,608,1075,1083,803,626,1357,1068,772,636,999,660,641,723,770,1199,1010,2172,858,656,770,645,744,431,1382,1245,1211,668,527,599,1369,633,686,620,606,366,266,432,422,544,1283,474,957,488,370,676,761,743,624,741,636,643,950,778,572,441,547,411,324,687,527,529,418,310,386,307,294,234,198,970,675,796,532,662,733,661,534,494,543,426,394,447,383,300,260,229,435,340,313,431,580,472,386,316,249,226,177,303,447,404,343,487,413,345,386,599,430,367,322,382,397,743,745,599,550,468,337,295,247,229,212,196,182,1182,691,618,519,389,317,299,246,527,395,309,452,373,518,468,423,851,553,458,645,1020,776,499,435,504,448,380,359,336,321,297,279,266,244,230,220,211,197,182,173,165,157,153,146,139,131,121,115,110,107,101,100,96,90,86,81,78,75,72,66,64,61,60,57,54,51,51,49,47,44,41,39,37,36,35,35,34,33,32,29,29,26,25,25,22,21,21,19,18,16,16,16,15,12,12,10,10,9,8,7,6,6,6,5,4,4,3,3,2,1
prose	8	12	20	card	14138,5907,3550,2848,2479,2175,1900,1725,1579,1487,1379,1285,1173,1131,1021,959,911,832,798,759,735,709,687,656,599,545,528,505,471,453,437,402,374,359,323,301,278,254,237,221,195,176,163,144,132,124,109,102,88,81,66,56,45,35,28,24,18,14,13,9,7,4,2,1,0,0,0,0,0,0
prose	8	12	21	host	13447,8517,6032,4944,6429,4414,3299,4600,3745,3201,2276,2279,2006,2103,2055,2584,3176,1841,1628,2218,2136,1408,2411,2011,1538,1463,2265,1231,1865,1773,1931,1880,1194,1001,892,1203,1615,1196,950,770,1110,976,901,2073,897,814,1365,944,2009,1334,987,844,1261,1283,710,1216,662,2242,1090,809,953,929,776,781,587,884,774,1471,970,693,614,1304,649,602,523,946,785,1265,1041,1096,536,1252,687,731,1073,747,656,494,464,411,447,1107,519,510,574,585,695,506,521,558,358,630,731,1916,1077,740,720,548,386,338,423,320,236,413,481,704,650,502,746,670,586,535,455,544,565,535,428,373,422,510,359,512,527,541,420,378,601,407,377,340,301,271,303,270,239,196,365,244,224,528,283,220,202,286,586,361,331,382,309,262,324,299,437,346,306,278,362,279,228,203,162,315,212,191,1788,826,541,502,686,612,510,480,839,614,435,366,348,314,277,258,295,283,560,670,541,472,452,394,449,368,348,326,301,283,264,245,224,216,206,192,184,172,161,153,147,136,131,126,122,116,111,104,98,93,89,84,80,77,74,70,68,66,62,60,58,55,54,53,48,47,44,44,42,41,40,39,35,34,31,30,29,28,25,24,23,23,21,20,19,18,14,14,13,13,12,11,11,8,7,7,7,7,5,4,4,4,4,4,4,3,1
prose	8	12	21	card	13581,9164,6963,4542,3538,2913,2665,2302,2107,1977,1897,1694,1556,1439,1349,1256,1178,1107,1046,998,932,876,797,722,679,622,593,551,519,496,471,442,429,405,388,352,330,313,296,284,272,261,251,234,220,204,197,187,175,159,143,132,110,97,86,80,66,59,43,37,31,26,18,12,8,3,1,1,0,0
prose	8	12	22	host	26527,15450,13532,10157,9991,5308,3378,5523,3008,3109,3910,2338,3307,2600,2461,2696,2675,2376,2816,1506,2225,2240,2409,1688,1507,1438,1365,1912,2967,1385,1708,975,984,1527,1356,1824,2051,1351,1777,852,1608,886,811,765,1395,853,960,821,849,1240,1119,1068,765,965,710,759,615,1159,1231,699,991,1133,1039,711,670,561,1138,801,929,817,1080,734,548,476,757,727,635,568,794,1036,652,479,441,661,624,462,723,498,554,447,359,745,553,529,433,308,428,933,387,866,573,683,807,728,906,583,521,426,380,358,457,496,405,1080,672,591,541,526,825,445,390,598,765,554,472,341,297,271,601,413,477,399,829,742,505,408,367,317,263,241,410,295,273,247,232,195,185,159,128,350,454,249,421,356,316,314,482,374,296,432,289,264,417,382,833,590,488,453,422,343,310,255,226,214,201,192,182,321,968,600,357,312,304,262,243,1045,1412,1894,855,757,613,445,377,343,282,572,520,291,271,233,218,204,189,184,171,160,862,705,494,426,359,323,301,283,273,242,230,219,204,673,448,359,225,217,204,175,170,158,150,139,136,131,119,114,105,97,95,91,90,84,79,74,73,71,67,65,62,57,55,52,51,50,49,44,42,40,37,35,34,34,32,29,28,28,26,24,23,22,20,19,18,16,16,16,14,13,12,10,9,9,7,7,7,5,4,4,4,4,3,3,2,2,1
prose	8	12	22	card	9071,2880,2202,1868,1523,1328,1149,1050,962,852,796,747,667,628,600,538,524,495,457,423,395,368,343,324,304,275,255,245,228,217,198,180,167,158,145,134,120,109,103,93,87,81,71,67,64,58,52,45,44,39,34,27,23,20,18,16,12,9,7,6,2,1,0,0,0,0,0,0,0,0
prose	8	12	23	host	12718,13682,7882,7038,3999,3850,5110,3423,2632,3270,4344,2275,2328,2326,2167,2171,2130,2284,2169,1782,1745,1667,1407,1342,1842,1343,991,1690,1710,1862,1405,1192,1324,1287,918,1345,1670,880,1136,920,1385,1222,1182,811,1775,1200,1331,1579,1194,1363,2029,915,934,1583,1380,1027,867,640,1157,999,1054,880,1091,790,1107,786,648,1043,714,1263,938,1084,907,903,995,1361,665,567,535,1096,1115,771,1091,764,635,607,445,687,632,493,725,1023,975,900,761,584,606,831,788,835,723,588,506,571,570,1356,632,474,424,355,488,432,512,428,366,391,525,436,850,667,488,784,707,556,639,658,549,480,446,408,384,387,335,290,411,338,309,363,442,342,489,862,468,596,504,418,378,337,301,571,664,539,460,384,428,335,311,454,315,956,407,656,469,379,330,473,516,420,367,338,369,326,276,257,237,292,261,236,208,181,166,212,200,356,273,356,500,444,374,314,294,273,247,236,214,205,186,276,232,486,514,426,430,349,335,296,277,257,241,359,312,439,374,339,308,480,340,251,229,221,204,192,170,382,236,1401,1239,575,502,374,413,387,333,313,350,305,285,265,256,320,296,278,254,246,227,216,201,171,157,144,141,132,126,119,111,107,104,99,94,91,88,85,78,75,72,68,67,64,59,56,55,48,47,44,42,39,36,36,33,30,28,25,22,22,22,22,19,18,17,15,14,13,11,10,9,9,9,7,6,5,5,2
prose	8	12	23	card	12093,4898,4031,3123,2540,2296,1880,1608,1388,1271,1233,1127,1063,1003,942,892,866,833,791,770,717,691,672,629,597,577,564,533,510,483,466,442,430,410,388,370,360,345,327,311,294,278,268,253,237,228,211,197,184,170,161,148,138,130,123,109,96,87,75,65,54,45,35,30,24,16,10,4,1,0
prose	8	12	24	host	19460,11820,9841,7700,9193,5454,3852,3322,3528,2259,2862,3219,2858,1764,2494,2345,1324,1798,2448,1633,2264,960,1694,1438,1573,1153,2639,1129,1541,1152,2333,1475,1556,959,1011,1490,1598,937,1820,883,894,1002,791,1000,2274,1104,1537,1018,877,738,863,691,645,478,597,574,669,610,458,859,2805,772,847,675,504,430,508,468,732,765,617,851,797,901,677,578,448,454,537,394,441,503,654,476,730,531,477,387,925,670,634,1043,751,1557,1291,955,556,539,445,386,464,761,531,445,364,692,438,510,618,433,358,301,263,483,324,480,456,658,605,465,354,292,260,232,602,546,443,365,327,390,320,534,368,298,483,324,1522,657,527,443,397,657,464,356,322,297,261,243,213,200,186,171,156,145,133,793,725,633,1067,483,574,507,487,420,365,333,432,416,355,330,289,260,904,954,651,612,464,379,347,330,309,288,264,251,243,227,218,211,204,198,186,177,167,157,149,143,141,139,130,129,121,114,110,107,104,97,93,88,86,82,79,75,74,71,68,65,63,61,61,58,57,53,51,51,49,47,45,44,42,40,37,37,35,33,31,31,30,30,27,24,24,23,21,21,21,21,20,18,17,17,15,15,11,11,11,11,11,10,8,7,7,7,7,6,6,5,5,5,5,5,3,3,3,2,1
prose	8	12	24	card	23559,11112,7465,5362,3666,2578,2051,1795,1496,1400,1266,1187,1054,1001,914,848,750,691,655,605,575,528,481,459,438,421,395,352,317,295,270,256,243,215,206,186,169,149,131,126,114,107,101,92,88,80,73,65,60,51,44,38,30,25,22,16,13,9,5,5,4,1,1,0,0,0,0,0,0,0
prose	8	12	25	host	31233,21925,17189,9882,6092,8395,4933,4705,3424,3282,3867,4358,2440,4422,3146,2534,1490,1751,1984,2247,1998,1789,1653,1786,1642,1111,4336,1222,1278,1191,725,1755,1241,1365,862,1940,1077,814,840,1632,661,3177,822,1133,704,624,1047,1139,646,665,529,329,1327,1049,887,578,1012,486,709,722,546,523,565,501,1262,521,397,463,515,440,380,535,856,626,558,584,575,459,335,620,428,1064,619,393,452,504,675,553,476,417,365,303,266,273,303,244,212,165,154,118,440,1028,1249,534,490,622,628,577,611,448,393,324,388,337,278,668,639,423,308,280,325,276,250,218,1131,707,468,328,263,225,194,1306,269,2555,1729,729,682,512,440,406,380,361,401,378,326,484,528,468,406,371,325,278,251,212,203,755,446,347,382,300,277,375,310,253,234,223,210,198,187,180,174,162,152,581,458,315,260,204,194,187,177,169,154,145,142,133,128,121,114,111,105,102,96,94,90,87,86,82,77,73,70,67,65,64,62,59,57,53,50,48,47,45,44,41,39,38,37,35,34,34,32,31,28,28,26,25,23,23,22,22,20,20,18,17,15,15,14,14,14,14,12,12,12,11,10,7,6,5,5,5,5,5,5,5,5,4,3,2,1,1,1,1,1
prose	8	12	25	card	14672,5658,4074,2854,2128,1761,1601,1337,1164,1090,1027,942,838,766,724,636,577,507,469,435,389,355,338,311,292,268,244,212,199,184,169,151,134,126,112,103,90,77,68,63,59,52,46,44,39,36,34,29,27,22,19,18,15,12,10,9,7,5,3,0,0,0,0,0,0,0,0,0,0,0
prose	8	12	26	host	19064,15587,11757,11383,5596,10350,6771,4458,4186,3319,5688,4284,3243,2492,4032,2423,1552,1567,1633,1181,4322,962,1208,2007,1951,2867,1384,1618,1263,1486,1704,2552,1040,3211,783,797,715,1200,1191,1079,1840,789,1331,1493,774,667,719,1464,701,930,655,721,1826,1033,616,557,863,588,907,1356,840,673,930,1384,732,710,506,693,1080,753,814,1255,717,638,1362,873,630,993,580,511,639,489,338,374,1269,672,901,630,584,682,611,452,373,449,629,337,295,418,637,587,744,489,366,285,254,439,476,527,563,405,439,525,728,531,843,625,514,363,2346,1105,521,355,285,265,239,220,256,223,385,421,636,579,534,712,436,372,325,286,264,316,293,269,249,217,868,267,217,209,187,170,161,153,138,123,2450,1535,366,317,303,275,251,241,461,285,263,951,567,493,346,611,609,524,770,1360,882,559,565,525,444,579,451,391,346,330,304,287,281,262,238,225,215,206,196,190,181,177,166,159,154,148,142,137,137,129,123,114,109,104,99,97,95,89,87,84,81,79,78,76,70,66,66,63,62,58,55,53,51,49,48,44,44,40,39,38,37,37,35,33,30,29,29,27,26,24,23,22,21,19,18,17,16,16,15,15,15,13,13,12,12,11,11,8,7,6,4,3,2,2,2,2,1,1,1,1,1,1,1,1,1,1,1,1
prose	8	12	26	card	10634,5116,3400,2650,2208,1906,1622,1442,1309,1215,1099,1007,882,801,755,709,646,601,554,523,478,453,428,369,347,326,299,276,255,231,217,191,173,157,146,140,130,109,100,95,87,76,65,55,50,46,42,36,33,28,25,22,20,16,13,11,10,7,5,2,1,0,0,0,0,0,0,0,0,0
prose	8	12	27	host	24759,13342,13966,10679,6334,4274,5967,4844,2749,2906,2118,2657,4453,1798,4642,2134,2117,2093,1856,1438,2197,1599,1444,3854,1058,892,1719,886,1921,1613,939,2462,1061,724,1157,1442,1027,847,653,1164,1147,957,882,708,620,817,1403,873,1122,997,840,605,828,1204,1087,861,600,696,843,676,757,946,1013,831,864,899,547,568,874,773,589,778,1575,744,904,505,2176,600,835,578,431,780,1545,800,651,686,517,449,447,371,566,1364,513,449,478,474,412,662,477,878,611,403,486,699,582,551,465,503,447,498,445,560,402,1100,486,658,505,382,291,261,458,344,290,261,242,213,400,213,184,480,312,464,405,346,293,586,737,994,765,580,398,358,328,286,256,380,304,274,834,471,413,359,382,337,355,312,287,268,255,229,219,196,187,172,157,346,256,228,202,186,284,213,1251,670,678,1406,975,543,454,400,339,277,677,544,334,536,413,392,373,356,339,271,332,379,346,616,581,448,376,326,288,256,235,218,202,194,182,300,655,347,266,244,233,226,212,197,181,168,161,154,150,141,134,128,123,118,112,106,102,100,95,90,84,81,75,74,66,62,61,57,56,56,52,51,50,47,46,44,42,39,37,34,33,32,30,27,27,25,24,21,21,21,19,18,16,15,15,13,13,11,11,11,11,10,7,6,6,6,6,5,4,3,2
prose	8	12	27	card	10372,7440,5181,3673,2680,2257,1952,1699,1529,1395,1209,1052,964,831,756,709,659,616,580,540,474,447,403,368,350,322,300,292,263,245,230,208,197,179,170,157,132,122,111,104,89,83,75,64,56,50,45,38,36,31,27,24,21,18,15,11,11,9,7,3,3,2,1,1,0,0,0,0,0,0
prose	8	12	28	host	24217,21732,16825,10931,9292,4691,5564,6479,3936,3191,4609,3967,3193,3077,3660,2205,2293,4017,1457,2329,2144,2449,1438,3607,1454,1699,1515,1245,963,2412,1072,1210,1638,599,1203,1241,1136,1716,901,878,1350,1173,938,2110,816,846,954,875,768,1041,1670,3150,1173,749,613,870,1149,876,642,1268,667,885,1153,828,969,730,830,612,568,670,1249,553,467,392,636,945,688,655,475,429,976,881,803,455,716,378,897,554,513,446,442,413,481,400,296,379,320,352,344,287,247,562,423,594,579,334,236,212,557,318,267,404,704,800,841,439,364,306,254,440,394,307,279,1870,799,469,339,292,262,226,292,484,380,471,384,322,275,246,243,223,210,189,170,142,129,1973,765,616,548,513,470,411,391,390,308,265,224,1145,622,349,448,367,298,272,244,439,324,305,413,344,294,670,1047,854,664,498,393,356,324,307,272,259,249,237,217,209,199,183,176,165,159,155,147,140,136,131,124,119,118,115,110,108,104,98,94,91,88,84,81,78,74,72,69,67,62,61,59,58,55,53,51,51,49,47,43,43,41,38,38,36,33,31,31,30,28,27,26,26,25,22,22,21,19,17,17,17,17,16,13,13,13,12,11,11,10,9,9,9,9,7,7,7,6,5,3,3,3,3,3,1,1,1
prose	8	12	28	card	5654,4261,3303,2530,2078,1847,1640,1304,1227,1071,951,791,748,716,651,588,536,510,488,452,419,395,367,354,328,308,286,269,256,240,215,189,172,161,146,133,126,114,108,97,90,85,74,66,61,54,45,40,36,31,25,21,15,13,12,8,7,5,5,3,1,0,0,0,0,0,0,0,0,0
prose	8	12	29	host	35384,13731,7054,7012,5745,4003,5073,3556,4751,3509,2845,2702,2599,2639,2197,1900,2149,1183,1717,1665,1752,1621,1921,2007,2838,1337,1325,1020,2164,1021,1145,1406,1572,890,855,1001,1645,1867,1315,908,1018,1050,923,984,1154,1044,848,669,1502,920,1044,1709,819,851,1089,956,881,876,637,770,824,712,693,1330,1168,927,775,1186,727,692,644,1044,1321,841,694,589,494,641,1262,524,564,567,533,1004,714,546,1271,905,588,1017,596,536,455,378,583,444,403,492,503,624,1115,2421,869,601,826,486,393,644,349,405,315,339,410,314,285,375,408,373,296,264,271,934,592,542,403,345,984,730,477,404,350,314,290,250,230,218,523,402,291,655,430,529,416,338,246,419,359,349,307,290,298,914,335,663,418,379,333,296,257,229,214,197,256,202,194,172,161,154,1087,634,443,319,298,259,239,210,193,172,158,132,126,120,662,814,782,1156,585,466,427,374,318,468,453,407,1272,585,488,393,329,316,298,284,267,243,229,217,214,206,189,181,171,164,158,151,146,137,134,128,121,117,113,105,102,100,97,89,86,83,79,75,75,70,68,64,62,60,56,53,51,48,46,43,41,41,40,38,36,33,31,30,27,26,24,24,21,20,18,17,16,14,14,14,12,12,12,12,12,11,10,9,7,6,6,4,3,3,3,3,3,2,2,1,1,1,1
prose	8	12	29	card	15276,7439,3962,2991,2536,2154,1752,1415,1269,1168,1070,943,855,799,758,709,654,591,551,516,471,439,399,378,358,325,299,262,253,225,216,200,187,170,164,156,144,135,126,117,112,107,97,88,83,78,73,68,61,55,48,41,38,35,30,23,21,19,13,10,8,8,6,3,1,1,0,0,0,0
prose	8	12	30	host	23877,14692,5722,5160,5436,3891,6024,3280,3363,3803,2690,2178,2418,1620,1866,2787,1504,2112,2010,1990,2086,1268,1368,1008,1130,1385,1336,1414,1441,1563,1019,751,1473,2049,917,1472,1557,1083,830,735,835,850,622,749,1251,1306,977,928,817,630,921,972,704,654,699,777,3168,702,1413,777,1204,1716,770,792,833,603,630,468,705,476,1288,950,605,562,444,662,839,1015,701,810,583,631,408,659,643,735,1045,879,605,451,640,603,448,474,404,862,597,350,1245,544,475,558,534,1231,1244,795,610,423,320,450,323,527,391,565,399,591,626,483,862,613,539,1441,899,653,537,370,309,260,245,207,177,349,298,258,191,147,323,367,767,613,772,712,492,412,379,1197,1138,655,368,286,267,261,237,215,198,186,174,158,317,211,176,151,139,124,118,105,758,254,382,319,271,467,1506,802,999,548,727,524,434,389,517,1229,629,580,442,414,387,362,322,424,379,355,290,591,403,306,269,245,233,217,207,193,184,172,159,151,142,136,132,128,122,117,113,104,96,92,86,83,78,71,71,69,64,62,60,54,54,51,48,48,45,42,41,38,37,37,34,30,29,29,29,29,27,24,23,23,21,21,19,18,18,16,14,13,13,12,12,12,10,9,9,8,8,7,7,7,6,5,5,3,3,2,2,2,2,2,1,1,1,1
prose	8	12	30	card	27700,6953,4232,3577,2465,2099,1701,1586,1458,1336,1267,1194,1113,1003,942,882,825,789,726,685,654,611,580,555,535,503,475,455,438,417,393,375,353,333,304,284,269,256,235,220,205,186,173,164,135,126,114,107,93,82,71,63,58,52,46,36,31,27,22,19,12,10,6,5,3,1,1,1,0,0
prose	8	12	31	host	20326,10832,11706,6465,5225,5196,4892,6045,4381,3265,3431,2540,2085,2443,1891,1865,2909,2108,1791,2032,1612,1806,2143,1497,2038,1935,1346,2271,876,1766,1324,919,1799,1158,903,1304,914,1304,955,1137,1335,1430,888,1181,2612,1289,819,755,547,657,1892,887,650,855,681,899,563,888,1182,1807,840,585,1784,826,812,662,1234,924,807,1461,982,626,1030,573,608,671,1484,1377,1002,669,539,579,605,1297,750,604,447,517,602,394,446,871,416,960,687,1211,682,742,549,493,388,420,360,324,355,319,595,327,280,227,516,686,912,679,517,570,561,450,394,444,355,402,349,507,358,308,627,429,311,1151,1072,551,280,199,423,292,232,199,517,737,750,545,507,448,374,327,297,329,444,492,353,311,285,259,227,212,196,187,173,161,142,130,122,1611,691,534,467,418,330,310,274,237,370,317,324,288,252,236,209,190,441,1758,1190,719,567,749,651,595,458,429,407,385,369,336,295,277,257,247,354,290,237,218,201,198,191,185,180,178,171,159,152,139,135,128,122,113,106,102,96,93,89,83,81,78,73,73,70,67,65,64,62,60,55,53,50,49,47,46,43,41,40,37,35,31,31,31,29,28,27,26,25,25,23,21,20,20,19,17,16,16,16,14,12,10,10,10,9,9,8,8,8,8,7,6,3,2,2,2,1,1,1,1,1,1,1,1,1,1
prose	8	12	31	card	13198,7493,5348,3510,3129,2547,2160,1953,1746,1597,1462,1402,1266,1144,1011,938,862,810,711,678,619,580,547,489,463,430,410,381,359,346,338,317,304,283,248,235,208,188,178,170,159,145,133,123,111,104,95,85,78,71,66,60,56,44,37,30,27,22,16,12,9,8,7,4,2,0,0,0,0,0
prose	8	12	32	host	29026,24937,14974,9695,9316,6506,3692,3206,2715,2462,1677,1937,2557,1532,1768,1592,1205,1433,2687,1065,1641,1774,1777,1810,1334,993,1351,1204,1257,1235,1679,2099,1589,1114,1151,1268,1216,1045,957,887,879,1483,922,731,813,1440,912,850,869,787,565,507,1750,716,1057,784,651,450,2197,975,916,784,747,615,515,637,521,907,862,662,855,541,470,504,742,632,628,1299,641,812,633,769,618,660,442,454,915,608,441,562,646,555,649,679,454,453,716,713,430,474,374,1134,332,356,296,868,451,359,681,750,471,567,543,832,582,498,403,342,387,355,297,250,268,900,392,358,326,389,520,643,468,359,322,300,262,237,214,199,1928,438,355,1368,697,518,466,393,360,332,594,349,376,343,305,257,242,220,193,341,253,668,258,217,194,172,150,142,123,114,104,330,215,169,149,117,210,175,1616,949,769,651,979,978,635,2051,1030,791,444,393,360,334,306,275,336,292,271,430,348,322,298,290,268,254,246,236,219,211,204,178,171,161,152,147,138,131,131,124,115,110,104,100,97,91,91,87,84,80,77,74,72,67,62,59,57,56,54,50,48,46,45,44,42,40,38,37,37,37,34,30,28,28,28,24,23,23,21,20,18,18,18,18,16,16,14,14,14,13,12,11,9,9,8,8,8,7,5,5,5,5,4,3,3,3,2,2,1
prose	8	12	32	card	8847,4455,3180,2805,2448,2009,1819,1670,1478,1352,1170,1024,923,877,805,771,718,675,614,576,557,522,495,464,445,422,393,368,345,321,295,268,259,248,233,214,197,185,173,165,146,136,127,120,111,97,86,80,77,73,67,63,58,47,37,31,27,25,20,18,15,12,10,7,5,1,1,0,0,0
prose	8	12	33	host	19173,14260,10443,6085,8255,6134,4266,5357,2872,4550,2531,1940,1559,1416,2019,1650,1980,3313,1246,1901,1578,1358,2443,1790,1304,1040,1258,1118,1066,1594,2205,1292,1018,1042,949,793,1175,847,1126,1149,1070,986,1904,1094,774,1151,505,957,2865,1660,1047,699,1263,1118,1158,922,1011,695,521,666,703,783,791,2230,768,584,1048,585,469,652,721,643,798,1011,545,534,592,456,369,385,1209,1152,874,1111,707,1266,762,618,1046,818,631,473,681,771,584,407,525,679,543,425,719,636,888,490,444,305,417,486,437,720,526,450,794,698,429,361,298,262,269,427,314,357,283,252,518,444,884,650,416,546,536,460,956,649,491,583,406,359,324,288,266,246,1428,380,258,239,207,270,316,277,251,235,200,1550,618,629,469,354,332,287,275,254,240,225,202,191,186,174,160,148,139,392,250,224,198,174,160,145,386,244,194,182,169,158,142,984,497,550,502,493,395,345,270,275,243,684,495,696,531,457,412,370,514,462,435,363,342,325,308,296,262,250,233,224,199,187,177,174,163,158,147,140,132,128,123,118,110,100,97,92,87,84,81,79,75,71,69,66,65,62,61,56,56,51,48,46,41,40,39,38,36,33,32,31,29,29,26,25,25,24,21,20,17,16,15,14,13,11,11,11,11,8,8,6,6,6,3,3,3,2,1,1,1,1
prose	8	12	33	card	17949,5619,4523,3334,2650,2227,1919,1702,1607,1476,1380,1331,1220,1166,1118,1056,1006,961,914,873,810,770,731,687,654,624,582,549,517,486,450,412,392,374,343,314,294,273,247,229,213,201,184,167,148,135,130,117,105,99,85,75,68,63,56,50,44,37,29,21,14,9,8,3,2,1,1,0,0,0
prose	8	12	34	host	10896,8499,7507,4766,6005,3259,4148,4219,5223,2403,2595,3079,3388,2617,3874,1597,1447,1642,2706,1170,1349,1669,1939,1415,1348,2821,1462,1472,1472,1360,1025,1118,942,992,1248,1542,812,810,1714,1088,1261,1019,1285,1225,2131,1071,716,968,1185,890,891,755,572,551,1465,1027,1224,736,1034,1159,820,992,976,873,813,708,576,604,1594,883,616,696,518,408,603,666,486,2126,737,733,660,551,648,607,797,687,506,376,1047,781,742,551,888,622,774,748,666,493,387,339,261,889,604,591,570,456,368,409,1144,597,414,424,821,368,334,351,302,495,347,317,535,449,554,486,372,320,695,539,492,399,429,358,299,261,1142,664,583,391,309,275,254,495,456,415,288,1409,446,541,511,424,407,350,396,340,409,329,306,266,251,225,202,461,243,644,270,243,359,329,227,215,202,1746,288,245,224,214,198,189,174,162,145,133,124,123,1255,1201,353,280,427,671,443,327,314,295,334,316,290,282,270,258,501,337,326,273,439,416,334,320,300,266,248,243,228,222,204,185,173,166,157,152,146,140,134,128,119,108,105,100,96,92,87,84,81,79,76,74,73,71,68,62,61,58,56,54,51,49,47,45,42,41,39,36,36,36,33,31,30,29,28,28,28,27,24,24,21,21,19,18,18,17,17,15,14,13,12,11,8,8,8,7,6,6,5,5,5,3,2,1,1,1,1,1,1,1,1
prose	8	12	34	card	29067,14790,8214,4352,2965,2384,1968,1735,1542,1394,1178,1101,987,903,814,754,672,626,590,547,521,484,466,443,426,400,383,357,339,315,302,278,263,248,233,213,189,177,164,153,145,136,127,116,108,100,89,78,73,70,62,58,52,43,39,33,27,24,19,16,12,7,7,6,4,2,0,0,0,0
prose	8	12	35	host	25936,13074,10738,7426,6572,5053,4271,4979,4472,2705,3528,2645,2580,2624,2313,3180,2266,1759,1739,1617,2310,1784,2701,2448,1623,1769,2302,1707,1675,1926,1947,2181,1814,1516,1096,1052,1685,1491,1671,1659,1156,1817,2003,1098,832,2033,1170,946,1025,1239,1140,726,1165,1205,773,1816,941,866,823,3186,1327,1423,705,1031,1186,946,1251,1026,847,944,822,1321,1157,674,683,621,581,605,859,1293,668,701,845,935,677,503,896,810,1001,879,1864,992,851,742,672,600,430,379,669,720,726,540,513,461,381,281,747,745,506,669,481,505,455,451,376,429,347,439,354,271,282,246,1857,835,1080,603,553,787,572,480,401,358,1124,458,542,501,416,386,518,419,344,278,257,234,311,260,240,215,330,590,306,265,287,244,416,884,615,544,498,532,448,608,467,413,375,358,324,300,277,222,199,182,164,260,229,166,251,203,172,153,143,132,123,114,249,216,159,138,127,116,255,411,386,311,535,425,349,508,484,755,1193,639,595,495,448,391,359,329,303,278,263,244,230,224,271,243,234,224,212,199,189,180,163,156,152,147,144,136,131,128,119,115,106,101,93,88,82,81,76,71,71,69,68,64,60,58,56,53,50,49,47,43,40,39,38,36,35,32,31,31,29,27,25,22,22,20,19,18,17,16,16,12,11,11,11,10,10,10,7,5,5,5,5,3,3,2,1,1,1
prose	8	12	35	card	6752,3023,2304,2031,1863,1701,1458,1343,1242,1132,998,935,838,755,707,678,635,558,523,498,457,421,399,378,341,318,293,268,236,221,197,181,164,153,135,125,113,101,98,83,76,71,66,62,58,53,47,44,36,34,31,29,24,20,18,15,12,11,8,5,4,2,2,0,0,0,0,0,0,0
prose	8	12	36	host	9579,8935,7450,6484,4872,5369,3419,5150,3051,3855,3548,3146,3484,2805,3565,2592,2218,2241,1999,2076,1592,1924,1521,1282,2034,2148,1716,1576,1129,1682,2155,2478,1345,1602,1613,3044,1903,2370,1248,993,1276,1522,1559,1165,818,1243,1160,787,1198,946,876,1059,1096,1352,954,765,1250,1270,1143,741,751,545,592,2029,1008,1012,1015,813,1607,885,615,1092,791,1254,1137,1250,1248,990,925,1164,785,718,550,616,1201,1289,868,676,661,1220,735,795,962,633,482,374,303,250,254,576,1022,899,757,656,857,911,518,711,404,538,442,738,755,571,893,665,694,419,334,283,259,230,241,392,374,615,620,817,663,452,375,732,435,461,869,503,432,391,2021,458,390,332,300,416,349,320,243,205,297,820,380,400,439,1009,854,624,485,408,374,319,277,429,422,307,346,314,292,266,239,212,199,186,167,153,320,283,259,249,342,343,309,284,225,197,225,207,691,370,312,277,245,984,2062,1098,624,562,403,517,536,487,411,360,326,303,281,872,411,354,310,291,268,247,224,210,194,183,176,166,163,160,149,139,132,128,120,116,112,102,97,95,93,90,84,79,77,74,70,67,62,62,59,57,54,51,49,47,43,42,37,36,34,34,33,32,30,29,26,23,23,23,21,21,18,18,17,16,13,11,10,9,8,8,7,7,7,5,5,5,4,3,3,3,1
prose	8	12	36	card	10632,6577,4878,3407,2678,2184,2026,1749,1571,1487,1333,1256,1216,1174,1087,1041,973,906,847,772,734,703,649,600,579,561,516,503,468,448,419,399,380,358,334,310,294,276,258,235,209,192,172,154,137,118,98,91,76,62,54,45,39,35,30,27,23,16,15,9,7,4,2,2,2,0,0,0,0,0
prose	8	12	37	host	24477,11639,6652,5589,4700,4654,4074,2817,3097,3704,3164,2797,2556,1928,2932,2174,3162,2672,2021,1951,1688,2541,2506,2266,2411,1881,1531,2443,1934,1285,1928,1392,1574,1397,2326,1899,1584,1813,1306,1279,1635,1959,1343,1124,1215,1274,1047,1469,952,1733,767,820,1736,1007,1579,1366,1272,1017,996,1207,1012,806,783,1309,918,774,1506,1086,1009,952,896,806,787,611,480,625,483,568,704,940,930,1142,1019,858,742,677,490,583,440,504,407,778,585,981,1058,713,608,473,560,597,640,468,399,421,726,626,594,469,574,471,364,701,1011,899,539,481,485,543,443,405,374,323,336,296,265,235,336,274,224,927,600,494,539,387,790,529,457,476,400,329,271,242,213,400,262,377,298,266,246,357,288,257,346,249,779,755,567,450,536,553,476,433,550,417,395,334,311,252,225,210,189,178,326,225,213,198,176,156,138,126,115,108,102,201,190,148,135,340,294,193,1334,646,639,523,453,429,592,567,2542,552,476,701,423,357,303,276,251,341,280,259,246,232,214,197,188,180,165,156,152,148,140,131,125,120,115,109,103,100,95,92,90,84,80,76,70,66,63,60,56,56,54,53,48,46,43,41,40,35,33,32,30,29,28,28,27,23,23,22,21,20,19,19,18,17,16,14,13,13,12,11,9,9,7,7,5,4,4,4,4,3,2,2,2,1,1
prose	8	12	37	card	14356,4586,3024,2563,2195,1930,1734,1553,1343,1189,1084,1004,932,887,830,786,712,688,657,626,583,562,533,518,479,465,448,415,401,385,359,341,323,314,297,289,277,256,245,231,219,209,195,180,174,163,146,139,126,121,114,108,97,91,83,72,60,53,49,41,37,30,27,20,15,12,6,2,0,0
prose	8	12	38	host	13583,13669,11960,8692,6495,4427,4490,4069,3214,4692,3591,3425,3348,2544,2490,2676,1924,3052,2326,2448,2433,1710,3244,2426,2157,2579,1365,1587,2141,1488,1755,1603,1401,1550,1643,1154,849,1318,1572,1459,1456,1556,1177,1912,1373,1024,990,1411,1458,1264,981,1375,1144,937,1153,1583,970,1098,960,651,1343,1070,1230,1045,800,1252,858,976,1230,969,733,833,676,662,492,743,679,3113,911,713,583,1049,1732,934,723,951,1069,889,545,993,657,848,616,659,796,650,524,434,689,772,710,410,1045,811,625,570,489,722,419,532,735,756,565,584,1151,883,696,550,446,366,304,572,419,339,405,317,793,494,568,659,474,897,667,547,792,484,395,407,350,318,287,477,327,285,248,211,272,305,255,201,440,485,628,527,479,403,341,301,1434,490,418,366,331,449,378,322,287,554,315,294,233,212,194,180,157,248,225,194,236,442,496,331,268,237,194,167,1212,522,343,302,274,262,253,185,228,194,785,461,302,289,226,183,730,439,412,347,311,548,383,400,327,306,527,477,373,352,314,286,278,257,243,234,215,202,184,172,166,154,137,132,127,119,114,103,97,91,85,84,80,75,72,68,67,63,59,55,54,49,48,46,42,39,35,35,35,30,29,27,25,23,23,21,20,17,16,14,12,11,10,8,8,7,7,7,7,6,5,5,4,4,4,3,1,1
prose	8	12	38	card	4758,3641,3039,2547,2171,2047,1885,1698,1557,1400,1131,1052,983,885,829,744,692,640,584,546,508,464,421,389,347,332,309,296,273,253,235,221,203,186,168,155,147,134,118,105,97,91,85,78,70,66,66,58,50,45,37,35,30,25,22,21,19,14,9,7,5,4,4,4,0,0,0,0,0,0
prose	8	12	39	host	9128,9163,6039,5194,3828,3362,4569,4266,2625,2850,4157,2622,2633,2122,2732,2898,2539,2232,1790,1530,2054,2734,2025,1978,1795,1921,1959,1461,1311,1781,1557,1412,1302,2126,927,1238,1442,1882,1527,1538,1059,1118,1265,1373,1055,1296,1214,1263,1274,1457,2335,1258,1071,1178,871,1038,826,1251,1016,814,765,808,923,940,1517,1563,1031,1066,719,653,736,676,736,1462,975,786,694,683,1143,881,572,451,453,461,507,872,601,1055,643,606,554,1008,511,768,696,680,739,510,967,553,440,623,480,623,759,593,509,555,450,457,595,438,380,414,359,301,559,785,773,714,630,601,458,383,285,351,276,556,494,1226,377,339,402,417,1041,604,496,494,401,589,519,517,449,402,348,295,619,544,433,401,782,494,571,404,377,324,304,378,299,253,242,652,505,509,429,389,342,304,273,243,216,202,185,162,375,306,506,311,267,255,215,199,186,204,479,570,505,381,327,297,269,248,228,561,288,266,250,437,546,531,483,447,414,369,333,288,361,293,277,248,230,211,201,185,170,156,148,142,133,127,123,117,112,106,99,92,89,83,79,74,72,69,66,61,59,55,51,50,49,46,45,43,41,40,38,36,36,33,31,30,28,27,25,23,22,22,21,20,20,16,13,12,10,9,9,9,9,8,7,7,6,6,6,4,3,1,1,1,1
prose	8	12	39	card	14285,9989,5919,4604,4146,3394,2934,2475,2286,2089,1960,1803,1669,1496,1376,1273,1180,1081,1007,951,870,803,747,709,677,635,608,575,548,497,480,428,402,367,340,312,279,265,242,220,209,186,171,152,139,122,114,95,84,74,66,55,46,39,31,25,16,13,9,7,4,1,1,0,0,0,0,0,0,0
code	1	96	0	host	11739,8884,7471,6748,6179,5667,5215,4845,4555,4292,4095,3884,3736,3582,3436,3306,3182,3094,3005,2924,2848,2785,2716,2658,2613,2562,2519,2469,2419,2365,2310,2269,2230,2181,2143,2110,2081,2045,2021,1989,1962,1928,1897,1874,1847,1821,1796,1774,1749,1730,1713,1684,1666,1651,1624,1610,1592,1570,1548,1536,1511,1490,1476,1460,1438,1418,1400,1383,1366,1344,1324,1317,1301,1283,1267,1254,1235,1219,1209,1192,1175,1158,1147,1137,1122,1098,1076,1067,1050,1036,1025,1012,989,980,971,957,945,935,919,904,894,882,877,864,854,845,837,824,812,805,793,786,776,768,756,749,738,731,723,713,699,689,680,676,663,656,652,648,642,634,627,618,612,602,594,583,573,570,563,557,548,541,536,529,525,520,517,515,510,502,497,491,480,472,469,462,458,456,449,442,437,433,427,425,419,413,410,408,403,396,390,386,382,377,371,366,365,362,358,355,349,346,338,334,329,326,320,318,316,310,304,298,296,291,286,283,280,274,272,267,265,261,259,257,253,249,246,244,242,235,231,229,225,221,218,216,215,210,205,201,200,199,199,196,193,186,184,180,177,175,169,165,162,155,154,152,148,146,145,141,139,138,135,134,133,131,128,125,123,116,116,114,114,112,108,105,104,101,101,97,94,93,90,87,86,84,83,80,78,74,74,72,71,68,68,67,63,63,63,62,61,58,58,57,54,52,49,47,44,44,43,41,41,36,32,30,26,25,24,24,23,23,21,19,15,11,10,10,9,8,8,8,8,8,8,6,5,5,4,4,4,3,1,1,1,1,1,1
code	1	96	1	host	12198,9324,8148,7041,6481,6017,5639,5258,4959,4705,4480,4243,4041,3867,3681,3538,3415,3292,3192,3103,3020,2935,2852,2777,2698,2646,2599,2530,2487,2427,2379,2329,2274,2237,2197,2150,2113,2075,2037,1998,1967,1936,1903,1870,1847,1816,1779,1755,1721,1701,1677,1643,1622,1594,1578,1547,1527,1509,1483,1462,1451,1423,1403,1380,1352,1338,1323,1305,1285,1268,1255,1243,1221,1205,1189,1179,1163,1133,1117,1102,1094,1076,1063,1052,1035,1014,999,988,977,971,956,950,935,924,908,897,885,872,860,849,836,831,818,813,800,788,777,766,759,752,741,733,721,715,707,701,693,677,668,664,660,653,643,634,624,618,615,604,594,582,574,568,567,556,550,547,540,536,530,525,516,513,504,497,495,490,484,477,475,467,459,453,447,446,441,435,435,430,424,416,409,403,400,398,389,383,378,373,373,369,364,359,356,354,349,344,342,337,336,333,326,315,312,304,302,300,297,290,287,283,283,280,277,272,268,266,263,262,258,253,250,245,242,237,235,232,231,227,224,218,215,211,211,207,201,200,199,198,194,193,189,186,183,178,175,173,166,165,162,158,154,153,152,151,150,147,145,142,138,134,130,128,126,125,121,117,116,115,111,109,106,104,102,101,96,95,93,91,88,88,86,84,81,80,79,75,73,72,72,72,70,69,67,66,65,59,57,55,54,53,52,51,49,49,46,43,42,38,35,34,32,31,29,29,25,21,19,18,16,15,13,12,10,8,8,8,7,7,7,6,5,5,5,5,4,4,4,3,1,1,1,1,1
code	1	96	2	host	19899,12256,9881,8619,7350,6637,5943,5430,5044,4758,4489,4221,4006,3819,3636,3466,3333,3165,3027,2904,2808,2701,2582,2492,2416,2333,2261,2186,2125,2059,1996,1946,1882,1827,1783,1727,1686,1655,1621,1572,1526,1495,1456,1424,1385,1354,1330,1293,1267,1239,1204,1178,1150,1128,1093,1070,1053,1031,1003,981,956,937,915,902,883,868,853,830,816,798,772,762,746,735,721,703,686,674,662,651,636,626,611,601,589,576,568,559,548,537,527,514,505,498,487,480,473,465,454,444,435,422,413,406,398,389,385,380,372,365,358,348,341,334,327,317,313,307,304,294,291,286,282,278,275,267,261,255,248,242,238,231,229,224,219,214,209,201,199,193,189,187,182,178,174,170,169,166,160,159,153,147,144,142,139,135,130,129,124,120,117,115,110,105,103,103,101,99,94,94,93,91,91,86,85,81,78,75,70,68,68,66,63,60,59,57,54,51,48,47,46,45,41,39,37,35,35,35,31,29,29,28,27,22,18,16,16,14,14,12,12,11,10,10,9,7,7,7,4,3,3,3,3,2,2,1,1,1,1
code	1	96	2	card	13047,8477,5434,4177,3433,2888,2547,2203,1901,1687,1495,1325,1197,1079,982,898,813,747,688,628,573,524,486,441,408,375,343,321,304,272,245,222,202,180,170,159,142,126,109,97,89,79,73,64,59,46,35,30,26,17,11,8,5,3,3,3,1,1,0,0,0,0,0,0,0,0,0,0,0,0,0
code	1	96	3	host	28305,17921,14179,11884,9429,8102,7072,6330,5697,5259,4868,4489,4203,3929,3715,3531,3337,3171,3022,2896,2760,2638,2532,2424,2326,2218,2143,2055,1995,1927,1872,1816,1759,1704,1655,1616,1561,1524,1477,1430,1391,1348,1306,1274,1234,1199,1163,1133,1099,1068,1043,1013,988,956,934,907,884,866,842,822,798,775,755,735,720,695,677,662,645,628,620,605,588,568,552,533,522,518,505,488,478,468,457,442,436,426,415,406,395,385,378,371,360,349,337,328,320,312,306,294,290,283,276,270,262,257,250,247,242,236,230,228,222,217,212,207,203,196,190,187,179,175,171,163,157,150,147,143,141,138,137,136,132,128,126,124,116,115,112,108,106,101,97,95,93,93,92,92,89,87,84,80,78,74,67,66,63,62,60,58,55,49,48,46,43,41,38,37,35,33,30,28,26,24,22,21,19,17,15,13,12,10,10,9,7,7,6,6,5,4,4,3,3,3,1,1,1,1,1
code	1	96	3	card	15761,6816,4399,3494,2774,2318,2033,1715,1502,1314,1185,1058,939,831,731,658,559,515,471,415,371,336,297,266,237,218,183,167,143,125,113,103,90,83,74,61,48,36,27,23,17,12,12,7,3,2,1,1,1,0,0,0,0,0,0,0,0,0,0,0,0,0,0,0,0,0,0,0,0,0,0
code	1	96	4	host	35419,17118,11791,8995,7206,6241,5478,4949,4561,4242,4017,3789,3594,3422,3255,3114,2966,2857,2739,2649,2535,2461,2386,2305,2232,2162,2100,2033,1980,1939,1874,1814,1766,1720,1669,1620,1572,1533,1486,1445,1409,1380,1347,1304,1268,1238,1205,1175,1135,1108,1085,1062,1033,1010,992,968,937,913,890,876,858,845,829,810,791,774,757,751,733,714,696,685,668,658,651,639,625,615,596,582,571,564,556,541,535,521,508,498,491,478,469,461,450,445,433,427,422,412,402,397,385,375,369,363,360,353,347,339,332,325,321,312,307,304,300,292,286,284,278,273,265,262,251,247,243,235,230,224,223,216,213,211,209,204,201,197,191,187,183,180,176,172,164,161,158,156,151,145,142,136,131,129,128,124,120,118,117,114,110,107,103,101,99,97,96,93,91,89,87,87,86,83,81,80,79,79,76,75,71,67,64,61,60,55,51,48,47,45,44,42,42,41,41,39,38,36,32,29,27,23,23,22,19,18,15,15,13,13,10,8,8,8,8,8,8,6,6,4,4,3,2,2,2,2,2,1
code	1	96	4	card	16145,7199,4247,3456,2922,2469,2151,1786,1547,1343,1177,1041,925,822,740,665,618,562,501,454,418,385,352,320,296,270,243,230,202,187,177,159,151,137,125,111,101,87,82,72,67,59,51,48,42,32,22,12,8,7,5,3,2,1,0,0,0,0,0,0,0,0,0,0,0,0,0,0,0,0,0
code	1	96	5	host	33693,13763,10031,8568,7635,6892,6375,5865,5455,5092,4726,4399,4162,3960,3789,3600,3438,3280,3153,3033,2915,2807,2709,2616,2542,2445,2362,2279,2206,2145,2069,1999,1945,1892,1821,1764,1716,1665,1620,1565,1527,1481,1446,1412,1373,1342,1303,1267,1241,1212,1183,1161,1128,1104,1078,1051,1022,997,979,954,933,912,896,874,856,840,822,802,784,769,754,734,718,705,690,677,667,653,639,626,616,605,588,581,567,556,545,534,522,515,508,491,479,469,461,454,445,439,432,420,413,403,391,387,380,377,370,365,352,348,342,329,322,317,313,309,305,297,292,288,284,279,271,265,260,254,247,239,234,228,221,215,212,207,202,202,201,199,197,191,190,188,181,174,173,171,166,162,157,156,153,151,144,138,133,132,126,122,117,116,111,108,104,104,101,100,98,96,94,94,94,93,89,86,84,84,84,83,82,79,78,74,73,71,70,69,65,62,58,55,52,47,43,39,39,33,33,30,30,28,28,25,23,22,20,18,18,17,17,15,12,11,10,10,9,9,7,6,5,3,3,2
code	1	96	5	card	6408,4193,3581,3077,2660,2371,2117,1890,1690,1463,1332,1175,1053,957,874,795,729,671,609,572,520,469,424,372,342,312,286,259,241,219,199,182,162,150,133,123,111,98,86,78,70,60,51,42,29,23,19,12,10,7,6,3,1,1,0,0,0,0,0,0,0,0,0,0,0,0,0,0,0,0,0
code	1	96	6	host	22648,18070,13382,11166,9199,7488,6609,5789,5157,4780,4333,4078,3770,3532,3328,3140,2963,2808,2672,2561,2446,2338,2234,2128,2031,1955,1869,1797,1737,1676,1629,1567,1514,1458,1413,1373,1331,1287,1243,1192,1157,1118,1084,1043,1011,988,956,933,906,880,853,820,794,771,756,728,708,689,666,646,634,613,595,574,555,540,526,518,502,486,474,463,452,436,421,414,403,382,373,367,360,357,347,335,327,318,305,295,290,279,274,266,257,252,240,237,232,230,227,222,213,208,203,200,199,189,178,173,167,164,159,153,147,144,139,134,130,126,120,117,113,111,107,102,100,99,96,95,94,90,85,82,81,77,75,74,73,71,69,68,66,66,62,61,59,57,56,53,51,48,42,39,38,37,35,35,33,28,25,23,21,19,19,15,13,13,9,8,7,7,6,4,3,1,1
code	1	96	6	card	34161,12352,6780,4638,3535,2738,2291,1882,1652,1454,1292,1150,1038,935,852,773,702,643,591,533,483,433,399,366,326,293,265,235,215,189,171,141,127,111,97,85,72,67,57,41,31,24,16,8,4,1,1,1,0,0,0,0,0,0,0,0,0,0,0,0,0,0,0,0,0,0,0,0,0,0,0
code	1	96	7	host	44759,35941,14949,10715,8194,7086,6081,5400,4834,4369,4014,3776,3548,3345,3155,2983,2833,2697,2583,2482,2386,2290,2209,2122,2044,1990,1927,1845,1767,1709,1653,1600,1545,1492,1452,1418,1370,1344,1305,1269,1239,1207,1171,1139,1105,1075,1043,1020,994,968,937,908,881,857,842,821,793,772,751,740,723,703,684,668,649,638,623,606,586,572,559,539,525,520,508,492,478,464,452,445,436,425,416,405,393,383,373,363,356,343,330,324,315,311,303,293,285,278,271,266,261,252,244,236,230,227,224,220,213,205,200,198,195,189,186,178,171,166,159,157,153,145,141,134,128,123,122,119,116,113,110,107,105,102,99,97,94,89,89,83,80,80,80,78,76,74,69,66,63,59,59,58,53,48,46,36,33,28,25,23,22,20,19,18,17,17,14,7,5,4,3,2,2,2,1,1,1,1,1,1,1,1,1
code	1	96	7	card	7689,5393,4290,3413,2761,2242,1918,1627,1381,1189,1055,931,831,752,679,610,535,487,433,388,347,307,274,246,217,193,168,147,129,112,103,85,70,56,39,31,23,17,10,7,3,1,1,0,0,0,0,0,0,0,0,0,0,0,0,0,0,0,0,0,0,0,0,0,0,0,0,0,0,0,0
code	1	96	8	host	45400,28993,14218,11581,9559,8001,7076,6377,5688,5222,4780,4505,4228,3955,3750,3541,3359,3199,3023,2852,2727,2601,2475,2349,2249,2153,2057,1972,1891,1814,1739,1675,1612,1555,1498,1438,1391,1337,1290,1243,1196,1146,1106,1076,1039,1003,961,930,900,864,832,813,790,766,738,711,689,662,642,623,609,592,575,559,542,530,506,489,479,461,451,432,421,406,393,385,367,360,348,339,330,324,316,300,294,288,279,270,264,255,250,244,232,223,220,218,210,205,199,191,187,180,177,173,169,167,161,157,151,145,140,134,126,118,116,113,108,103,100,99,95,92,88,87,82,79,79,78,76,75,73,72,71,70,67,63,60,53,52,48,44,41,38,33,32,30,29,26,20,19,16,12,10,7,5,5,5,5,5,4,2,2,1,1,1,1,1,1,1,1,1,1,1,1,1,1,1,1,1,1,1,1,1,1,1,1,1
code	1	96	8	card	7801,5132,4098,3376,2798,2416,2032,1784,1571,1380,1214,1042,915,806,714,629,560,494,442,391,350,307,270,231,201,182,156,130,110,100,83,66,55,44,33,22,19,13,11,8,5,2,1,1,1,1,0,0,0,0,0,0,0,0,0,0,0,0,0,0,0,0,0,0,0,0,0,0,0,0,0
code	1	96	9	host	35720,24235,16066,12664,10570,8899,7779,6875,6118,5520,5044,4627,4334,4001,3755,3532,3327,3139,2962,2813,2657,2543,2398,2280,2172,2063,1966,1900,1817,1739,1678,1610,1554,1503,1455,1414,1369,1319,1274,1221,1183,1140,1107,1073,1041,1009,978,949,917,894,866,845,815,791,764,745,728,705,681,659,643,624,603,587,577,562,548,531,518,504,489,474,461,448,443,433,424,411,398,382,373,363,355,343,332,325,321,313,303,293,285,277,270,265,256,248,241,238,228,222,217,205,201,197,192,184,180,176,171,169,162,152,147,142,139,136,131,128,120,119,113,109,105,104,100,95,95,92,90,87,83,80,76,72,70,67,63,61,59,56,53,53,52,48,45,40,37,35,34,31,26,25,18,17,16,16,14,13,13,13,12,12,12,10,9,8,8,5,4,3,3,2,2,2,2,2,1,1,1,1,1,1,1,1,1
code	1	96	9	card	10798,7302,5659,4492,3509,2748,2226,1755,1434,1150,971,822,693,591,514,435,368,330,275,237,207,171,150,133,114,96,80,67,55,44,33,25,17,14,11,10,6,6,2,0,0,0,0,0,0,0,0,0,0,0,0,0,0,0,0,0,0,0,0,0,0,0,0,0,0,0,0,0,0,0,0
code	1	96	10	host	20122,16295,13307,11415,9972,8965,7896,6968,6413,6002,5533,5142,4773,4463,4210,4006,3806,3627,3450,3294,3145,3015,2901,2768,2664,2580,2483,2397,2308,2211,2135,2054,1982,1914,1848,1787,1735,1673,1613,1568,1515,1468,1424,1376,1333,1295,1248,1219,1181,1155,1126,1087,1053,1024,1000,971,949,923,894,864,849,824,807,781,761,745,723,708,681,669,644,632,614,599,583,572,556,543,525,512,501,486,470,452,446,433,424,414,411,396,385,379,366,352,343,335,325,318,310,301,297,290,278,274,267,259,255,246,238,229,221,217,214,209,204,196,191,182,178,176,170,168,162,159,157,154,150,145,140,134,130,124,118,117,112,108,104,103,100,98,93,91,87,81,78,77,76,74,72,69,68,67,65,64,62,61,59,56,54,53,50,48,46,41,41,37,32,28,24,24,22,19,18,15,11,11,8,6,4,3,2,2,2,2,2,1,1,1,1
code	1	96	10	card	8218,5968,4748,3716,3049,2614,2245,1856,1662,1490,1288,1153,997,875,772,697,637,568,514,459,415,377,339,301,272,249,223,202,177,154,138,119,102,87,75,63,55,40,32,22,15,12,6,6,1,1,0,0,0,0,0,0,0,0,0,0,0,0,0,0,0,0,0,0,0,0,0,0,0,0
code	1	96	11	host	26024,16915,12743,10719,9299,8008,7292,6648,6202,5679,5215,4909,4556,4287,4057,3867,3702,3559,3398,3239,3106,2982,2840,2713,2605,2500,2407,2317,2238,2153,2085,2020,1959,1893,1828,1771,1718,1649,1605,1554,1505,1457,1411,1368,1320,1285,1232,1192,1156,1118,1081,1053,1020,984,957,931,905,878,855,837,820,792,774,755,740,719,697,674,660,645,630,615,597,582,571,550,533,521,509,504,487,471,454,438,432,427,417,408,402,391,379,368,363,354,345,336,328,321,314,306,299,294,287,281,271,262,256,250,247,239,233,226,222,219,214,209,203,195,187,184,180,174,171,169,168,162,158,151,144,143,140,136,134,131,120,120,116,112,109,103,102,98,97,94,92,90,89,89,88,84,80,76,75,75,73,72,72,70,68,66,65,63,60,57,54,53,48,42,37,33,27,23,22,20,19,18,18,15,14,10,9,7,5,4,4,4,4,3,1
code	1	96	11	card	9225,5800,4180,3573,3023,2658,2303,2006,1735,1500,1270,1132,992,894,803,726,640,582,510,458,413,375,337,301,276,244,211,192,172,155,130,111,101,89,80,72,60,43,31,21,15,11,7,4,3,2,1,1,1,0,0,0,0,0,0,0,0,0,0,0,0,0,0,0,0,0,0,0,0,0
code	1	96	12	host	18720,13918,11424,9742,8678,7887,6946,6250,5765,5406,5038,4737,4469,4287,4093,3917,3754,3626,3481,3345,3209,3078,2953,2849,2760,2664,2570,2482,2402,2313,2239,2172,2088,2021,1968,1901,1847,1796,1738,1703,1653,1610,1558,1522,1469,1425,1393,1358,1322,1282,1236,1210,1173,1143,1111,1079,1053,1019,985,966,942,910,881,860,841,818,797,777,758,743,722,707,689,669,647,633,607,592,581,572,557,542,534,521,508,496,484,470,463,452,440,431,414,401,397,387,376,365,353,347,338,330,321,315,308,296,289,284,275,269,261,257,247,240,236,228,221,214,206,196,194,189,182,178,178,176,174,172,164,159,151,149,146,140,135,129,128,124,116,114,110,109,106,103,101,97,93,90,87,86,85,84,80,79,79,77,73,70,68,67,65,63,62,55,49,46,43,40,38,37,36,31,31,29,27,23,21,18,16,14,11,10,9,7,6,4,3,3,3,3,3,2,2,2,2,2,2,2,1,1,1,1,1,1,1
code	1	96	12	card	9559,6888,5484,4500,3774,3126,2548,2103,1776,1516,1303,1143,989,878,767,686,612,538,488,436,391,350,318,283,253,221,203,174,157,141,123,105,97,88,72,64,55,45,39,33,28,23,17,11,9,4,3,2,2,0,0,0,0,0,0,0,0,0,0,0,0,0,0,0,0,0,0,0,0,0
code	1	96	13	host	13729,10427,8865,7621,6886,6284,5798,5377,5065,4759,4513,4302,4100,3916,3742,3569,3392,3268,3138,3044,2950,2836,2735,2659,2584,2498,2422,2345,2284,2214,2152,2079,2026,1977,1924,1867,1809,1762,1712,1671,1625,1578,1543,1510,1480,1444,1411,1374,1346,1310,1275,1242,1220,1196,1170,1140,1116,1097,1068,1046,1027,1006,978,951,933,911,885,874,858,842,823,802,792,774,758,742,734,719,702,682,668,655,647,638,628,614,603,593,582,567,560,550,537,528,519,505,497,482,476,472,469,459,450,442,430,422,413,405,397,392,387,379,372,359,353,345,344,337,329,323,317,310,302,299,292,285,280,277,268,262,258,257,252,250,243,233,226,221,217,213,212,208,203,197,192,189,188,184,181,178,174,170,167,162,160,156,148,144,143,136,132,125,122,121,119,116,108,105,101,97,97,97,95,94,91,91,89,87,85,83,80,80,76,75,73,71,69,65,63,62,58,54,52,50,49,46,41,37,34,33,31,29,29,27,25,22,21,20,18,16,16,15,14,10,10,9,6,6,6,5,4,4,4,4,4,4,3,3,2,2,1,1,1,1,1,1,1,1,1,1,1,1
code	1	96	13	card	11899,8063,6397,5419,4609,3773,3186,2706,2324,2009,1759,1528,1353,1179,999,860,731,642,570,502,448,383,344,306,274,251,216,198,170,158,142,121,106,93,79,72,54,53,41,34,26,18,16,11,8,5,5,1,0,0,0,0,0,0,0,0,0,0,0,0,0,0,0,0,0,0,0,0,0,0
code	1	96	14	host	25770,14953,12057,10451,9393,8375,7562,6772,6196,5773,5420,5098,4747,4495,4274,4045,3825,3641,3490,3325,3207,3032,2909,2786,2677,2567,2444,2370,2270,2197,2098,2010,1923,1839,1778,1723,1662,1595,1538,1475,1418,1368,1330,1274,1219,1176,1141,1111,1075,1037,999,971,950,910,882,853,824,807,787,759,735,714,688,664,643,628,606,591,580,563,548,526,510,495,490,481,470,456,434,421,406,396,390,381,369,360,353,341,330,321,317,307,296,291,282,274,268,261,252,244,238,233,226,222,218,215,206,201,192,185,180,174,168,166,162,160,155,151,149,146,143,138,134,124,123,116,109,104,99,94,91,90,89,85,83,79,78,77,77,75,72,71,70,69,62,60,57,53,50,50,46,43,42,41,41,37,35,34,32,27,24,21,21,19,16,15,13,10,7,7,7,6,6,6,6,6,6,5,4,4,4,2,1,1,1,1,1,1,1
code	1	96	14	card	10329,7240,5975,4848,3927,3147,2536,2105,1731,1546,1332,1176,1036,915,836,740,670,603,548,495,441,394,363,327,292,261,239,217,186,168,151,130,121,100,92,79,64,54,45,39,33,29,18,12,8,6,3,1,0,0,0,0,0,0,0,0,0,0,0,0,0,0,0,0,0,0,0,0,0,0
code	1	96	15	host	22639,10587,8556,7414,6499,5876,5422,5067,4771,4492,4237,4040,3824,3665,3490,3341,3206,3092,2985,2867,2742,2650,2560,2476,2403,2322,2246,2177,2116,2051,1999,1939,1879,1819,1784,1749,1697,1659,1612,1575,1534,1491,1451,1415,1381,1353,1327,1288,1263,1243,1211,1180,1146,1123,1095,1075,1058,1034,1017,996,972,949,930,914,895,881,863,843,822,811,794,774,761,750,732,717,704,689,672,658,649,636,630,620,607,595,579,570,564,549,540,535,524,508,497,486,478,467,462,454,448,443,435,425,415,408,399,387,380,373,368,365,358,350,343,338,333,326,320,313,309,303,298,289,282,278,270,265,261,256,253,251,246,242,237,234,226,220,214,209,209,205,202,198,194,190,187,182,177,174,171,170,169,164,162,160,157,154,152,150,146,143,140,132,129,127,124,117,114,105,102,98,94,91,90,89,89,88,88,88,83,81,79,78,78,75,75,72,71,70,70,70,69,64,63,63,61,61,60,58,56,54,54,49,45,40,40,35,34,27,26,25,22,21,19,16,13,12,10,10,9,5,5,5,4,4,4,4,3,2,2,2,1,1
code	1	96	15	card	16521,7279,5134,4216,3330,2825,2485,2218,1983,1798,1607,1446,1278,1157,1041,939,856,793,729,663,605,549,510,478,444,408,367,338,308,283,260,242,222,205,190,173,158,146,133,121,108,100,88,80,76,64,56,46,35,28,21,16,9,5,2,1,1,0,0,0,0,0,0,0,0,0,0,0,0,0
code	1	96	16	host	42020,25961,16118,12709,10884,9597,8413,7616,6902,6369,5778,5322,4980,4644,4359,4088,3837,3593,3419,3159,2969,2787,2643,2476,2346,2222,2101,1990,1892,1783,1693,1615,1546,1481,1409,1347,1285,1228,1176,1121,1079,1028,989,949,910,872,841,800,767,729,703,685,663,639,619,594,576,558,536,520,504,480,464,448,437,430,413,399,383,371,360,343,337,327,316,307,299,287,273,261,255,249,242,235,227,221,214,203,198,196,189,183,176,172,167,163,159,153,152,146,136,132,126,120,120,114,111,104,100,99,97,95,93,92,88,88,86,83,80,76,74,69,66,63,60,54,52,48,48,46,45,41,38,35,32,27,23,21,18,14,12,11,11,10,7,7,6,5,4,3,3,3,1,1,1,1,1,1,1,1,1
code	1	96	16	card	9682,5563,3746,2770,2142,1794,1510,1327,1157,1023,894,783,702,623,570,512,461,413,369,337,296,261,235,205,187,169,148,126,110,96,89,82,68,51,38,29,26,17,11,6,2,1,1,1,0,0,0,0,0,0,0,0,0,0,0,0,0,0,0,0,0,0,0,0,0,0,0,0,0,0
code	1	96	17	host	20720,15116,12360,10807,9604,8797,7980,7339,6733,6182,5792,5450,5079,4756,4471,4191,3961,3730,3557,3364,3183,3030,2870,2714,2586,2488,2388,2291,2195,2107,2027,1965,1899,1832,1772,1715,1660,1600,1536,1499,1462,1420,1382,1340,1306,1251,1216,1183,1141,1105,1073,1041,1009,981,956,928,905,879,865,836,816,792,774,756,735,713,700,681,669,653,639,623,614,594,581,567,557,545,531,515,498,487,478,468,455,447,437,424,413,403,393,389,373,363,352,346,344,335,325,316,305,299,290,285,281,277,269,262,259,252,249,242,234,227,218,215,207,201,198,195,192,187,183,180,178,176,173,167,164,158,153,145,143,139,133,129,122,118,114,112,110,107,105,105,103,101,98,92,89,86,86,85,83,80,79,77,75,75,73,71,69,66,62,58,56,51,50,46,45,42,38,33,31,31,25,23,17,15,14,13,10,8,8,8,7,7,6,6,4,4,4,4,4,4,4,3,3,3,3,3,2
code	1	96	17	card	9725,6599,5022,3590,2927,2435,2002,1672,1448,1241,1105,976,883,786,710,648,585,539,473,434,400,360,322,301,276,249,231,197,185,166,155,134,120,110,97,86,71,61,51,37,28,19,14,9,4,1,1,0,0,0,0,0,0,0,0,0,0,0,0,0,0,0,0,0,0,0,0,0,0,0
code	1	96	18	host	16817,13818,11973,10328,9073,8277,7466,6752,6164,5673,5239,4828,4511,4224,3932,3715,3531,3335,3166,2965,2857,2752,2637,2501,2397,2299,2189,2092,1987,1895,1822,1768,1699,1631,1563,1495,1427,1383,1331,1278,1222,1193,1143,1099,1058,1027,986,965,926,902,873,841,818,779,757,737,718,690,664,646,623,608,590,572,560,539,521,510,497,479,468,462,447,441,433,421,414,398,389,376,367,355,347,339,327,323,315,306,296,291,282,276,270,263,256,252,246,245,236,227,222,215,209,202,200,197,194,192,183,175,170,166,161,154,149,148,145,143,140,138,136,134,131,125,124,121,116,112,111,108,106,105,102,100,99,96,89,85,83,79,76,73,72,69,68,65,63,59,55,53,50,49,43,42,38,38,37,36,32,30,27,25,25,23,22,20,18,16,15,13,11,10,10,10,10,8,8,8,5,5,5,4,3,3,2,1,1,1,1,1,1,1,1,1,1,1,1,1
code	1	96	18	card	15030,11314,9166,7441,6087,5217,4418,3731,2970,2458,1972,1619,1296,1063,905,736,614,512,443,374,322,283,231,205,175,155,133,117,98,84,70,60,53,37,23,17,13,11,9,6,6,4,1,0,0,0,0,0,0,0,0,0,0,0,0,0,0,0,0,0,0,0,0,0,0,0,0,0,0,0
code	1	96	19	host	16267,11337,8431,7508,6805,6250,5819,5506,5193,4938,4700,4475,4286,4080,3887,3717,3561,3423,3312,3186,3083,2961,2872,2776,2675,2572,2476,2403,2328,2270,2205,2140,2079,2030,1982,1917,1879,1835,1789,1738,1689,1652,1609,1574,1543,1500,1472,1443,1409,1373,1341,1308,1284,1247,1223,1192,1169,1146,1120,1097,1072,1054,1027,1006,981,959,941,925,901,880,862,847,828,807,796,772,755,738,721,710,697,679,668,649,638,622,611,601,587,570,560,551,538,529,522,511,500,486,474,466,457,453,444,436,428,420,409,397,391,383,373,366,358,350,343,340,329,320,316,304,302,299,295,287,282,277,274,267,258,253,246,241,236,233,229,225,220,213,211,206,202,197,194,192,189,185,183,179,170,166,163,158,153,150,150,147,144,142,141,139,137,136,130,127,124,118,114,109,106,102,101,101,100,97,93,92,89,89,89,86,85,83,80,79,78,75,73,70,70,69,64,61,57,57,54,49,45,43,40,39,35,35,34,33,30,26,24,23,23,20,19,18,17,16,16,16,16,14,13,11,10,10,9,8,7,7,6,4,4,4,4,4,3,3,3,2,2,1,1
code	1	96	19	card	7152,5539,4598,4022,3502,3086,2724,2462,2229,2033,1831,1633,1453,1324,1177,1076,967,855,783,714,648,573,522,467,428,391,359,327,301,282,248,227,217,194,177,159,148,136,127,112,103,94,83,71,58,50,41,31,23,20,15,13,8,5,5,4,3,1,1,0,0,0,0,0,0,0,0,0,0,0
code	1	96	20	host	23106,16784,13185,11112,9700,8717,7998,7223,6651,6019,5551,5198,4813,4508,4239,3970,3736,3544,3331,3179,3015,2898,2771,2670,2564,2436,2330,2205,2090,2016,1920,1830,1746,1655,1566,1509,1445,1392,1332,1279,1221,1170,1122,1082,1048,1005,966,932,899,868,836,799,769,737,713,695,671,652,626,603,579,566,545,535,515,505,483,465,451,436,429,409,397,390,381,368,360,351,337,330,321,313,301,296,285,276,270,260,250,241,238,230,226,217,212,206,202,198,190,188,182,180,176,167,163,161,160,154,147,143,140,137,133,127,118,110,109,108,104,100,99,98,98,96,95,93,92,88,86,85,83,78,75,74,71,67,65,62,54,48,45,42,39,36,36,35,34,33,31,27,27,25,24,20,18,17,17,17,17,16,16,14,14,14,12,12,11,11,11,11,10,9,8,7,5,5,5,4,4,4,4,1
code	1	96	20	card	16281,9425,7092,5402,4294,3515,2944,2370,2008,1669,1426,1205,1039,898,780,685,587,510,443,386,338,284,254,222,192,170,152,130,116,98,78,70,60,48,42,34,27,22,13,9,9,4,3,2,2,1,0,0,0,0,0,0,0,0,0,0,0,0,0,0,0,0,0,0,0,0,0,0,0,0
code	1	96	21	host	24573,17544,13611,10882,9487,8497,7372,6642,5972,5320,4899,4525,4175,3848,3617,3382,3174,2987,2830,2683,2548,2398,2288,2168,2053,1949,1862,1774,1703,1619,1552,1490,1425,1374,1314,1265,1216,1177,1142,1104,1071,1037,1013,972,939,913,881,852,825,807,779,755,740,721,696,680,665,651,622,610,593,577,560,545,524,513,501,487,475,466,448,438,427,414,402,395,391,380,368,359,350,341,336,327,322,314,310,301,294,285,280,271,267,264,252,247,236,232,228,225,221,218,218,212,204,200,192,184,182,178,174,168,166,161,157,151,149,145,140,133,129,128,124,121,120,118,117,116,113,111,107,102,99,98,95,92,92,91,90,87,83,81,77,75,73,70,68,64,61,60,56,53,49,47,42,40,37,34,34,32,31,28,28,26,25,24,20,19,17,16,13,12,10,8,8,8,7,7,7,6,6,6,6,6,6,6,5,5,5,4,4,3,2,2,1,1,1
code	1	96	21	card	21042,9244,7550,6329,5277,4327,3405,2729,2218,1815,1563,1314,1143,998,890,782,695,615,543,503,456,412,378,341,303,273,244,226,197,177,160,141,133,121,108,90,73,63,52,40,32,21,17,12,8,4,3,2,0,0,0,0,0,0,0,0,0,0,0,0,0,0,0,0,0,0,0,0,0,0
code	1	96	22	host	27443,19682,14433,11921,10180,9098,8126,7328,6427,5834,5410,5033,4666,4372,4094,3830,3643,3451,3234,3007,2837,2701,2545,2417,2287,2163,2056,1951,1866,1782,1683,1587,1530,1454,1408,1346,1301,1252,1217,1173,1137,1102,1066,1033,999,962,939,904,868,842,817,789,765,749,730,709,689,662,644,630,612,596,578,562,551,541,529,517,502,487,477,467,448,432,424,414,402,395,386,381,368,359,350,342,336,326,318,312,307,298,287,284,275,270,263,256,250,245,242,240,232,228,222,219,213,210,205,201,195,191,187,184,179,169,162,158,154,151,149,148,145,140,139,137,134,128,128,124,123,120,114,111,107,105,104,104,102,100,96,96,96,94,89,87,86,84,80,78,74,70,67,66,60,59,57,53,48,45,44,42,40,36,34,34,33,30,27,25,24,23,22,18,18,18,18,17,15,15,12,11,10,9,7,6,6,6,6,6,6,6,6,5,4,4,3,3,3,3,3,2,1,1,1
code	1	96	22	card	31349,4862,3544,2617,2150,1691,1417,1131,968,846,723,640,559,481,431,374,330,290,269,240,213,185,154,139,124,111,101,87,74,65,55,46,35,28,22,17,9,8,7,5,5,3,2,1,1,0,0,0,0,0,0,0,0,0,0,0,0,0,0,0,0,0,0,0,0,0,0,0,0,0
code	1	96	23	host	28938,13183,10541,8835,7663,6912,6394,5807,5397,4981,4724,4413,4143,3870,3655,3489,3306,3122,2988,2855,2740,2621,2519,2432,2339,2275,2197,2114,2048,1991,1940,1889,1821,1775,1731,1682,1634,1591,1546,1510,1475,1435,1392,1361,1326,1286,1264,1232,1206,1179,1147,1126,1098,1072,1046,1027,1005,974,954,936,918,903,876,859,845,825,812,796,783,761,749,729,719,703,690,676,665,651,637,624,612,597,587,578,569,558,549,536,523,514,506,495,487,482,476,465,452,443,437,428,423,414,399,396,389,382,375,366,363,361,351,347,339,337,326,319,313,309,297,292,286,282,273,270,264,262,260,259,255,248,245,239,234,230,229,224,218,215,212,209,204,199,194,189,183,182,179,173,170,167,163,158,155,154,150,149,142,138,135,134,132,129,127,124,121,118,115,112,107,104,104,103,100,100,99,97,95,95,94,88,88,85,84,83,81,81,77,72,71,69,63,59,58,57,54,51,47,43,42,39,34,29,28,26,25,25,24,22,22,21,20,18,17,16,13,12,11,10,8,7,7,7,6,4,4,4,4,3,3,3,2,2,2,1,1,1,1,1
code	1	96	23	card	7793,5407,4123,3479,2991,2632,2249,1980,1785,1615,1480,1342,1237,1103,1026,935,863,793,717,666,613,562,512,471,432,397,366,344,308,276,254,231,216,203,186,166,153,143,132,118,109,104,93,82,72,61,54,41,28,21,14,9,7,4,4,1,0,0,0,0,0,0,0,0,0,0,0,0,0,0
code	1	96	24	host	28081,16652,12700,10513,8831,7561,6636,6028,5529,5053,4659,4375,4121,3851,3618,3445,3245,3067,2914,2747,2584,2461,2350,2242,2148,2045,1951,1854,1771,1703,1630,1557,1500,1451,1389,1325,1266,1219,1179,1143,1103,1070,1031,998,969,938,903,880,860,835,810,787,766,748,727,716,698,683,656,645,627,614,597,580,567,554,546,532,519,506,490,479,469,459,451,441,429,415,411,406,394,384,377,372,366,361,357,347,334,328,317,313,312,308,297,291,285,279,273,268,265,258,250,248,239,236,231,228,220,216,214,212,205,198,194,191,186,179,176,172,168,167,163,158,156,152,149,141,135,131,128,127,124,122,118,116,114,112,110,110,107,105,102,97,97,95,92,90,88,85,80,79,77,75,72,71,66,62,61,58,56,55,51,51,49,46,41,38,34,32,31,29,27,26,22,20,19,19,16,15,15,15,14,14,11,11,11,11,11,9,7,7,4,3,1,1,1,1,1,1
code	1	96	24	card	40649,5854,3769,2922,2346,1966,1704,1473,1292,1153,1039,924,829,750,670,611,558,509,462,426,386,355,320,290,270,249,231,202,183,163,148,134,117,107,94,74,62,57,50,44,31,22,16,11,8,4,2,0,0,0,0,0,0,0,0,0,0,0,0,0,0,0,0,0,0,0,0,0,0,0
code	1	96	25	host	44699,26335,15567,12422,9951,8261,7170,6408,5744,5031,4513,4116,3735,3365,3151,2929,2721,2576,2466,2318,2189,2070,1977,1864,1774,1702,1629,1563,1501,1432,1372,1315,1272,1227,1179,1149,1103,1062,1034,1008,975,944,912,884,855,832,813,786,768,749,724,702,688,668,651,636,612,600,587,575,560,546,541,523,507,491,482,471,467,451,438,426,420,407,395,392,383,372,357,352,343,336,328,315,307,305,295,287,284,280,273,269,262,255,249,244,241,233,229,220,215,210,204,203,196,192,185,181,178,174,169,164,158,156,152,148,146,143,139,138,135,132,127,122,120,117,113,108,107,103,101,97,96,92,89,86,86,84,80,78,76,73,71,70,67,66,66,63,59,54,52,49,49,47,46,38,34,32,29,28,26,22,17,16,13,12,9,7,5,2,2,2,2,2,2,2
code	1	96	25	card	17833,8915,5336,3727,2844,2315,1972,1708,1448,1204,1026,889,781,678,597,534,477,421,383,338,305,268,246,215,189,171,150,133,120,98,87,79,69,62,54,39,29,21,12,7,1,0,0,0,0,0,0,0,0,0,0,0,0,0,0,0,0,0,0,0,0,0,0,0,0,0,0,0,0,0
code	1	96	26	host	34381,20604,15390,12146,10165,8873,7879,7073,6505,5953,5520,5132,4751,4420,4120,3851,3671,3467,3264,3084,2935,2805,2656,2522,2413,2323,2235,2154,2074,1999,1921,1834,1776,1706,1653,1599,1551,1496,1434,1395,1355,1313,1258,1223,1186,1156,1118,1078,1059,1034,1003,972,950,924,897,876,846,827,810,789,766,750,724,703,679,668,653,636,620,600,580,571,560,546,538,522,508,496,489,479,465,454,447,434,427,415,407,393,384,378,361,351,344,337,329,324,323,314,310,301,295,292,286,277,269,256,251,246,241,240,234,228,226,220,217,213,205,199,196,192,188,180,175,168,161,157,154,149,148,146,144,141,137,133,130,128,122,117,115,114,111,110,107,105,101,100,98,96,96,92,91,90,89,86,83,81,76,72,69,67,62,56,51,50,49,47,45,40,35,32,28,26,23,21,20,18,14,12,12,12,10,7,6,6,5,5,4,3
code	1	96	26	card	6945,4056,3042,2454,2007,1706,1469,1272,1127,1005,878,793,715,653,593,540,488,444,391,347,315,296,271,236,214,193,176,162,138,125,110,105,95,85,74,59,43,34,24,15,8,7,2,1,0,0,0,0,0,0,0,0,0,0,0,0,0,0,0,0,0,0,0,0,0,0,0,0,0,0
code	1	96	27	host	28254,17525,12050,9707,7931,6668,5617,4845,4330,3885,3513,3257,3060,2831,2652,2483,2380,2269,2168,2059,1978,1881,1814,1750,1685,1623,1561,1515,1473,1429,1385,1326,1286,1248,1203,1169,1147,1108,1079,1059,1027,999,976,946,922,896,878,867,842,816,801,777,756,744,727,714,692,678,664,647,633,621,608,595,583,571,559,551,537,529,523,514,500,489,482,468,466,457,451,442,436,428,418,410,399,392,383,376,372,368,363,356,350,342,334,330,321,316,310,304,300,295,289,278,273,271,265,262,256,251,244,243,238,231,224,214,212,208,203,201,200,195,191,186,183,179,176,174,173,170,166,165,159,156,154,147,143,139,139,136,130,125,121,118,118,113,109,107,105,102,100,99,96,96,95,93,88,86,84,81,79,78,75,70,69,68,68,67,66,64,61,58,56,56,54,49,44,41,36,32,30,28,27,26,22,18,16,16,15,13,11,10,10,7,5,5,5,5,5,5,5,4,4,4,4,2,2
code	1	96	27	card	27696,21540,14443,5359,3769,2750,2069,1759,1533,1356,1189,1063,940,842,739,655,601,540,476,430,384,336,291,269,236,202,181,160,135,118,104,93,76,66,54,42,36,24,18,10,6,5,4,2,2,0,0,0,0,0,0,0,0,0,0,0,0,0,0,0,0,0,0,0,0,0,0,0,0,0
code	1	96	28	host	41305,23168,17814,12908,10662,9274,8017,7111,6407,5719,5245,4767,4375,4048,3734,3462,3256,3035,2825,2657,2489,2369,2249,2165,2058,1962,1890,1804,1719,1647,1588,1515,1465,1400,1345,1288,1246,1198,1156,1126,1096,1056,1018,986,952,927,896,870,844,824,800,772,747,726,713,692,675,658,641,621,602,586,573,563,546,533,521,510,493,476,464,455,450,442,425,413,404,394,386,378,374,361,353,337,331,323,317,313,307,303,298,286,284,278,269,265,256,248,240,235,228,227,220,214,209,207,204,200,195,190,186,177,173,170,168,164,157,154,148,144,140,132,132,128,126,121,119,117,111,109,108,104,100,99,99,97,96,91,91,87,86,85,82,80,78,78,77,75,70,67,64,61,58,52,47,45,40,38,35,33,31,27,23,22,20,18,16,15,14,13,11,10,8,6,4,4,2,2,1,1,1,1,1,1,1,1
code	1	96	28	card	15825,4248,3039,2391,1981,1653,1417,1235,1112,1005,903,806,724,655,581,523,470,429,385,338,297,266,237,208,186,161,142,122,111,90,74,62,54,46,37,29,18,12,9,4,3,2,1,0,0,0,0,0,0,0,0,0,0,0,0,0,0,0,0,0,0,0,0,0,0,0,0,0,0,0
code	1	96	29	host	44405,22182,17264,11742,9261,7379,6344,5623,5003,4498,4100,3744,3451,3206,2996,2798,2624,2470,2345,2236,2134,2035,1957,1892,1816,1759,1693,1626,1564,1502,1451,1392,1351,1302,1254,1216,1174,1120,1078,1056,1016,986,950,920,895,865,839,809,793,774,747,724,707,688,669,650,636,618,600,582,566,547,538,525,511,495,483,476,464,451,436,425,419,407,401,391,382,377,367,357,346,335,321,315,309,303,298,289,283,276,269,267,263,257,249,242,232,230,226,221,217,216,209,201,196,192,190,184,182,177,175,172,169,162,160,154,148,144,142,137,137,133,131,127,123,121,118,115,111,109,108,105,103,102,101,99,97,94,94,92,89,86,85,83,81,78,75,72,70,67,62,59,54,52,50,47,43,42,39,35,33,30,30,27,26,25,24,20,20,19,17,16,15,12,11,10,9,8,8,6,6,6,6,5,5,5,5,5,4,4,3,3,1,1,1,1,1,1
code	1	96	29	card	12637,8519,6420,5126,4232,3711,3209,2768,2439,2096,1808,1574,1366,1121,912,778,648,541,460,399,347,312,265,241,213,186,166,138,125,112,101,91,77,67,56,47,36,23,15,9,6,5,4,1,0,0,0,0,0,0,0,0,0,0,0,0,0,0,0,0,0,0,0,0,0,0,0,0,0,0
code	1	96	30	host	32049,27038,16661,10872,8662,7024,6005,5162,4389,3904,3585,3263,3008,2798,2653,2519,2389,2270,2173,2082,1964,1887,1813,1733,1662,1584,1528,1465,1426,1376,1326,1269,1227,1185,1153,1116,1073,1035,1009,982,957,921,895,872,851,831,807,785,768,745,722,702,684,670,653,640,621,611,597,578,565,550,542,529,516,504,495,485,478,469,461,449,434,423,412,408,401,390,379,372,366,362,353,341,335,328,316,309,304,294,288,283,276,271,268,268,261,252,242,236,232,227,225,218,211,205,201,198,193,187,185,183,182,180,175,169,168,162,158,153,147,142,138,135,134,131,125,123,121,118,115,113,109,108,106,102,101,99,97,94,93,92,90,85,83,82,80,77,74,74,69,68,62,60,58,53,50,47,43,40,39,38,35,28,26,25,25,21,19,17,16,16,16,15,14,12,11,10,7,4,3,3,2,1,1,1,1,1,1,1,1,1,1,1
code	1	96	30	card	31124,9785,7020,5124,3760,2753,2362,2017,1765,1573,1411,1259,1141,1023,908,814,734,667,595,530,468,426,384,342,308,271,250,224,208,179,157,149,129,114,105,89,78,68,52,36,33,25,15,7,7,6,3,3,2,2,0,0,0,0,0,0,0,0,0,0,0,0,0,0,0,0,0,0,0,0
code	1	96	31	host	19635,15766,12126,9640,8476,7556,6778,6010,5405,4898,4489,4207,3960,3774,3603,3437,3246,3106,2996,2867,2733,2638,2545,2456,2376,2301,2228,2166,2096,2039,1980,1931,1873,1819,1767,1719,1670,1624,1590,1548,1511,1466,1429,1388,1358,1326,1294,1263,1236,1200,1164,1137,1109,1086,1068,1039,1018,992,969,944,922,894,875,856,834,814,793,771,744,728,715,692,672,660,652,635,621,610,593,584,567,553,539,531,526,502,493,480,472,461,451,440,428,419,408,401,395,388,385,375,363,354,349,341,335,330,321,312,306,304,295,288,284,278,267,264,259,250,244,239,235,230,227,218,216,213,207,201,195,190,187,185,182,179,174,170,168,164,159,156,152,149,145,139,137,133,130,125,120,119,115,112,109,107,105,104,104,101,98,97,95,92,87,85,83,79,78,78,76,74,73,73,71,69,64,62,61,58,54,53,52,47,45,41,40,34,31,30,28,25,24,19,18,17,16,15,13,12,11,10,8,6,4,4,4,3,3,3,2,2,1
code	1	96	31	card	11833,7272,5504,4447,3599,2957,2467,2101,1889,1688,1538,1377,1235,1113,1022,926,841,781,721,667,613,556,503,456,415,371,339,306,278,244,221,202,173,159,146,130,112,98,84,71,60,51,42,26,22,16,10,5,2,0,0,0,0,0,0,0,0,0,0,0,0,0,0,0,0,0,0,0,0,0
code	1	96	32	host	41462,25310,18784,14286,10809,8336,6772,5816,5197,4645,4220,3929,3711,3458,3237,3055,2895,2730,2608,2484,2384,2294,2200,2115,2040,1962,1896,1843,1779,1723,1673,1630,1582,1525,1479,1437,1391,1354,1308,1265,1227,1190,1162,1128,1101,1074,1045,1015,998,968,940,917,892,867,854,841,811,789,771,756,738,722,705,687,663,652,635,619,606,591,578,558,540,535,521,515,500,492,482,477,464,446,434,423,409,400,394,385,379,373,358,353,344,337,328,323,314,311,303,296,290,287,282,274,266,263,254,247,242,233,230,226,222,218,214,206,205,200,194,192,187,183,179,174,172,170,169,161,159,153,153,147,143,137,132,130,126,119,118,114,111,106,102,101,101,100,99,97,95,93,92,90,88,83,80,78,78,77,75,73,71,71,69,64,60,56,51,50,46,41,38,34,30,27,25,23,23,21,18,14,13,12,12,11,10,9,9,7,6,6,4,2,2,2,1,1
code	1	96	32	card	6421,4412,3490,2868,2372,2018,1753,1471,1283,1134,996,865,766,694,629,578,521,484,438,397,362,338,313,279,257,232,218,204,186,170,150,136,120,108,101,88,77,65,55,44,38,24,20,17,11,9,5,2,1,1,1,1,0,0,0,0,0,0,0,0,0,0,0,0,0,0,0,0,0,0
code	1	96	33	host	24377,19714,15025,12095,9283,8046,7004,6200,5672,5184,4755,4362,4030,3741,3464,3267,3074,2875,2734,2612,2491,2387,2270,2144,2049,1961,1885,1811,1740,1675,1607,1544,1478,1416,1377,1319,1277,1234,1186,1148,1111,1082,1050,1019,984,953,928,896,876,847,831,805,785,761,735,712,697,680,657,642,628,611,594,578,566,552,541,525,512,501,488,471,457,448,440,428,420,412,406,389,380,374,367,361,349,340,335,324,315,309,303,299,295,286,280,273,259,254,251,244,238,234,228,224,219,215,209,203,201,193,192,188,185,184,182,176,171,169,166,164,158,157,149,145,142,137,132,128,124,120,118,112,108,106,106,105,103,102,100,95,92,90,90,89,88,87,84,82,80,79,78,76,73,72,72,70,69,64,64,60,56,54,52,47,40,37,33,32,29,27,22,21,19,18,14,13,11,10,9,7,7,6,4,3,3,3,3,2,2,2,2,2,2,2,1,1,1,1,1,1,1,1,1
code	1	96	33	card	17676,9959,5968,4639,3794,3258,2865,2426,2108,1841,1659,1493,1348,1228,1106,1024,936,852,773,696,645,591,528,486,437,398,359,327,290,257,229,205,191,168,145,127,107,98,86,78,62,49,38,28,23,17,7,4,2,2,0,0,0,0,0,0,0,0,0,0,0,0,0,0,0,0,0,0,0,0
code	1	96	34	host	23269,17480,12127,9259,7588,6652,5955,5431,5005,4650,4340,4061,3840,3653,3452,3290,3144,3005,2882,2747,2639,2519,2439,2338,2253,2186,2107,2029,1969,1898,1836,1782,1727,1686,1640,1601,1555,1513,1465,1427,1372,1341,1305,1267,1227,1196,1164,1132,1114,1085,1059,1026,1006,981,961,936,915,894,873,856,836,819,794,779,764,745,729,711,696,677,659,645,634,613,603,595,583,570,552,541,531,519,508,497,485,479,467,459,450,437,428,420,414,403,392,382,372,367,359,356,350,338,331,324,316,306,301,295,291,286,282,276,269,262,258,253,245,239,233,228,223,219,212,211,209,205,200,197,196,194,190,185,179,170,166,162,156,148,147,145,143,140,138,132,129,127,125,124,123,121,119,116,114,110,109,109,106,103,100,97,95,92,91,89,88,85,84,82,79,77,72,67,62,59,57,52,50,48,46,42,38,35,34,32,31,30,27,25,24,21,19,17,15,14,12,11,8,8,7,5,4,3,2,2,2,1
code	1	96	34	card	34628,7293,4082,2684,2138,1782,1530,1283,1133,997,896,795,714,649,598,543,493,442,410,379,352,319,292,263,238,215,200,185,165,151,138,126,112,101,95,85,74,63,53,39,33,28,23,20,14,8,3,2,1,0,0,0,0,0,0,0,0,0,0,0,0,0,0,0,0,0,0,0,0,0
code	1	96	35	host	32120,17420,11475,9579,8263,7314,6728,6170,5771,5410,5061,4779,4447,4180,3968,3790,3596,3391,3242,3093,2937,2803,2677,2539,2440,2345,2274,2187,2106,2026,1959,1898,1847,1786,1719,1651,1596,1549,1508,1451,1405,1361,1321,1284,1238,1201,1173,1128,1096,1061,1028,994,965,941,920,891,857,836,814,794,770,743,729,709,692,672,656,638,623,607,595,584,571,556,537,525,509,502,489,482,470,464,456,447,433,425,416,406,398,387,382,373,368,360,353,345,340,336,326,325,313,309,303,299,293,288,282,274,266,264,256,252,249,243,235,228,224,218,218,214,212,210,205,202,200,194,186,181,178,176,171,171,168,164,156,156,155,150,145,140,136,132,131,129,123,120,115,114,112,111,111,109,109,107,105,104,103,99,97,92,89,89,86,85,82,81,81,78,75,70,69,67,65,60,58,54,53,53,51,48,46,41,37,34,34,33,30,29,26,24,22,20,19,15,14,13,12,11,10,8,8,7,7,6,5,4,4,4,2,2,2,1
code	1	96	35	card	16380,11241,4603,2860,2146,1736,1382,1152,994,826,723,619,541,475,428,390,342,304,275,249,226,203,180,161,148,135,126,114,101,92,83,75,64,49,37,33,27,19,15,10,9,5,1,0,0,0,0,0,0,0,0,0,0,0,0,0,0,0,0,0,0,0,0,0,0,0,0,0,0,0
code	1	96	36	host	14357,10734,8924,7902,7142,6509,5961,5473,5117,4770,4505,4261,4025,3841,3623,3446,3278,3156,3047,2924,2824,2730,2644,2559,2490,2399,2329,2264,2200,2141,2086,2036,1976,1923,1868,1824,1772,1725,1683,1640,1603,1568,1526,1485,1452,1423,1389,1354,1331,1298,1265,1226,1203,1177,1145,1125,1097,1078,1052,1025,998,977,955,935,904,881,859,844,824,809,789,767,750,736,720,701,686,672,657,641,630,615,599,588,574,564,549,532,525,512,500,490,480,472,462,450,439,431,414,408,400,398,387,381,371,366,358,352,344,333,324,320,308,302,294,286,281,276,271,264,256,249,240,234,229,226,223,218,213,207,207,202,199,194,192,188,181,179,171,164,158,156,150,148,145,143,141,137,133,129,125,123,118,116,114,113,111,105,103,101,100,100,99,96,94,90,86,81,77,75,74,69,68,67,65,64,60,56,56,54,52,52,48,44,44,41,39,35,30,27,27,26,22,18,15,13,11,9,9,9,8,6,6,6,6,5,5,5,5,5,3,3,2,2,2,1,1,1
code	1	96	36	card	19783,8512,5995,4405,3499,2966,2625,2275,1998,1790,1595,1435,1301,1197,1090,995,909,837,753,689,631,583,530,494,453,411,377,338,312,286,254,236,215,186,167,143,135,124,110,93,85,73,57,41,37,28,23,15,9,5,5,4,1,1,1,0,0,0,0,0,0,0,0,0,0,0,0,0,0,0
code	1	96	37	host	21170,14163,11551,9976,8427,7491,6619,5982,5501,5117,4750,4455,4153,3913,3719,3542,3383,3238,3110,3002,2878,2776,2678,2584,2491,2398,2308,2240,2152,2095,2030,1964,1904,1847,1790,1737,1687,1644,1613,1567,1526,1485,1444,1410,1365,1330,1297,1264,1231,1206,1172,1138,1117,1088,1056,1035,1012,986,970,947,924,897,878,854,830,816,794,779,760,748,725,708,689,676,665,651,642,627,611,598,591,576,563,549,537,523,514,500,488,477,471,465,457,451,442,430,423,412,401,394,388,380,373,363,355,349,345,338,332,327,318,312,308,300,293,285,278,275,267,263,257,250,248,241,236,233,229,225,222,215,209,205,201,198,194,190,187,183,177,171,168,165,162,159,158,153,149,147,141,139,132,130,128,123,120,117,116,113,108,105,102,101,96,94,88,87,86,85,83,81,80,79,79,75,73,71,71,69,67,64,62,61,61,57,52,50,47,42,41,37,34,34,31,29,27,25,21,18,16,16,15,14,12,12,10,9,8,5,2,2,2,2,2,1,1,1,1
code	1	96	37	card	8011,5766,4432,3685,3135,2675,2335,2083,1903,1713,1544,1411,1291,1176,1080,1005,925,840,781,730,665,614,575,528,493,456,422,399,367,338,321,300,272,249,232,210,202,182,167,155,141,122,110,104,90,82,74,68,61,50,36,28,26,18,13,8,4,3,2,0,0,0,0,0,0,0,0,0,0,0
code	1	96	38	host	25622,17909,13457,9975,8526,7276,6501,5842,5354,4908,4593,4302,4101,3886,3698,3530,3393,3263,3158,3047,2954,2851,2762,2673,2594,2521,2431,2367,2303,2238,2156,2100,2047,1978,1934,1883,1837,1797,1748,1703,1657,1619,1584,1544,1505,1473,1431,1407,1364,1333,1303,1270,1239,1208,1187,1145,1120,1091,1057,1028,1007,985,956,937,916,893,862,843,828,811,793,775,759,739,715,705,684,666,657,643,624,608,595,583,572,554,539,528,522,508,496,485,476,462,451,440,435,427,419,411,403,390,383,373,361,350,343,339,334,328,322,318,311,301,297,286,281,271,269,263,260,257,247,239,236,233,229,220,215,211,206,201,197,194,191,189,187,182,175,168,165,161,157,152,146,139,139,137,137,133,131,128,125,122,117,113,108,106,104,103,101,97,94,91,89,89,85,83,78,76,74,73,73,72,67,62,61,57,55,55,54,52,50,49,46,43,39,37,34,32,29,29,28,25,25,23,18,17,15,15,14,12,10,10,9,8,7,5,4,4,3,1,1,1
code	1	96	38	card	7585,4220,3288,2840,2444,2149,1882,1627,1416,1267,1125,998,898,791,696,611,536,477,432,386,346,317,281,263,243,218,209,191,172,157,138,126,114,108,99,86,78,66,57,48,43,38,26,21,14,11,9,6,2,1,0,0,0,0,0,0,0,0,0,0,0,0,0,0,0,0,0,0,0,0
code	1	96	39	host	19020,12283,10792,9110,7829,7137,6507,6043,5689,5336,5035,4778,4535,4287,4097,3895,3728,3579,3441,3315,3190,3071,2957,2859,2730,2662,2576,2495,2419,2348,2273,2211,2152,2087,2024,1960,1908,1856,1810,1760,1715,1667,1619,1575,1539,1504,1461,1416,1374,1342,1311,1280,1245,1207,1175,1146,1118,1095,1070,1038,1008,987,967,942,915,893,876,854,836,812,796,777,761,741,722,701,687,671,652,637,626,608,601,583,570,562,548,534,517,504,495,486,473,463,444,433,428,422,420,409,398,384,372,363,355,345,339,331,326,316,311,305,303,297,291,282,274,264,261,254,248,244,235,232,229,225,216,208,205,202,195,192,187,185,181,178,175,167,166,160,157,150,147,140,138,134,132,129,124,118,117,115,114,114,112,111,109,101,99,93,92,89,87,85,84,78,77,74,73,73,72,69,68,67,67,64,62,56,54,51,49,44,44,43,41,39,37,34,32,30,27,27,24,22,21,17,15,14,12,11,10,7,7,7,7,7,5,4,2,1,1,1,1,1,1,1,1
code	1	96	39	card	5604,4521,3868,3321,2920,2637,2415,2160,1973,1795,1629,1479,1325,1216,1122,1040,936,852,782,723,654,592,540,496,453,414,384,347,315,287,266,236,209,185,168,151,136,123,106,97,83,74,62,52,43,31,27,19,17,15,10,6,4,3,2,1,0,0,0,0,0,0,0,0,0,0,0,0,0,0
code	2	48	0	host	10437,8016,6859,6662,6000,5605,5025,4853,4095,3805,3652,3846,3450,3163,3297,3240,3106,2805,2657,2564,2602,2658,2353,2439,2448,2382,2279,2251,2276,2137,2190,2110,2127,2031,1991,1952,1899,1868,1839,1791,1762,1826,1750,1743,1802,1688,1673,1566,1698,1671,1534,1695,1616,1521,1530,1541,1458,1522,1562,1514,1369,1387,1356,1314,1398,1386,1426,1411,1328,1445,1308,1183,1130,1166,1208,1219,1235,1243,1201,1165,1069,1068,1066,1036,1027,1059,1101,1084,1139,1113,1074,1048,1068,1015,952,941,947,918,980,989,940,908,840,875,878,867,794,878,860,868,821,772,735,724,763,705,722,739,742,804,868,734,802,726,779,753,698,673,671,651,717,627,588,661,612,661,702,595,600,600,645,617,601,562,569,572,518,480,481,542,577,524,595,586,561,537,493,494,536,499,490,476,444,436,451,462,437,419,413,457,455,456,438,429,439,430,374,383,354,393,405,392,427,413,398,388,468,404,428,387,409,394,358,364,325,330,339,346,328,351,326,331,303,291,290,328,300,271,249,279,273,270,252,268,269,256,254,250,280,301,263,239,212,213,217,299,266,258,255,232,332,262,266,293,271,261,232,219,214,217,211,201,216,199,198,183,201,187,185,223,201,204,193,221,224,213,189,176,162,180,167,152,173,167,150,151,148,171,156,182,144,144,145,153,140,129,128,114,108,102,95,95,91,87,127,145,126,119,150,120,144,108,101,127,124,145,160,124,110,94,92,87,83,77,90,85,77,70,64,73,69,61,56,52,48,58,47,40,56,45,44,40,41,34,29,25,21,20,22,18,14,14,12,9,9,8,8,6,6,4,3,3,3,3,2,1,1,1
code	2	48	1	host	11409,8199,7416,6684,6365,5732,5392,4926,4453,4453,4030,3976,3701,3493,3782,3132,3225,3130,3052,2908,2697,2759,2654,2647,2609,2452,2362,2463,2230,2266,2155,2224,2299,2171,1998,2070,2068,2045,1845,1843,1767,1851,1709,1723,1679,1678,1715,1700,1655,1530,1552,1627,1579,1541,1398,1439,1439,1378,1450,1441,1328,1381,1335,1216,1359,1351,1287,1362,1235,1242,1185,1104,1184,1137,1119,1101,1117,1249,1156,1126,1062,1058,1082,1026,970,1112,1075,995,966,891,995,876,996,942,945,891,862,800,871,867,823,808,847,734,847,829,835,811,806,743,782,736,722,709,684,653,748,764,740,668,639,595,666,674,644,621,567,612,644,681,666,638,577,590,561,528,550,529,513,548,528,515,654,615,573,510,515,537,485,517,506,495,500,465,453,479,435,444,468,482,483,469,461,442,525,461,461,485,419,390,384,385,373,376,412,385,346,360,336,339,347,401,388,376,361,361,340,378,368,399,326,322,315,353,316,329,323,316,328,347,359,356,379,329,333,359,321,318,316,308,312,287,264,250,252,226,243,217,204,201,214,222,217,246,274,226,280,231,223,239,265,234,226,215,205,254,236,225,204,191,221,271,220,209,229,225,206,197,219,245,179,165,157,146,177,174,186,166,162,143,147,180,168,156,138,168,152,154,136,128,132,138,135,120,112,177,184,163,143,141,130,117,126,117,106,125,133,128,125,106,131,115,110,98,111,109,110,101,98,97,95,91,103,100,83,71,74,62,57,66,62,52,52,47,42,40,33,32,42,34,31,29,24,21,18,15,14,12,11,8,8,6,5,5,5,5,5,5,2,1,1,1,1,1,1
code	2	48	2	host	19177,11176,8560,7774,7071,6381,5671,4932,4926,4363,3858,3750,3963,3590,3534,3455,3044,3065,2868,2983,2735,2791,2434,2312,2213,2189,2152,2073,1942,1910,1957,1962,1872,1746,1567,1578,1702,1592,1491,1569,1442,1406,1340,1318,1355,1237,1194,1429,1258,1101,1317,1246,1120,1065,1116,1052,1006,999,1067,1024,1003,1014,990,1040,857,756,796,846,801,788,915,794,802,736,703,877,846,725,686,682,725,563,653,656,633,614,593,546,533,579,548,556,560,545,537,443,500,431,442,474,490,474,475,450,468,482,442,412,415,354,371,362,389,376,394,399,366,334,311,340,394,348,318,292,265,306,362,334,372,340,331,298,276,279,276,266,250,307,244,244,263,238,248,242,281,288,238,224,256,203,230,242,214,196,177,179,209,193,359,180,284,198,516,210,206,169,153,147,140,127,131,127,116,117,115,136,236,141,144,151,129,133,152,187,158,146,164,156,185,148,123,105,114,133,105,90,87,85,87,127,112,116,92,116,129,99,84,88,84,109,83,73,77,68,61,67,57,52,63,49,40,38,34,40,38,31,28,28,24,22,17,16,16,15,13,12,11,9,8,7,7,6,4,3,3,2,2,1,1,1,1,1,1,1,1,1
code	2	48	2	card	12866,8184,5156,3903,3329,2869,2479,2179,1905,1717,1538,1360,1225,1099,997,906,827,756,692,637,585,552,505,465,436,402,373,352,327,299,284,266,245,227,206,188,175,154,150,131,117,109,97,90,77,67,62,57,51,43,38,34,29,26,19,16,9,6,3,2,0,0,0,0,0,0,0,0,0,0,0
code	2	48	3	host	27530,16933,12987,11344,9086,7726,7333,6068,5218,4990,4739,4252,3796,3797,3498,3264,3228,3102,2582,3013,2666,2290,2243,2226,2410,2146,1986,1924,1876,1925,1887,1791,1797,1759,1890,1526,1497,1500,1505,1462,1272,1336,1352,1240,1133,1078,1248,1410,1095,1016,990,1056,928,927,895,908,891,1064,957,792,873,814,760,774,729,772,719,713,648,632,552,546,556,568,717,674,681,535,508,502,481,470,452,487,441,491,463,443,530,462,438,572,379,375,394,377,362,329,375,346,321,348,329,322,344,309,337,265,267,245,250,228,276,270,258,274,305,268,238,217,254,261,246,268,231,226,200,194,192,190,170,153,161,156,138,133,269,164,149,130,139,150,139,152,130,120,111,100,114,109,157,144,159,145,159,143,179,147,115,121,147,145,134,133,207,137,128,116,114,111,121,127,111,99,91,90,82,79,92,96,86,81,72,76,89,80,76,71,63,59,56,52,49,42,47,37,33,32,30,26,23,22,21,19,18,15,12,12,12,11,9,9,9,8,8,6,5,5,5,4,3,1,1,1,1,1
code	2	48	3	card	15386,6541,4154,3215,2742,2375,2013,1775,1522,1327,1201,1105,965,856,745,685,598,531,483,442,400,372,340,297,268,242,220,204,177,159,146,134,125,114,99,88,74,67,62,55,47,44,35,31,24,16,14,11,7,6,4,1,1,0,0,0,0,0,0,0,0,0,0,0,0,0,0,0,0,0,0
code	2	48	4	host	35419,16059,10550,8603,6837,5486,4849,4429,4064,3776,3576,3439,3510,3318,2971,2795,2725,2716,2577,2406,2224,2216,2123,2120,2173,2165,2002,1921,1761,1584,1702,1934,1777,1639,1552,1638,1667,1364,1717,1443,1407,1375,1247,1200,1189,1125,1089,1133,1176,1103,982,1005,945,1046,968,921,1016,949,1110,879,843,772,855,871,934,849,775,691,672,869,848,790,824,705,621,681,589,816,650,626,610,589,519,582,521,557,504,491,500,624,569,554,549,521,553,443,382,447,436,415,419,467,451,443,386,430,389,387,410,412,411,390,396,373,331,336,382,339,334,326,334,294,344,353,287,281,291,302,264,257,246,244,223,282,222,253,224,246,231,239,238,360,287,270,247,240,269,294,261,259,277,248,220,192,214,195,189,198,167,157,153,154,154,183,143,141,129,130,191,119,109,103,103,86,100,92,108,98,110,151,129,117,116,178,167,157,164,145,161,158,129,117,106,97,88,96,118,126,143,157,130,108,97,97,89,78,80,70,113,128,103,82,74,69,62,62,58,56,47,40,44,41,40,39,32,27,23,22,22,18,17,14,10,10,10,9,9,9,8,8,7,7,6,6,5,5,2,2,2,2,1,1,1
code	2	48	4	card	15744,7073,3979,3330,2843,2447,2101,1853,1560,1343,1161,1045,947,858,758,681,619,554,511,473,420,398,368,335,315,286,269,253,231,213,199,189,178,167,153,139,129,119,111,103,95,86,81,73,67,61,53,48,44,41,30,28,24,16,13,9,6,4,0,0,0,0,0,0,0,0,0,0,0,0,0
code	2	48	5	host	33693,11603,8876,7766,7210,6144,5845,5397,5159,4748,4485,4139,4162,3676,3608,3620,3127,3305,2888,3333,2604,2557,2553,2545,2325,2440,2082,2127,2272,1861,2069,1930,1791,2011,1611,1746,1712,1672,1680,1671,1430,1586,1365,1330,1345,1268,1227,1467,1520,1326,1167,1074,1071,1041,978,969,910,980,911,978,961,946,794,899,869,807,907,788,765,691,681,778,811,674,741,636,661,598,678,636,613,585,665,578,619,536,570,496,568,571,493,554,511,467,470,538,482,517,445,450,429,458,540,472,476,423,395,359,491,413,333,393,386,369,316,342,312,366,423,315,320,340,370,291,341,314,337,387,325,337,357,336,303,279,272,239,246,249,227,237,216,198,198,266,216,190,218,198,241,214,213,204,340,296,329,262,273,260,292,251,239,235,209,190,168,151,175,218,163,141,127,118,139,157,145,121,115,113,100,100,102,103,134,104,96,127,131,145,116,135,149,153,198,185,150,153,137,123,112,117,108,113,135,121,111,121,106,92,83,102,90,83,177,123,108,74,67,69,66,72,63,58,78,65,57,52,45,41,37,32,27,26,21,21,20,15,14,12,11,9,7,6,6,4,4,4,4,4,4,3,2
code	2	48	5	card	5950,3869,3349,2908,2543,2269,1997,1855,1707,1490,1309,1199,1115,1018,938,851,769,710,653,604,557,513,464,429,399,356,319,299,270,253,235,217,199,184,172,154,139,128,119,104,98,84,76,68,60,55,48,43,37,33,28,22,14,12,10,8,4,2,2,0,0,0,0,0,0,0,0,0,0,0,0
code	2	48	6	host	20716,17350,13213,10441,8465,6592,6170,5350,5063,4269,3750,3551,3384,3063,3031,2921,2764,2685,2748,2586,2293,1937,2073,1736,2169,1819,1972,1985,1622,1699,1465,1548,1448,1516,1514,1328,1377,1292,1203,1412,1191,1043,1234,1051,1071,951,995,904,892,900,842,966,737,861,799,826,926,744,827,765,607,601,728,647,712,621,618,561,624,667,540,503,481,460,496,495,479,485,467,401,377,301,332,409,401,376,391,415,344,328,299,375,321,316,365,311,270,237,211,254,365,320,236,202,187,261,241,236,217,214,210,302,265,238,249,259,235,213,211,221,208,184,192,181,158,144,227,155,150,140,200,194,154,124,265,158,129,108,100,87,105,81,115,115,115,116,104,157,143,136,165,137,147,122,137,115,113,98,108,105,109,87,78,161,115,98,153,101,89,81,69,136,80,94,81,66,61,56,51,47,41,37,35,32,29,27,25,22,18,18,16,14,13,12,11,9,8,6,6,5,4,2,2,1,1,1,1,1,1,1,1,1,1,1
code	2	48	6	card	34060,11766,6555,4630,3427,2701,2127,1865,1605,1427,1255,1143,1018,944,870,791,732,676,617,567,525,492,463,423,381,353,315,294,264,245,220,200,181,161,145,128,109,90,80,72,64,56,51,39,34,32,26,18,10,4,0,0,0,0,0,0,0,0,0,0,0,0,0,0,0,0,0,0,0,0,0
code	2	48	7	host	44545,36061,12375,9378,7479,6280,5891,4886,4154,4075,3590,3392,3073,3108,3038,3065,2753,2592,2524,2178,2320,2234,2266,2050,1956,1858,1708,1605,1639,1561,1798,1462,1376,1524,1409,1432,1501,1204,1297,1184,1504,1256,1164,1085,1024,1138,1063,1030,979,966,964,1022,889,897,830,878,979,814,857,818,771,845,796,684,732,605,584,671,652,628,570,634,619,561,484,473,653,625,642,587,733,605,441,397,397,409,349,461,357,413,430,347,375,349,373,432,379,348,414,309,285,322,298,357,324,251,287,258,321,295,243,216,198,198,193,175,274,235,374,234,210,265,226,279,234,309,271,231,238,226,238,189,175,180,159,135,123,138,109,180,158,140,126,124,115,115,128,133,197,175,140,122,138,150,142,217,199,183,188,186,147,126,115,106,94,87,83,135,123,109,94,96,82,72,64,62,55,50,42,38,35,34,31,29,26,25,18,16,15,13,9,9,8,6,6,5,4,3,2,2,2,1,1,1
code	2	48	7	card	7418,5140,4169,3308,2782,2177,1841,1591,1353,1191,1058,961,873,775,690,635,577,520,465,422,381,350,305,274,242,217,193,177,159,140,123,110,101,85,74,62,55,48,42,34,24,16,12,8,6,4,1,1,0,0,0,0,0,0,0,0,0,0,0,0,0,0,0,0,0,0,0,0,0,0,0
code	2	48	8	host	45400,28460,12957,10755,8932,7673,7004,5699,5311,4851,4729,4415,4173,3838,3411,3453,3006,3006,3002,2681,2600,2481,2317,2423,2056,2054,1997,1851,1725,1699,1853,1581,1693,1573,1459,1406,1431,1512,1194,1216,1254,1285,1155,1098,1079,960,927,844,817,859,997,839,789,764,695,766,742,783,685,665,583,665,603,611,601,508,582,545,477,493,444,524,419,495,480,391,452,403,354,368,396,312,375,368,361,364,378,336,312,367,339,273,301,263,255,218,246,227,220,263,235,275,224,203,200,203,238,206,223,208,213,209,190,178,170,164,146,254,233,178,202,201,191,155,153,156,139,126,110,100,97,87,82,92,122,144,128,122,101,130,158,156,140,167,137,128,148,120,176,121,114,113,104,94,100,91,79,74,66,58,61,57,61,50,45,42,38,36,32,28,27,23,18,17,14,11,10,10,10,8,8,7,5,5,4,3,2,28,21,16,7,6,6,3,2,1,1,1,1,1,1,1,1,1,1
code	2	48	8	card	7350,4854,4006,3245,2741,2333,2080,1796,1564,1427,1261,1124,981,853,740,666,579,517,461,421,378,339,312,282,245,211,187,160,136,120,102,89,79,69,60,54,41,32,25,21,17,11,6,6,6,4,2,1,1,1,1,0,0,0,0,0,0,0,0,0,0,0,0,0,0,0,0,0,0,0,0
code	2	48	9	host	34588,22674,14995,11985,10498,8317,6918,6459,5990,4910,4901,4527,3890,3827,3551,3387,3406,3087,3104,2671,2579,2657,2187,2124,2195,1974,1927,1739,1479,1691,1596,1438,1532,1487,1703,1321,1291,1382,1149,1174,1162,1172,1253,1171,1202,1120,1122,997,964,879,940,818,965,951,900,785,714,714,702,757,724,626,880,730,543,642,562,585,624,523,538,508,447,550,478,436,467,425,410,538,474,437,435,400,411,359,365,338,361,359,400,438,360,313,287,298,309,286,246,251,232,267,274,272,256,226,231,258,229,198,257,210,176,179,173,201,228,233,231,169,197,189,256,204,201,222,174,157,164,144,283,167,179,140,111,98,120,168,120,128,130,119,118,141,128,156,163,158,124,113,124,123,156,125,116,99,101,84,74,66,63,56,51,73,64,57,46,53,56,52,46,45,39,35,30,24,52,40,29,19,16,15,14,12,11,10,7,6,6,5,4,2,2,2,2,2,2,2,2,2,1,1,1,1,1,1,1
code	2	48	9	card	10300,6943,5563,4418,3533,2838,2192,1755,1480,1246,1016,854,725,627,550,464,401,336,304,267,227,200,179,148,134,120,105,92,81,75,63,54,48,44,39,32,25,19,17,12,10,6,6,2,0,0,0,0,0,0,0,0,0,0,0,0,0,0,0,0,0,0,0,0,0,0,0,0,0,0,0
code	2	48	10	host	18147,15002,11839,10403,9580,8156,7535,6171,6400,5537,5440,4888,4248,4237,3684,4031,3759,3466,3206,2996,2868,2850,2815,2637,2575,2907,2698,2279,2286,2065,2050,2063,2026,1795,1765,1885,1693,1665,1804,1670,1691,1501,1436,1279,1410,1303,1384,1208,1206,1115,1131,1076,1077,954,1028,983,954,924,930,886,856,882,772,777,798,760,770,725,795,714,765,690,777,680,613,593,665,674,597,646,568,530,675,647,522,576,440,492,409,484,477,405,470,476,389,388,340,490,399,408,364,321,460,391,361,377,297,370,320,407,387,303,273,252,317,367,270,336,294,275,298,191,219,180,173,181,189,191,176,199,162,214,332,264,269,256,236,215,243,202,235,172,200,193,166,153,136,157,116,119,102,102,102,85,111,91,99,96,98,100,125,163,134,145,104,125,139,107,142,117,133,166,112,127,115,101,105,100,127,96,100,80,69,61,56,50,45,41,38,41,36,33,30,29,27,27,23,20,19,17,13,11,10,7,6,6,5,4,4,4,4,2,2,2,1,1
code	2	48	10	card	7644,5387,4514,3697,2994,2546,2222,1900,1691,1521,1350,1207,1085,955,831,755,691,631,548,511,457,419,375,347,314,281,261,239,215,191,171,155,140,119,107,88,80,71,62,51,45,34,31,26,17,15,10,4,2,1,1,0,0,0,0,0,0,0,0,0,0,0,0,0,0,0,0,0,0,0
code	2	48	11	host	24092,15583,11917,10188,8650,7654,6588,6054,5544,4997,4183,4447,3943,4042,3594,3626,3491,3713,3204,3112,2888,2832,2843,2760,2369,2623,2189,2533,2473,2391,2142,1975,1956,1955,1912,1857,1546,1937,1755,1587,1433,1418,1392,1488,1189,1109,1340,1308,1154,1212,1090,997,1010,1134,1138,1078,945,921,1000,813,843,1014,794,802,812,805,735,984,806,725,617,645,605,563,573,635,581,648,593,478,550,537,564,637,515,469,550,554,433,481,440,432,424,420,367,358,408,403,418,431,525,436,447,345,389,347,287,326,278,323,304,271,253,245,293,404,287,285,300,233,207,264,309,244,209,235,191,192,218,181,185,207,164,159,262,213,179,218,236,230,196,183,149,145,129,146,130,116,104,133,137,125,105,90,90,82,71,67,86,76,70,66,153,153,127,124,130,154,145,150,262,256,195,177,152,137,122,123,108,119,110,141,103,88,80,68,58,56,59,54,51,46,43,41,39,34,32,30,26,22,22,19,16,13,12,11,10,9,8,6,4,3,2
code	2	48	11	card	8378,5803,3987,3331,2942,2674,2312,2024,1727,1503,1319,1186,1054,934,835,745,679,618,556,501,459,418,378,353,309,280,253,231,216,194,174,153,135,124,108,95,84,77,63,56,47,42,36,24,18,15,8,5,3,1,1,1,0,0,0,0,0,0,0,0,0,0,0,0,0,0,0,0,0,0
code	2	48	12	host	16480,12267,10677,8884,7886,7399,6404,5510,5070,5056,4521,4309,4360,3762,4088,3916,3806,2959,3077,3316,3253,2640,3223,2791,2557,2684,2563,2578,2149,2046,2238,2112,2233,2017,2044,2102,1777,1884,1870,1701,1588,1505,1516,1666,1441,1648,1512,1428,1251,1206,1326,1410,1161,1099,1014,1028,1087,1140,1299,1037,1003,1168,934,923,849,998,925,887,825,832,889,673,737,751,685,749,691,709,582,727,578,569,537,666,606,547,542,609,513,438,512,531,486,463,389,434,451,387,577,424,383,399,440,390,395,388,318,287,392,322,345,335,338,348,276,357,340,316,341,358,336,279,327,316,244,237,219,221,256,233,207,196,178,178,193,245,207,219,232,271,284,208,166,188,170,168,183,142,137,120,107,138,125,127,99,115,117,193,145,113,124,118,103,157,171,170,149,133,143,118,131,167,124,140,126,140,97,92,106,86,80,75,65,122,109,90,83,74,68,61,55,50,47,41,39,37,34,30,118,66,55,50,29,25,18,14,10,9,9,7,6,6,6,5,4,4,3,3,3,3,2,1,1,1
code	2	48	12	card	8886,6492,5435,4411,3730,3116,2591,2099,1757,1544,1361,1182,1052,948,820,740,663,590,526,471,416,376,340,305,270,249,226,201,185,168,150,134,118,110,96,91,80,68,62,59,55,50,39,32,28,24,19,16,13,9,8,7,5,1,1,0,0,0,0,0,0,0,0,0,0,0,0,0,0,0
code	2	48	13	host	12430,9321,8069,6971,6581,5447,5268,4537,4686,4155,4282,3935,3679,3725,3510,3040,3321,2852,3147,2786,2462,2477,2689,2604,2487,2682,2526,2260,2083,2092,2036,2277,1941,2001,2075,1839,1839,1657,1632,1522,1690,1632,1408,1415,1423,1402,1423,1399,1379,1278,1312,1338,1218,1310,1235,1168,1148,1124,1319,1217,989,956,1015,1076,975,990,992,822,876,767,768,854,672,746,769,746,722,757,733,886,832,801,664,619,592,667,641,583,594,664,564,551,667,659,634,616,560,635,539,510,479,518,472,456,496,481,476,452,453,430,483,411,391,400,382,435,375,458,394,378,347,387,380,358,356,367,393,350,329,338,293,338,371,331,346,341,369,350,328,306,271,247,244,328,275,235,209,262,242,200,212,193,195,204,199,214,249,216,185,236,231,245,265,209,230,206,230,200,196,197,170,158,149,150,179,136,121,112,116,111,96,90,89,104,93,97,108,129,121,115,210,134,132,119,114,121,178,135,152,146,138,166,139,109,122,117,102,104,86,87,79,73,66,105,76,63,77,58,51,71,103,82,57,48,44,39,62,55,49,44,40,33,30,21,21,20,18,16,14,14,12,11,10,8,7,6,5,5,5,5,5,4,3,2,2,2,2,2,2,1,1
code	2	48	13	card	11128,7784,6228,5247,4416,3738,3343,2761,2406,2107,1808,1600,1411,1226,1037,887,784,681,599,541,470,412,380,338,307,270,240,221,195,176,160,143,130,115,112,95,84,78,71,62,56,51,45,42,36,30,24,20,12,9,7,6,3,3,2,2,1,1,0,0,0,0,0,0,0,0,0,0,0,0
code	2	48	14	host	24081,13375,10648,9012,8523,7779,6491,5884,5994,5370,5048,4607,4235,4922,3819,3942,3838,3254,3372,3412,3239,3002,2553,2922,2591,2395,2298,2199,2207,2038,2243,1949,2023,1794,1674,1630,1484,1765,1696,1647,1581,1648,1429,1278,1450,1375,1243,994,1235,1095,1048,908,859,969,1144,951,936,845,731,888,801,749,1027,848,760,680,737,691,583,679,589,588,567,632,479,515,440,485,633,587,596,516,450,437,414,399,347,373,570,475,362,397,361,333,352,321,319,294,335,378,279,306,267,270,297,245,481,385,478,318,287,277,301,248,245,198,251,241,239,196,178,205,233,231,168,190,174,280,278,242,170,166,151,263,180,166,146,130,110,103,172,120,94,91,156,147,137,166,174,141,152,137,124,118,103,131,100,100,107,145,107,105,94,188,140,108,107,138,147,90,69,73,63,56,53,48,45,44,47,43,36,56,42,40,29,28,26,20,18,103,65,49,33,29,17,15,13,10,10,9,7,6,5,4,4,3,2,1,1,1,1,1,1,1,1,1,1,1
code	2	48	14	card	9536,7114,5978,4689,3883,3151,2606,2137,1780,1461,1282,1147,1003,921,843,767,698,634,578,534,487,436,406,361,339,313,280,257,235,214,194,176,160,144,127,111,96,87,77,69,56,48,41,33,28,22,20,17,11,8,6,4,2,1,0,0,0,0,0,0,0,0,0,0,0,0,0,0,0,0
code	2	48	15	host	22620,9723,7390,6811,6014,5504,4693,4747,4534,4137,3873,3938,3676,3621,3386,3210,3097,3121,2768,2729,2518,2659,2487,2449,2359,2234,2079,2029,1870,1967,1842,1854,1827,1928,1632,1531,1617,1603,1560,1642,1478,1530,1535,1417,1435,1237,1297,1286,1201,1115,1142,1096,1193,1086,1087,1070,1082,1058,946,1009,1100,1072,995,937,879,856,867,798,866,802,750,755,774,699,716,700,696,721,765,747,644,594,562,535,564,642,650,583,514,735,580,537,573,580,530,579,537,561,504,432,407,397,455,465,473,427,495,481,493,413,369,356,373,362,387,385,359,341,388,394,390,352,331,375,357,341,328,308,277,311,306,299,313,292,310,282,287,268,269,273,250,236,226,256,261,224,223,234,234,230,224,292,242,234,215,201,189,196,182,165,194,193,195,234,210,215,193,289,214,246,214,195,248,176,183,146,135,123,115,111,127,123,110,107,101,110,101,131,121,112,99,88,89,107,98,85,80,78,86,94,88,88,78,105,120,145,127,117,125,156,124,96,130,109,114,126,121,100,85,75,76,96,84,71,62,61,55,52,51,48,43,40,46,37,39,34,30,25,24,19,17,15,13,12,10,9,6,6,6,6,6,5,5,4,2,1,1,1,1,1
code	2	48	15	card	16416,6876,4888,4072,3171,2762,2484,2240,1981,1766,1613,1429,1309,1180,1074,966,863,797,732,669,603,562,531,503,463,433,403,368,348,330,299,281,264,244,229,206,187,172,164,152,142,129,111,104,93,84,75,68,61,54,46,42,38,28,22,19,13,10,4,1,0,0,0,0,0,0,0,0,0,0
code	2	48	16	host	41950,24158,14085,11533,10049,8761,8014,6883,6356,5616,5130,5511,4741,4395,4540,3892,3806,3763,3360,3163,3016,2728,2732,2373,2262,2117,2166,1830,1673,1836,1814,1832,1663,1469,1642,1519,1292,1409,1038,1163,1150,1215,1114,1128,953,1099,932,902,851,986,865,718,609,706,728,565,567,524,645,637,532,609,602,560,545,443,480,431,482,418,445,429,359,356,376,342,292,340,428,363,281,373,317,277,295,351,328,330,377,271,281,268,279,241,278,195,219,209,188,187,382,224,195,171,157,177,143,161,146,126,133,128,124,110,101,92,119,121,110,134,236,213,207,161,151,199,173,182,149,121,113,111,124,123,102,151,129,126,123,125,106,99,93,82,97,71,105,81,63,67,57,49,150,88,68,66,37,35,33,31,25,22,19,17,17,14,13,12,10,6,6,6,4,2,2,2
code	2	48	16	card	9179,5257,3620,2705,2047,1761,1499,1313,1136,1013,927,831,724,681,611,556,507,442,400,371,335,303,278,259,234,215,190,167,154,136,113,102,93,77,70,63,54,48,43,35,29,20,14,9,6,3,1,1,1,0,0,0,0,0,0,0,0,0,0,0,0,0,0,0,0,0,0,0,0,0
code	2	48	17	host	18383,13229,11316,9588,9432,8141,7641,6724,6389,5787,5855,5535,4907,4417,4114,4158,4059,3363,3296,3317,3183,2664,2812,2745,2407,2605,2428,2093,2039,2078,2007,1795,1906,1833,1560,1745,1739,1542,1558,1448,1443,1318,1328,1388,1379,1424,1126,1126,1290,1141,1244,1118,1070,883,949,1074,969,1007,859,852,902,798,850,802,790,778,762,823,647,819,653,622,553,634,809,670,635,490,693,555,551,486,492,580,602,574,468,549,563,616,534,396,562,454,458,405,323,328,359,339,385,385,476,390,379,432,350,344,379,306,262,319,263,313,351,274,315,229,254,237,212,288,262,314,221,192,253,210,193,209,190,230,203,230,229,218,269,260,239,228,193,175,166,146,134,152,138,186,166,209,130,143,115,123,108,105,113,102,103,166,142,146,151,150,124,118,108,119,116,127,114,160,125,103,140,136,184,144,144,135,111,115,106,84,104,86,101,88,84,75,70,61,57,50,46,43,39,34,29,25,78,50,44,42,37,25,23,15,11,11,10,8,8,8,8,6,6,3,3,3,3,2,1,1,1,1,1,1,1,1,1,1,1,1,1
code	2	48	17	card	9048,6399,4925,3569,2939,2456,1952,1657,1447,1272,1113,987,886,787,717,636,592,553,518,470,431,388,363,331,303,282,257,234,221,199,185,168,154,137,124,110,97,91,81,72,61,56,50,44,36,29,20,13,11,4,4,3,2,1,0,0,0,0,0,0,0,0,0,0,0,0,0,0,0,0
code	2	48	18	host	13876,11723,10751,8773,8535,7511,7146,6049,5701,5493,4951,4813,4767,3795,3994,3425,3393,3384,3004,2852,2951,2973,2543,2561,2465,2253,2230,2142,2032,2059,1748,1634,1492,1402,1616,1430,1665,1441,1314,1208,1664,1243,1248,1109,1305,914,1124,1051,1159,907,1043,978,978,1008,760,692,651,683,778,754,780,628,612,613,606,685,668,546,466,572,600,618,601,493,506,581,433,543,413,419,416,461,349,405,412,378,375,428,332,327,328,257,297,437,339,280,331,254,298,325,317,295,300,347,266,223,195,187,232,269,228,218,215,226,228,191,179,221,185,149,184,125,126,249,169,154,211,204,167,165,140,136,137,159,134,136,172,234,212,184,175,192,158,152,142,169,177,184,196,163,137,115,169,154,147,129,170,135,147,135,117,114,102,95,88,77,110,117,131,114,95,90,82,75,66,124,74,65,106,68,58,51,60,53,62,50,44,39,35,32,27,26,24,23,18,16,13,13,10,10,9,9,8,7,7,7,7,6,5,3,2,1,1,1,1,1,1,1,1,1,1,1,1,1,1,1,1,1,1
code	2	48	18	card	13867,10924,8994,7288,6100,5161,4419,3967,3166,2755,2127,1616,1343,1157,965,813,655,559,497,412,342,300,264,225,198,179,156,137,121,106,100,85,76,67,61,53,47,37,30,25,17,13,13,10,8,7,7,5,3,1,1,0,0,0,0,0,0,0,0,0,0,0,0,0,0,0,0,0,0,0
code	2	48	19	host	15162,10107,7726,6883,6313,5557,5449,5118,4658,4651,4279,4174,3794,3812,3786,3513,3500,3299,3090,3033,2937,2888,2685,2692,2646,2370,2652,2365,2287,2178,2121,2226,1985,1936,1868,2099,1801,1752,1743,1715,1774,1558,1443,1484,1537,1509,1518,1421,1361,1389,1303,1294,1158,1371,1158,1174,1240,1236,1338,1138,1089,983,1305,1161,1015,904,923,1019,1114,1076,915,908,831,889,772,829,730,745,858,714,686,693,724,700,656,703,655,578,597,700,680,561,752,569,536,587,539,508,520,529,574,438,434,467,428,421,440,429,389,410,461,358,415,366,401,378,375,380,361,395,416,312,374,351,306,290,263,279,304,290,330,366,318,323,303,280,256,285,247,241,243,257,228,213,225,226,215,223,232,230,254,235,246,218,205,211,225,197,178,182,150,151,194,192,186,174,208,185,156,175,146,129,123,110,141,129,132,109,96,155,142,178,179,146,119,120,125,146,128,120,158,144,141,127,137,137,147,141,138,125,148,124,116,108,97,116,170,108,92,89,79,84,89,72,68,62,56,53,52,61,55,50,56,51,58,48,43,43,41,36,33,30,39,33,29,28,25,21,18,63,31,22,17,16,14,13,13,12,10,7,6,5,5,4,4,3,3,2,2,1,1,1,1
code	2	48	19	card	6978,5337,4406,3890,3435,3047,2697,2443,2261,1996,1808,1635,1473,1359,1209,1095,969,858,792,727,656,595,546,500,441,400,363,337,311,288,264,248,234,212,198,179,164,152,144,135,117,111,102,94,84,76,73,66,59,51,46,39,34,26,20,16,12,8,6,4,3,2,1,0,0,0,0,0,0,0
code	2	48	20	host	20032,15673,11575,10637,8871,7994,7068,6946,6429,5614,5142,5226,4436,4247,3755,3981,3452,3456,3575,3044,3408,2841,2859,2545,2770,2332,2059,2476,2181,1996,1895,2020,1690,1565,1784,1409,1429,1389,1543,1297,1404,1119,970,1018,1011,944,967,835,853,918,848,811,899,1006,804,756,781,720,666,595,880,595,565,544,601,606,620,738,458,462,423,474,412,384,457,359,346,404,498,345,323,298,392,360,435,526,503,540,484,342,294,259,516,361,333,276,266,202,229,232,215,220,246,313,307,267,234,212,262,223,213,217,204,218,198,287,208,197,211,183,151,138,118,168,143,148,123,127,119,93,112,102,108,106,119,176,151,219,203,219,220,189,186,197,162,140,116,107,111,106,98,111,109,196,112,101,86,79,71,71,61,81,72,70,90,66,58,56,50,46,39,60,59,55,47,37,34,38,34,31,28,85,62,51,38,27,24,22,20,18,17,16,15,14,13,11,10,9,9,7,6,6,5,5,5,5,2,1,1,1,1,1
code	2	48	20	card	15276,9194,6917,5475,4461,3592,2975,2403,2051,1671,1432,1231,1062,938,797,694,622,556,472,417,359,312,278,259,224,194,175,153,140,130,114,99,94,85,74,63,56,48,44,40,34,28,23,19,13,11,11,8,6,4,3,2,0,0,0,0,0,0,0,0,0,0,0,0,0,0,0,0,0,0
code	2	48	21	host	22662,16583,12421,10293,7958,7951,6508,6928,5891,5505,4660,4473,3874,3559,3893,3126,3071,2663,2835,2536,2367,2555,2477,2424,2210,1930,1967,1686,1546,1665,1394,1521,1498,1231,1321,1319,1269,1190,1014,1268,1029,972,878,895,911,807,892,864,877,745,848,885,774,789,911,703,635,620,648,559,565,583,540,678,577,651,541,606,574,491,529,426,491,484,464,426,391,500,428,362,399,360,373,396,397,357,332,309,316,290,292,307,311,312,292,280,392,322,299,261,235,232,196,202,212,231,264,308,227,201,357,275,216,254,240,238,206,225,231,225,225,186,172,166,150,137,129,120,116,129,145,202,166,136,127,157,134,117,119,123,125,126,144,137,137,119,132,149,152,146,164,178,153,192,169,141,131,130,117,120,104,121,101,129,105,96,118,82,103,92,102,87,99,94,83,78,85,72,70,78,67,60,57,50,46,39,53,43,42,39,35,28,26,24,23,20,20,55,25,24,21,19,16,16,13,12,11,10,9,7,7,6,5,5,5,4,4,4,3,2,2,2,1,1,1,1
code	2	48	21	card	20643,8927,7105,6169,5125,4376,3579,2905,2192,1812,1546,1293,1121,993,890,817,742,663,592,538,492,444,411,379,350,325,305,271,238,213,194,179,161,144,128,114,100,98,84,72,64,55,51,44,33,25,21,14,13,8,7,2,1,1,0,0,0,0,0,0,0,0,0,0,0,0,0,0,0,0
code	2	48	22	host	25758,19280,13060,10688,9581,9092,7167,6459,5838,5719,5023,5293,4268,4502,3680,3682,3328,3326,3162,2735,2914,2496,2588,2172,2209,2201,2203,1882,1884,2161,1766,1672,1542,1609,1396,1501,1242,1298,1373,992,1253,1083,1082,870,1055,898,964,889,991,888,857,804,789,746,625,681,659,718,726,640,636,668,646,671,600,572,520,565,617,533,457,660,547,556,499,493,473,380,396,318,369,417,431,365,352,369,403,338,343,412,407,353,342,331,338,277,250,222,251,226,484,339,331,290,283,241,236,220,237,213,216,224,234,293,261,266,269,251,206,227,215,204,172,198,184,217,192,165,155,167,152,168,147,156,130,114,121,166,161,147,123,132,172,124,108,133,199,152,142,116,118,124,153,147,164,151,195,163,133,119,138,144,131,117,107,99,109,114,90,82,103,109,99,84,71,82,74,69,77,87,76,74,69,73,67,62,58,53,48,45,41,36,45,39,69,39,35,31,29,72,60,38,30,25,21,20,19,17,16,14,12,12,10,9,8,7,6,6,6,6,6,5,4,3,2,2,2,2,2,2,1
code	2	48	22	card	31321,4422,3357,2593,2129,1658,1359,1141,962,846,723,648,582,522,475,410,370,324,292,257,228,205,188,163,149,135,121,109,96,84,74,71,63,59,49,43,34,29,24,21,17,16,12,10,7,4,2,1,1,1,1,1,0,0,0,0,0,0,0,0,0,0,0,0,0,0,0,0,0,0
code	2	48	23	host	28932,11348,9540,7934,7080,6342,5982,5325,5426,4736,4361,4002,3705,3554,3459,3291,3240,2954,2848,2710,2562,2764,2487,2301,2442,2096,1894,2110,2251,2154,1734,1864,1890,1737,1647,1599,1621,1547,1532,1423,1534,1496,1384,1265,1296,1431,1304,1436,1205,1136,1185,1031,1051,1081,1045,1022,906,1164,980,911,892,880,848,846,746,805,766,934,766,751,810,838,728,717,664,673,613,638,683,740,646,630,623,549,600,548,521,574,535,532,552,579,573,585,559,459,477,525,470,468,443,411,468,441,456,420,391,481,372,368,359,358,388,304,499,391,369,371,439,397,388,393,393,333,325,303,275,254,258,303,263,251,254,279,230,205,253,271,248,235,294,233,253,274,271,229,220,252,264,255,257,255,220,199,204,182,191,238,193,180,195,198,156,175,162,156,168,146,227,171,147,150,155,140,132,128,154,139,128,172,141,137,126,118,128,121,137,156,150,140,151,138,137,162,143,110,108,108,101,107,123,129,136,119,111,99,94,131,98,85,77,79,76,71,94,98,114,69,93,77,71,64,70,70,65,55,52,45,44,42,44,39,34,29,26,25,23,21,20,19,18,14,12,11,9,8,8,8,7,6,5,5,5,5,4,1
code	2	48	23	card	7321,5259,3949,3426,2927,2557,2254,2011,1785,1577,1468,1349,1232,1130,1035,944,858,808,736,680,619,578,537,487,450,416,386,360,333,311,287,264,244,229,211,194,185,171,156,145,132,115,109,103,93,84,76,67,56,54,49,44,37,29,25,19,16,11,6,5,2,1,1,0,0,0,0,0,0,0
code	2	48	24	host	26706,14361,11760,10332,7461,7197,6045,5531,5111,5193,4461,3926,3624,3656,3597,3366,3261,3177,3021,2716,2817,2272,1995,2469,2241,2010,1844,1794,1744,1779,1752,1614,1761,1602,1258,1327,1527,1377,1087,1086,1041,1033,965,895,985,1021,987,940,774,743,984,951,808,685,853,655,767,819,694,659,691,622,634,612,529,566,465,481,526,556,561,559,451,502,467,438,445,469,431,398,500,430,401,409,358,341,323,436,460,396,395,336,294,300,314,323,318,353,300,344,305,328,290,268,302,246,315,263,270,263,262,213,246,280,257,227,217,241,238,222,251,199,210,224,197,207,181,201,232,205,207,181,187,158,162,173,203,200,188,168,154,160,251,220,128,128,132,120,153,158,136,120,114,136,127,118,133,125,116,108,101,119,155,124,117,117,151,147,136,122,164,165,149,131,139,144,144,119,187,149,113,103,91,81,85,78,72,67,62,59,77,65,57,56,52,49,41,40,38,36,35,32,31,27,25,23,21,20,19,18,16,15,14,13,12,12,11,11,9,6,5,4,4,4,3,2,2,2,2,1
code	2	48	24	card	40649,5398,3489,2700,2177,1910,1664,1445,1250,1157,1055,946,856,794,713,639,598,547,511,467,422,399,365,335,308,287,261,237,213,199,186,170,155,143,132,114,100,91,82,72,63,55,42,35,29,25,19,14,6,5,4,2,1,0,0,0,0,0,0,0,0,0,0,0,0,0,0,0,0,0
code	2	48	25	host	44696,24799,14464,11766,9572,7316,6728,5611,5115,5214,4336,3727,3448,2960,2659,2517,2767,2555,2202,2319,2169,1995,1904,1932,1945,1844,1591,1430,1480,1450,1312,1223,1244,1248,1250,990,1038,1279,1110,1001,991,860,895,909,811,874,837,894,805,711,803,748,621,732,710,687,703,610,647,528,539,497,452,504,547,542,468,580,472,464,557,456,415,409,420,418,431,399,431,480,402,354,404,390,380,324,392,352,317,298,279,269,332,302,480,249,246,280,229,324,298,297,289,279,331,263,306,311,222,210,205,188,204,184,217,222,200,230,235,187,198,252,226,203,171,166,172,157,145,132,135,171,148,273,170,181,147,120,109,126,138,237,172,135,178,131,114,141,114,128,124,180,125,128,122,129,170,131,130,142,127,165,142,148,134,122,105,112,105,102,88,78,70,65,60,56,82,60,54,48,45,41,37,35,32,29,28,25,24,19,18,15,12,11,6,3,3,2,2,2,2,2
code	2	48	25	card	17323,8407,5418,3708,2745,2308,1994,1645,1435,1210,1074,949,836,723,638,570,505,448,414,381,341,308,272,248,225,200,179,161,146,131,121,108,96,80,75,64,57,50,44,37,33,25,17,13,9,5,4,1,0,0,0,0,0,0,0,0,0,0,0,0,0,0,0,0,0,0,0,0,0,0
code	2	48	26	host	34064,17790,14240,11082,8886,7940,7551,6505,5940,5698,5315,4567,4628,4134,4046,3635,3815,3621,3339,3093,3190,2543,2511,2318,2559,2600,2362,2218,1909,2055,1728,1980,1560,1750,2081,1824,1539,1591,1554,1309,1378,1185,1360,1152,1212,1147,1209,1156,1060,980,1104,1097,891,941,936,939,907,845,823,710,866,718,896,674,717,683,709,647,687,585,694,665,622,661,537,526,593,524,493,515,638,514,474,476,438,449,423,498,390,380,475,405,425,451,385,462,330,375,346,325,298,323,320,312,289,303,336,316,354,283,261,237,238,240,226,294,427,302,263,292,250,257,300,284,242,233,259,280,238,219,196,176,213,200,170,175,308,207,177,157,142,127,119,108,123,135,170,194,140,134,125,119,105,105,115,111,134,165,173,161,225,203,180,146,171,152,155,140,134,117,149,130,119,115,118,107,98,177,119,98,113,147,118,100,85,80,72,67,70,61,57,48,45,44,42,38,32,30,24,23,19,16,15,13,12,9,6,5,4,4,4,2,2,1,1,1,1,1,1
code	2	48	26	card	6506,3754,2920,2445,1974,1629,1442,1291,1167,1002,895,798,709,645,603,559,519,465,433,397,355,333,308,273,250,227,205,186,168,146,138,124,111,102,90,82,75,67,62,57,49,41,34,27,18,12,9,7,3,1,0,0,0,0,0,0,0,0,0,0,0,0,0,0,0,0,0,0,0,0
code	2	48	27	host	27877,16398,11032,9452,7670,6304,5127,4633,4243,3829,3197,2963,2871,2410,2482,2467,2368,2156,1868,1913,2169,1826,1718,1855,1505,1506,1563,1448,1414,1294,1133,1286,1167,1111,1225,1168,1043,1094,1043,960,982,942,836,867,801,892,861,783,787,830,785,759,780,690,735,705,749,656,615,674,626,683,607,658,620,618,565,497,583,617,540,536,542,550,460,526,440,448,446,429,454,438,501,474,463,484,449,489,406,348,349,350,368,357,407,353,410,351,377,315,315,300,305,323,297,291,275,246,300,365,344,299,275,256,290,302,289,298,306,250,232,259,262,233,212,254,244,214,205,229,217,208,244,222,187,197,204,285,184,166,170,196,199,192,174,194,201,179,166,151,138,127,126,116,113,118,184,132,119,121,115,121,217,168,128,119,111,105,122,118,111,152,145,117,110,132,126,130,148,144,133,114,105,99,114,117,118,107,93,88,118,93,88,89,76,70,63,57,51,48,43,40,38,34,30,43,36,45,41,35,34,31,26,24,22,22,18,17,15,13,9,7,7,6,5,4,4,4,4,4,4,4,3,1,1,1,1,1,1
code	2	48	27	card	27345,21074,15000,5086,3622,2578,2031,1713,1495,1320,1184,1046,944,856,782,697,637,576,530,482,433,391,352,309,273,240,213,191,168,149,133,109,100,83,78,66,59,50,41,39,35,26,18,15,10,9,7,4,2,2,0,0,0,0,0,0,0,0,0,0,0,0,0,0,0,0,0,0,0,0
code	2	48	28	host	40999,21512,16770,12254,9838,9172,7478,6587,6165,5599,4878,4744,4335,3960,3870,3385,2844,2878,2896,2513,2278,2146,2129,2226,2132,1978,1730,1746,1450,1655,1479,1433,1265,1430,1154,1412,1209,1354,1204,984,956,1112,1151,1103,1012,942,889,920,857,736,776,785,851,801,705,816,705,609,599,670,618,650,690,566,553,530,609,580,550,570,527,508,429,351,529,485,455,444,401,422,365,401,358,418,395,385,341,326,282,287,262,338,294,279,277,272,295,307,332,300,355,263,277,243,283,270,211,218,217,230,211,220,231,212,212,239,262,230,240,196,191,224,190,190,174,155,143,137,147,137,142,159,151,172,122,208,136,251,185,154,128,126,118,144,117,109,101,91,90,115,110,104,203,210,202,178,189,174,159,155,133,185,202,153,137,135,114,98,90,91,100,91,89,92,95,85,90,77,113,97,86,69,61,51,47,42,37,35,33,30,28,26,25,22,18,15,13,12,11,8,8,6,3,3,1,1,1,1,1,1,1
code	2	48	28	card	15825,3918,2780,2221,1899,1607,1423,1250,1108,994,875,810,743,674,621,553,501,466,408,371,335,297,263,238,213,193,165,152,137,126,113,104,85,73,64,56,44,39,34,31,24,17,12,8,7,6,4,4,0,0,0,0,0,0,0,0,0,0,0,0,0,0,0,0,0,0,0,0,0,0
code	2	48	29	host	44405,20884,16560,10850,8286,7057,5927,5107,5096,4433,3723,3373,3429,3210,2729,2679,2548,2281,2140,2235,1932,2015,1963,1809,1841,1705,1652,1550,1418,1603,1383,1519,1400,1236,1213,1250,1314,1141,1157,1159,1070,925,889,854,786,813,931,837,723,717,707,689,689,613,687,819,593,603,607,572,585,648,505,532,494,529,512,468,448,424,467,494,451,407,432,445,432,358,349,342,373,359,534,388,380,332,327,380,402,347,289,263,263,255,265,254,256,229,273,278,334,255,290,247,241,300,218,250,247,250,225,245,233,218,193,197,237,213,205,182,158,155,157,143,173,151,148,168,156,139,147,152,135,122,112,101,104,99,92,88,125,192,137,125,125,133,132,139,201,149,144,136,166,156,141,140,182,145,138,114,107,137,100,112,98,100,105,99,89,92,153,111,96,106,94,80,74,67,63,85,67,55,49,46,46,44,40,37,46,41,63,42,54,40,38,36,29,22,34,23,20,19,18,17,15,14,14,12,9,6,6,6,6,6,4,2,2,2,1,1
code	2	48	29	card	12074,8550,6255,4866,4157,3649,3087,2750,2453,2164,1863,1651,1428,1205,1020,846,680,585,502,433,377,334,297,262,232,204,180,156,143,126,115,103,90,81,76,68,61,51,43,42,38,36,26,19,13,9,5,2,0,0,0,0,0,0,0,0,0,0,0,0,0,0,0,0,0,0,0,0,0,0
code	2	48	30	host	30644,27392,16069,10401,7768,5982,5796,5115,4155,3268,3420,3063,2958,3077,2663,2331,2116,2286,2123,1914,1869,1737,1500,1719,1504,1511,1560,1467,1262,1416,1233,1195,1206,1201,1122,1051,1059,1102,924,956,883,1078,1004,907,958,808,810,836,757,726,711,691,681,624,734,662,688,707,642,707,634,600,526,543,565,522,486,533,482,479,423,449,446,470,557,417,403,518,545,442,386,350,347,353,361,342,377,336,351,298,305,299,289,275,262,228,234,235,288,275,325,268,230,298,285,289,294,282,270,264,217,201,181,182,189,219,180,191,192,204,195,196,166,241,189,172,200,169,154,141,135,129,127,127,124,192,150,123,125,146,131,122,119,129,134,124,129,109,112,107,119,116,169,134,121,114,105,118,133,121,108,116,122,217,124,105,101,137,124,124,120,105,100,89,81,99,75,67,71,77,74,66,57,64,50,48,45,41,38,36,34,31,29,25,25,22,20,19,17,14,13,10,9,8,7,6,6,6,4,3,3,1,1,1,1,1,1,1
code	2	48	30	card	31121,8843,6895,5275,3665,2735,2336,2009,1751,1549,1392,1280,1169,1054,964,866,795,711,637,566,512,459,428,369,335,301,268,241,217,199,178,163,147,134,119,114,101,86,75,70,67,59,48,41,35,34,25,15,12,10,8,7,7,3,3,1,1,0,0,0,0,0,0,0,0,0,0,0,0,0
code	2	48	31	host	18386,15432,11508,8908,7843,7042,7003,5449,5009,4717,4123,3912,3815,3526,3143,2836,2939,2879,2637,2642,2811,2467,2667,2462,2193,2138,2036,2090,1964,1814,2041,1824,1821,1840,1667,1857,1797,1728,1447,1673,1416,1452,1475,1598,1281,1238,1346,1436,1240,1217,1340,1292,1128,1171,1028,978,1023,1073,871,944,945,1015,955,808,791,819,844,760,816,865,680,735,716,759,646,694,769,697,644,587,601,605,596,511,473,658,498,500,527,564,499,498,531,470,456,450,380,395,359,395,433,414,390,413,413,486,432,411,367,302,312,330,312,473,358,327,312,336,276,273,264,242,236,340,317,255,215,228,250,224,215,215,195,193,214,225,214,195,202,195,177,194,185,206,183,206,174,156,151,150,169,175,170,167,153,136,132,204,209,182,160,135,163,147,142,138,123,105,116,96,85,79,99,97,107,114,141,126,118,114,104,148,116,127,115,124,119,115,124,98,93,106,93,102,88,98,90,82,80,73,71,84,71,67,58,55,51,47,58,54,49,49,45,40,32,31,28,27,24,23,21,17,14,12,10,8,7,6,6,4,4,4,4,4,3,3,2,1,1,1
code	2	48	31	card	11421,6692,5379,4499,3586,2852,2457,2133,1871,1668,1493,1384,1255,1146,1080,997,904,830,780,708,637,584,538,500,454,410,367,344,317,280,253,224,201,181,158,145,127,118,102,91,82,77,68,59,53,45,33,27,21,20,16,12,5,3,2,0,0,0,0,0,0,0,0,0,0,0,0,0,0,0
code	2	48	32	host	41462,24535,18123,13747,10766,8340,6217,5166,4652,4116,3853,3481,3463,3260,2876,3038,2581,2572,2466,2393,2385,2072,2163,2192,2082,1767,1898,1730,1719,1791,1704,1615,1410,1519,1414,1334,1289,1181,1408,1328,1283,1223,1147,1026,1098,1097,1107,1023,891,931,995,1028,924,901,808,743,821,896,877,811,827,708,739,788,728,703,652,645,558,539,532,672,717,669,652,550,568,536,539,427,432,418,467,471,523,459,448,411,396,365,449,382,373,373,376,367,391,361,380,351,320,301,285,321,325,310,329,327,308,275,260,254,242,246,215,240,206,238,229,201,209,209,220,193,179,191,185,209,202,200,182,218,194,228,201,197,207,197,183,174,171,178,187,153,138,122,132,115,103,116,101,103,101,143,121,119,108,116,143,121,102,95,87,109,120,154,165,132,128,138,123,113,123,145,137,126,105,103,106,132,119,102,91,94,83,76,73,72,72,64,75,58,53,49,53,44,42,36,34,30,27,24,22,21,19,16,14,12,12,12,12,10,7,7,7,7,5,3,2,2,1,1,1,1
code	2	48	32	card	5913,4170,3439,2893,2355,1982,1710,1478,1268,1102,992,872,778,714,645,578,536,481,445,414,386,366,332,311,287,260,239,224,210,189,176,163,148,138,128,119,107,93,87,75,67,63,55,46,41,38,33,26,16,10,8,7,6,3,1,0,0,0,0,0,0,0,0,0,0,0,0,0,0,0
code	2	48	33	host	23116,18639,14817,11973,8623,7551,6501,5874,5341,5054,4610,3831,3938,3660,3445,3401,3072,2658,2935,2646,2672,2528,2005,1998,1961,2094,1778,1840,1657,1655,1731,1458,1295,1401,1208,1187,1152,1113,1223,1091,1131,1126,1006,1028,1027,1084,947,971,890,918,827,759,778,790,785,737,764,709,730,730,633,634,614,535,537,487,458,490,468,486,440,522,486,467,397,411,467,414,378,555,514,432,379,466,445,380,348,333,373,326,317,301,270,288,274,297,341,328,286,325,299,263,275,249,246,244,248,245,221,221,211,203,205,191,183,230,223,187,169,163,203,179,189,235,193,210,243,195,185,177,173,179,166,158,141,129,130,122,121,167,174,154,134,114,108,99,95,104,117,115,101,99,198,147,118,116,98,118,105,103,114,117,101,111,135,119,151,120,119,124,176,130,103,95,156,110,95,97,89,97,88,80,75,70,64,59,58,56,53,48,44,41,38,34,38,37,33,29,28,25,21,19,16,13,12,10,9,7,7,7,7,6,5,5,5,5,4,3,1,1
code	2	48	33	card	17363,9657,5862,4505,3771,3127,2748,2413,2101,1883,1650,1501,1369,1240,1145,1043,951,883,820,749,695,632,578,525,479,434,384,351,320,286,261,233,214,190,163,148,130,123,110,93,82,77,63,55,49,39,31,29,27,18,13,9,7,2,2,0,0,0,0,0,0,0,0,0,0,0,0,0,0,0
code	2	48	34	host	22402,16469,12208,8941,6542,6127,5213,5360,4449,4374,3908,3671,3371,3323,3054,2831,2977,2679,2788,2785,2621,2321,2306,2239,2263,1991,2030,1832,2035,1765,1705,1612,1852,1679,1636,1528,1506,1448,1549,1478,1376,1294,1359,1313,1160,1226,1129,1165,1070,1059,1062,1089,1039,999,1158,1141,910,804,924,889,893,836,985,825,762,788,700,700,671,701,702,746,602,708,596,601,587,606,789,644,644,609,629,579,514,471,499,537,455,480,525,464,408,410,490,502,518,452,432,385,349,382,382,370,356,397,377,377,321,318,285,361,374,334,315,315,303,263,273,260,271,271,322,271,245,246,230,209,199,251,209,291,251,270,245,226,244,261,227,194,193,166,164,187,181,173,180,180,167,146,181,137,126,133,120,111,132,116,131,154,117,112,107,127,127,121,126,131,151,143,167,165,144,168,151,149,138,122,111,129,106,97,87,94,91,106,111,144,97,113,96,122,126,123,127,112,99,88,78,79,138,97,83,68,57,65,50,48,45,42,39,36,33,29,24,24,20,16,15,14,12,12,12,9,9,8,6,5,5,4,4,3,3,3,2,1
code	2	48	34	card	34628,7048,3835,2589,2076,1711,1452,1216,1102,980,893,798,730,671,614,571,523,475,437,400,364,331,311,285,269,249,229,209,193,176,161,148,137,130,115,100,93,84,74,71,65,58,55,45,39,33,29,20,12,9,8,6,4,3,1,1,1,0,0,0,0,0,0,0,0,0,0,0,0,0
code	2	48	35	host	31942,17164,10007,8393,7941,6598,5970,5743,5218,5312,4988,4758,4382,4060,3653,3720,3217,3355,3044,3111,2956,2868,2410,2508,2478,2436,2642,2163,2048,2002,1921,1667,1746,1786,1814,1741,1632,1627,1509,1500,1279,1359,1268,1234,1284,1126,1133,1195,1195,1010,1002,973,991,953,817,828,914,910,760,767,831,761,676,709,635,775,663,742,655,617,548,538,566,593,584,517,525,506,522,553,540,495,434,489,507,506,468,518,427,436,455,468,418,426,375,346,325,343,344,303,375,356,350,338,350,323,302,300,321,284,289,325,282,261,291,356,321,357,260,272,230,221,288,209,213,270,247,220,210,206,212,191,181,191,212,189,170,180,168,190,200,193,164,142,152,155,178,165,149,162,123,114,109,100,103,98,100,113,111,186,162,138,173,135,137,114,109,104,124,159,138,134,130,141,122,113,112,105,126,107,97,196,109,105,95,86,133,104,135,123,137,141,113,94,105,85,96,88,70,65,60,57,54,60,56,54,50,47,52,49,49,51,41,40,34,32,29,27,24,23,21,18,15,14,14,13,12,12,9,9,7,7,6,5,4,4,4,4,3,2,2,2,1,1
code	2	48	35	card	16143,11342,4331,2746,2087,1719,1399,1157,979,818,709,613,548,479,432,387,353,327,297,262,243,217,200,185,167,159,144,126,113,104,93,83,78,71,66,63,62,55,45,39,33,26,20,17,14,11,8,7,2,0,0,0,0,0,0,0,0,0,0,0,0,0,0,0,0,0,0,0,0,0
code	2	48	36	host	13140,9851,8043,7021,6423,5774,5604,5022,4924,4146,4153,3912,3679,3656,3461,3178,3041,2951,2889,2832,2730,2742,2571,2366,2264,2578,2361,2161,2192,2192,2065,1837,1891,1911,1925,1955,1791,1666,1732,1645,1625,1533,1543,1545,1456,1333,1345,1435,1444,1220,1212,1301,1349,1175,1140,1084,1181,990,1003,1166,1141,1060,923,959,917,890,993,918,846,742,747,856,929,828,677,681,658,690,764,716,683,651,654,601,611,576,580,588,533,508,606,503,510,516,564,571,545,599,575,522,486,400,413,388,450,431,504,456,422,416,350,353,425,390,347,317,322,313,388,370,424,375,403,390,345,297,258,246,250,268,226,210,246,256,236,217,243,199,257,285,260,221,246,210,186,198,180,197,192,182,165,155,204,163,158,138,128,164,138,136,163,126,117,139,140,149,180,152,188,154,134,154,131,138,121,115,123,133,113,116,109,95,97,90,85,95,96,87,113,107,91,92,107,118,122,125,106,100,84,77,76,69,64,59,56,68,51,42,41,38,45,39,64,54,29,28,24,21,19,18,16,16,13,11,11,11,8,8,8,7,5,5,3,2,2,2,2,2,1,1
code	2	48	36	card	19530,8419,5995,4155,3306,2827,2525,2244,1937,1762,1615,1441,1320,1201,1110,990,914,844,769,704,646,605,574,531,486,446,407,381,349,328,300,266,242,215,198,186,164,154,135,125,115,101,90,76,64,60,55,47,40,34,24,20,15,9,7,5,3,1,0,0,0,0,0,0,0,0,0,0,0,0
code	2	48	37	host	20045,13313,10556,9496,8015,6726,6133,5703,5315,4842,4796,4240,3998,3770,3552,3372,3107,3082,3073,2960,2913,2736,2560,2570,2442,2253,2204,2274,2027,1906,2105,1950,2010,1777,1626,1648,1667,1601,1418,1466,1374,1517,1455,1353,1485,1322,1271,1440,1203,1167,1117,1094,1222,1236,1073,1052,991,1023,924,929,928,935,882,896,882,765,904,773,722,646,718,719,800,732,648,694,648,660,782,767,539,519,567,543,551,554,577,566,578,549,498,507,519,439,446,480,437,485,478,454,449,408,404,389,404,393,338,396,378,354,366,345,329,363,320,299,302,347,326,274,280,303,290,339,268,274,277,257,266,274,277,257,259,233,250,237,223,237,233,316,260,248,244,230,210,262,206,180,239,193,199,180,163,182,189,207,168,180,183,160,150,149,203,173,172,152,141,130,119,123,107,101,96,121,128,115,102,93,95,82,86,94,85,118,122,104,102,139,127,136,153,128,119,105,105,111,131,112,114,98,90,88,101,78,75,68,59,77,86,76,61,57,51,48,45,41,38,36,34,31,31,31,27,21,18,17,15,11,11,10,7,7,6,5,2,2,1,1,1
code	2	48	37	card	7512,5521,4375,3596,3022,2605,2306,2040,1829,1666,1530,1406,1315,1215,1106,1012,922,854,787,729,679,636,588,550,518,491,464,422,386,367,344,327,300,282,265,247,232,220,207,192,177,169,152,138,123,111,102,96,87,81,70,62,57,48,41,36,27,25,17,10,7,4,3,0,0,0,0,0,0,0
code	2	48	38	host	25266,17260,12901,9635,7545,7007,6215,5291,5229,4684,4061,3980,4094,3518,3442,3331,3467,3102,3058,2946,2774,2974,2683,2463,2340,2279,2515,2089,2113,2139,2223,2174,1924,1891,2002,1791,1843,1770,1666,1726,1732,1597,1513,1529,1534,1448,1437,1378,1495,1405,1278,1326,1222,1206,1119,1245,1092,1035,1078,1074,1094,974,980,862,931,975,986,907,826,754,803,737,765,901,938,787,828,664,641,654,715,649,639,567,515,661,604,610,530,522,598,561,493,526,454,424,410,396,442,460,399,462,442,385,413,474,397,367,376,353,330,294,309,310,295,362,396,365,326,324,306,273,401,321,273,269,253,280,280,288,277,219,220,204,215,207,229,218,203,213,199,215,214,215,213,214,177,170,161,188,155,153,143,153,141,144,198,168,168,153,140,175,160,133,136,116,140,141,121,115,131,120,110,108,130,146,134,125,135,118,109,103,108,103,127,102,117,105,99,95,102,90,82,77,72,79,89,82,87,76,66,89,73,65,58,57,53,54,60,54,53,54,48,46,50,41,35,33,29,23,19,17,15,14,14,13,11,10,10,8,7,6,6,4,4,3,2,1,1,1,1,1,1,1
code	2	48	38	card	7397,3829,3099,2609,2324,2057,1881,1690,1499,1319,1166,1030,933,835,735,634,570,525,468,418,378,337,307,272,251,229,215,197,188,171,157,148,136,125,117,112,100,93,81,74,66,61,53,47,42,38,35,31,26,17,14,11,6,2,1,0,0,0,0,0,0,0,0,0,0,0,0,0,0,0
code	2	48	39	host	18481,11765,10080,8791,7376,6727,6161,5358,5275,4942,4819,4341,4335,4162,4183,3719,3583,3423,3223,3196,3111,2996,2974,2570,2822,2370,2721,2452,2460,2218,2167,2273,1982,2025,2045,1970,1989,1876,1838,1616,1684,1702,1596,1546,1469,1340,1211,1434,1319,1322,1370,1228,1238,1185,1140,1219,1098,1039,988,1165,1121,947,904,984,1062,1003,872,880,855,840,800,835,726,764,783,698,757,717,777,717,612,689,579,627,607,578,522,567,558,590,521,469,558,533,610,580,470,445,404,405,357,422,402,448,439,427,387,386,369,383,410,338,291,279,337,335,342,353,314,340,344,285,310,271,257,235,287,273,254,232,255,215,224,191,200,218,178,265,202,184,201,245,225,304,251,239,204,188,194,193,175,158,166,141,132,133,130,169,130,156,167,123,120,114,121,146,133,139,126,118,103,99,101,96,89,87,99,156,119,136,110,120,98,98,108,94,100,118,122,94,134,86,108,103,82,76,72,67,65,66,60,75,61,58,54,51,65,67,51,45,42,38,36,34,30,28,24,21,21,21,19,17,14,13,13,12,9,8,6,5,5,4,4,4,3,2,2,2,1,1
code	2	48	39	card	5264,4380,3753,3177,2813,2526,2362,2165,1996,1820,1617,1499,1351,1208,1107,1008,937,864,787,725,681,623,578,529,490,451,408,379,357,320,296,266,238,222,204,181,166,150,135,123,109,98,85,78,64,59,54,47,40,36,26,21,17,13,9,6,3,2,2,1,0,0,0,0,0,0,0,0,0,0
code	8	12	0	host	9144,7297,6133,6027,5495,4972,4213,4293,3558,3942,3282,3428,3465,2922,3154,2918,2685,2416,1968,2579,2070,2201,2027,2245,2374,2693,2121,1732,1898,1905,1932,1781,1822,2050,1665,1929,2111,1984,1641,1489,1371,1871,1764,1737,1981,1654,1528,1297,1611,1558,1239,1722,1415,1707,1306,1280,1520,1510,1691,1148,1158,1069,1291,1207,1244,1464,1363,1219,979,1315,1349,1065,1007,797,967,1177,1286,1316,1325,1205,1018,872,945,854,967,1156,1201,1095,1400,953,946,936,1204,1016,1148,1025,975,976,939,916,903,812,924,851,884,895,643,952,846,818,756,883,786,823,807,815,841,764,628,549,568,503,637,575,756,863,1007,823,796,723,761,737,666,623,527,556,838,682,725,647,563,755,634,643,794,746,631,565,491,585,521,455,506,540,466,696,605,506,686,705,637,738,796,703,628,560,494,472,442,400,368,417,457,558,489,414,352,439,389,341,463,425,461,424,558,493,642,590,533,507,442,390,456,378,322,360,402,540,432,505,377,482,410,366,344,425,391,364,311,271,348,441,411,368,315,376,452,364,407,407,343,308,272,247,233,310,251,242,216,201,183,352,391,428,362,332,312,463,409,443,419,339,318,351,329,305,271,331,374,299,281,334,318,281,435,313,291,249,229,295,262,233,211,199,177,171,162,240,208,192,184,169,222,333,304,223,249,232,222,204,188,172,163,146,136,128,194,269,236,210,188,164,157,203,190,215,252,234,212,203,190,181,168,155,182,170,162,141,136,250,207,167,159,145,138,251,193,182,159,147,137,122,165,142,131,119,114,106,99,91,87,84,77,68,66,61,58,56,55,51,47,43,41,37,36,32,31,27,26,23,22,21,18,16,12,11,6,6,6,4,2,2,2,1,1,1
code	8	12	1	host	10228,7874,6098,5779,5649,5236,5099,4127,3479,4302,4193,3552,3360,3030,2863,2904,3276,3153,3050,2581,2518,2786,2355,2815,2292,2297,2317,2622,2512,1623,1937,1713,2292,1780,1911,2155,2060,2093,1851,1441,1325,2009,1892,1681,1508,1388,1840,1531,1565,1311,1417,1730,1477,1388,1193,1201,1103,1181,1157,1228,1087,1368,1216,1078,1062,1300,1146,1395,1177,1176,1138,829,990,951,1149,1420,1310,1123,1039,1005,845,1133,846,1475,772,1053,1079,1003,769,766,820,831,1081,935,931,778,620,604,1039,940,995,909,925,806,835,896,890,810,831,725,607,660,1026,891,680,617,737,587,938,742,794,735,833,794,818,778,806,684,663,604,675,556,482,679,706,579,644,519,653,618,560,450,585,802,656,621,572,561,493,450,411,457,532,468,428,633,491,539,426,455,614,620,541,470,523,601,528,542,480,418,385,453,642,523,495,458,415,376,417,388,521,568,520,443,504,431,369,455,389,370,351,303,335,397,350,309,371,351,436,571,471,505,469,452,435,531,487,421,401,359,343,407,384,336,421,377,345,284,269,255,357,281,249,213,200,241,428,318,281,261,240,224,304,248,287,271,312,287,265,245,321,275,236,220,417,372,331,297,336,400,366,336,322,302,345,299,280,264,304,279,319,290,267,248,230,220,195,185,174,163,154,225,202,180,163,160,148,185,169,161,147,133,217,191,155,200,312,341,253,220,200,186,301,280,217,191,175,165,158,196,220,209,193,182,170,165,181,167,161,149,139,131,126,118,112,110,102,98,148,112,108,105,101,95,90,87,83,77,74,69,64,61,59,54,52,49,44,42,37,36,34,33,31,28,25,24,21,19,17,14,13,13,11,9,8,8,7,7,4,3,2,1,1
code	8	12	2	host	17452,7257,6060,6680,5745,6778,5180,3629,6384,3372,2905,3311,3240,2993,3438,4165,3566,2458,3275,2083,2502,2617,2196,1902,1858,2052,1995,2172,2104,2021,1934,1781,1780,1808,1630,1158,1995,1290,1143,1331,1364,1444,1216,1220,1390,1400,1090,1149,1862,1199,827,996,976,1091,1655,1148,858,829,1013,1069,848,921,1250,1052,797,724,663,746,715,716,1053,859,1117,839,733,690,899,722,604,997,908,555,699,605,628,864,708,607,706,812,610,761,747,800,660,448,376,306,460,402,487,743,569,434,471,634,521,351,624,516,377,551,526,497,693,536,455,430,405,483,393,340,296,269,238,195,171,239,600,441,542,467,386,316,410,452,377,476,775,595,485,500,427,470,403,348,320,1007,416,355,327,275,247,231,219,201,411,360,325,385,319,278,517,386,424,349,331,301,269,222,204,180,169,155,132,122,1012,301,250,234,189,181,247,206,234,198,279,215,205,190,177,167,153,314,259,237,207,191,184,174,165,230,196,186,167,158,145,141,135,180,159,149,218,174,155,149,137,125,118,117,114,108,95,198,162,122,110,107,101,95,90,86,82,77,74,71,64,61,58,57,54,52,51,48,44,42,41,40,37,36,34,31,30,28,26,25,25,25,22,19,17,16,16,15,13,12,12,10,10,8,8,6,6,5,4,3,2,2,1,1,1,1,1
code	8	12	2	card	12321,7706,5009,3585,3087,2630,2411,2202,1924,1750,1514,1344,1235,1090,970,908,821,769,727,684,652,605,556,533,516,482,437,399,386,364,332,316,294,278,253,234,219,207,190,176,169,154,147,136,120,110,104,94,86,78,75,67,65,57,54,48,42,33,30,28,22,19,17,14,8,3,2,0,0,0,0
code	8	12	3	host	26423,15763,11481,9280,9715,6647,6395,5439,3809,4445,4121,3199,3576,3627,3127,2700,2635,3830,2088,3104,2566,2610,2058,2003,1986,2153,2238,2052,1710,2129,2037,1550,1679,1855,1696,1677,1483,1436,1420,969,1034,1291,1216,1184,1010,1242,2084,1333,894,1310,840,1045,924,632,990,988,926,721,1227,862,1022,720,837,686,711,885,711,725,666,708,1160,481,583,622,554,933,926,577,755,921,602,721,489,518,633,573,656,527,610,443,362,239,592,474,815,594,551,519,430,376,332,462,362,308,268,237,362,262,305,334,286,250,297,346,296,273,374,448,272,235,447,276,253,329,263,303,259,294,322,352,290,265,247,226,198,181,233,221,196,163,147,130,124,112,104,94,82,76,70,363,225,343,699,371,330,306,473,337,285,262,366,306,283,225,344,236,255,313,296,287,265,240,203,186,171,234,202,194,178,171,160,155,149,147,136,130,185,145,140,133,122,120,114,111,105,100,98,92,89,84,82,77,74,73,70,69,68,65,59,56,55,53,51,47,46,46,45,45,44,41,39,37,33,33,32,32,29,29,28,28,26,25,25,23,23,22,22,21,20,20,17,16,16,16,14,13,13,12,12,12,10,9,9,8,8,8,8,7,7,7,6,5,5,3,3,3,1,1,1,1,1,1
code	8	12	3	card	15098,5708,3702,3235,2731,2283,1884,1723,1485,1320,1216,1104,1004,953,852,744,672,594,554,511,461,425,387,338,310,283,262,235,219,202,188,174,159,150,137,134,126,112,101,93,82,73,67,62,53,48,39,37,34,29,29,24,22,17,17,12,9,8,6,4,3,1,0,0,0,0,0,0,0,0,0
code	8	12	4	host	35419,15583,9231,5960,6337,4914,3822,3652,4483,2720,3471,2773,2628,2391,2603,2779,2062,1974,2490,1642,1799,1997,1842,2238,2090,1618,1801,2263,1733,1056,1889,1624,1471,1511,1409,1782,1396,944,1981,1450,1025,1320,1277,1506,1117,1174,1022,1089,1110,1611,977,888,789,1163,794,733,840,856,1472,1266,1038,917,732,875,712,828,658,767,488,569,1111,1323,950,767,618,949,625,773,850,894,791,642,567,692,686,554,620,515,431,860,696,890,718,560,824,465,411,645,458,632,509,610,576,613,510,402,462,378,335,499,437,520,538,452,370,450,422,357,605,518,546,408,515,431,434,383,345,317,271,239,208,305,281,423,469,396,343,355,479,383,364,308,323,286,247,207,259,334,301,425,340,400,356,317,276,371,338,302,235,201,184,253,258,216,206,178,164,154,148,141,128,119,169,160,126,116,110,94,86,77,73,457,362,180,219,324,260,303,273,410,357,325,278,254,236,391,297,239,224,209,195,187,172,165,159,149,138,136,190,327,236,215,162,152,145,139,126,120,113,108,104,99,92,90,88,83,80,76,76,74,71,69,66,61,61,58,57,55,50,47,46,45,44,42,41,40,37,35,35,34,32,31,28,24,24,24,22,22,21,21,21,18,18,17,16,12,12,12,12,10,10,10,9,8,7,6,6,6,6,5,5,3,3,1,1,1,1,1,1,1
code	8	12	4	card	15331,6879,3867,3131,2690,2331,2035,1836,1572,1347,1140,960,864,780,733,700,639,598,546,483,451,428,393,371,346,313,282,272,263,247,240,229,214,203,188,178,167,160,149,141,135,126,118,113,103,97,90,86,82,70,65,59,58,53,46,42,35,32,29,25,21,16,11,9,7,4,2,2,1,0,0
code	8	12	5	host	33693,8522,8214,6348,5517,6307,4218,4811,4990,4017,4139,3901,4029,3089,3124,3150,3531,3095,2294,3266,2091,2212,2285,2705,2717,2467,1592,2497,2479,1879,2383,2116,1286,1767,1498,1573,1784,1457,1693,1642,1507,1596,1435,1560,1340,1139,1568,1535,1133,1092,1195,936,905,1228,1243,1021,941,763,875,976,881,743,632,585,656,999,822,941,753,1125,639,711,728,842,673,629,725,571,492,900,944,1013,928,702,597,583,498,471,480,520,411,549,679,537,422,745,768,623,484,423,395,443,568,391,559,445,393,317,427,375,429,838,766,648,449,501,419,441,542,471,367,416,410,353,286,246,204,294,235,422,526,489,397,361,326,295,273,276,249,228,208,197,156,252,202,144,337,306,455,357,442,425,522,447,416,428,547,597,523,431,387,370,329,288,272,248,234,222,214,201,189,174,168,157,343,219,181,174,161,131,116,338,241,207,177,164,152,244,227,325,261,248,215,190,178,192,182,165,156,144,137,167,215,187,173,234,220,201,189,235,220,208,190,183,177,165,158,147,137,130,126,119,220,169,165,136,128,116,113,103,100,97,93,89,87,80,76,74,72,70,67,65,59,58,56,54,51,49,46,43,42,40,39,39,35,35,34,34,32,30,29,27,25,25,24,21,19,18,17,16,15,12,11,11,11,11,11,6,5,4,4,4,4,2,2,2,1,1,1,1,1,1,1,1,1
code	8	12	5	card	5068,3388,3121,2694,2341,2193,1947,1780,1651,1493,1383,1245,1170,1107,996,929,864,813,737,684,623,568,507,468,436,401,369,344,317,306,281,260,239,223,212,191,182,177,165,144,134,125,117,104,99,83,75,71,60,58,54,48,43,39,36,30,30,23,18,16,13,11,5,4,2,1,1,0,0,0,0
code	8	12	6	host	17542,17905,11220,8386,8947,6044,4678,4283,5330,4021,3607,3198,3222,2191,2247,2700,2459,2346,2240,1909,1982,1650,2176,1633,1582,1577,2059,1828,1353,1462,1013,1973,1122,1658,1434,1500,1106,1356,1288,1565,975,1250,1113,762,1151,1460,983,939,611,1061,1004,853,740,930,1048,1424,639,899,1284,1200,774,612,747,682,1115,684,460,486,637,710,627,347,336,558,941,776,442,504,472,368,407,308,253,413,330,372,956,954,752,484,402,408,355,315,469,391,341,296,248,289,449,308,451,261,231,317,514,312,432,350,390,456,485,518,459,533,710,435,369,337,298,268,288,255,238,214,201,184,167,305,313,226,198,187,168,155,136,126,113,100,92,83,394,301,283,247,219,263,232,368,375,280,265,230,218,193,182,161,252,284,244,225,212,255,399,370,218,202,185,172,161,152,142,134,130,123,114,109,108,105,98,95,89,85,80,76,75,68,66,66,65,60,59,58,55,54,52,47,47,46,44,43,42,41,40,40,39,36,35,34,33,31,31,29,27,26,26,25,23,23,22,21,21,20,18,17,17,16,15,15,15,15,15,15,14,11,11,11,11,10,9,9,7,5,5,4,4,4,3,3,2,1,1,1,1,1,1,1,1,1
code	8	12	6	card	33424,11024,6553,3893,2893,2544,2248,1925,1652,1422,1273,1169,1072,984,923,850,809,759,703,644,610,577,556,525,474,448,399,379,332,313,291,272,255,239,219,187,169,154,131,116,108,96,87,76,74,68,58,51,45,35,32,28,20,16,14,11,9,7,6,0,0,0,0,0,0,0,0,0,0,0,0
code	8	12	7	host	43809,36831,8018,7014,5924,5332,5977,4510,3549,3637,2643,3042,2532,3368,2823,3500,2319,2004,2588,1948,2207,2222,1568,2172,1748,1798,1404,1435,1508,1397,1510,1212,1234,1745,1345,1188,1924,1004,1326,1104,1220,1478,1074,729,1003,1518,1152,849,630,755,1046,1191,977,933,720,897,1411,1030,873,838,942,713,1136,820,937,671,499,893,792,693,511,790,747,511,419,455,983,757,1192,617,674,893,652,448,462,420,440,527,321,452,639,460,374,715,387,693,603,449,484,413,409,387,448,586,444,365,322,253,302,449,361,312,270,212,459,347,516,387,746,555,558,548,462,375,332,302,269,238,221,192,172,153,138,128,121,111,101,87,76,293,514,254,224,196,171,158,290,316,395,388,299,281,302,269,465,515,397,320,385,349,339,306,281,243,226,216,202,193,182,176,168,161,152,144,139,130,124,118,114,107,102,97,92,88,86,84,80,74,71,70,69,65,63,60,55,53,50,48,44,44,43,41,38,36,35,33,32,30,28,28,27,27,27,27,25,22,20,17,17,16,14,14,14,13,13,13,13,13,12,12,12,11,9,8,8,8,6,3,3,2,1,1,1,1,1,1,1,1,1,1,1,1,1,1
code	8	12	7	card	6493,4969,4004,3405,2663,2135,1747,1551,1370,1177,1085,1009,908,803,755,698,649,563,516,457,407,372,334,313,279,258,238,217,196,184,164,144,132,124,113,102,92,78,70,60,55,47,41,32,28,24,23,19,18,15,14,11,9,6,5,3,2,2,1,1,0,0,0,0,0,0,0,0,0,0,0
code	8	12	8	host	45336,27019,10073,10641,9213,7180,6532,5144,4345,3680,3659,4208,3091,3112,2570,3718,2422,3148,2500,2754,2388,2731,2138,2886,1571,2108,1675,1548,1817,1780,1415,2008,1665,1997,1428,1671,1067,1631,935,1341,1053,1506,987,816,968,719,872,897,1079,1036,1344,758,720,680,562,1004,679,1168,728,536,792,949,662,643,650,609,1187,601,632,997,544,660,376,434,523,302,709,553,490,413,353,237,338,937,408,330,358,347,291,523,423,356,293,604,266,231,178,254,305,284,229,387,424,323,249,446,261,407,348,309,269,239,194,243,256,310,238,267,246,326,281,243,224,192,167,224,179,164,151,133,245,182,136,122,411,598,304,263,220,202,185,168,162,139,129,123,225,194,150,207,197,230,213,193,329,260,244,222,204,198,185,170,312,224,182,167,154,140,137,125,120,111,102,97,93,87,82,77,71,68,65,63,58,52,50,48,47,43,43,41,40,38,38,37,36,32,31,30,29,29,27,26,25,24,23,23,21,21,21,21,20,19,16,14,13,13,13,13,12,12,11,11,10,9,9,8,5,5,5,5,4,3,2,2,1,1,1,1,1,1,1,1,1,1,1,1
code	8	12	8	card	6017,4351,3645,3355,2767,2400,2054,1833,1536,1416,1264,1198,1078,990,894,791,726,616,540,492,433,413,361,327,291,248,228,200,182,170,158,138,118,104,90,83,68,59,52,45,41,37,31,26,23,21,19,16,14,10,9,6,3,2,2,2,1,1,1,1,0,0,0,0,0,0,0,0,0,0,0
code	8	12	9	host	33407,19790,15107,9160,8473,5610,6482,6089,5957,3744,6003,4609,3232,3959,2939,2543,2633,3146,2778,3270,2521,2566,2540,1830,2006,1830,1915,2728,1762,1517,1296,1434,1438,1193,1413,1616,1230,1178,1166,1077,953,1177,1494,1389,1032,1534,1168,974,831,998,800,840,1256,1675,926,1031,659,540,1711,1180,903,457,720,566,593,697,850,604,475,598,530,710,490,971,474,553,585,484,614,611,693,553,353,486,468,284,515,450,600,730,647,421,534,351,289,362,352,409,307,232,186,393,300,263,399,363,339,263,278,469,266,430,372,344,346,306,265,230,204,166,147,182,499,344,288,221,196,173,281,235,249,221,292,213,198,188,379,495,321,585,344,308,238,203,191,169,158,144,138,127,122,149,254,223,194,174,154,147,142,128,121,115,107,102,99,95,90,189,177,197,186,322,295,206,181,165,144,129,116,112,105,98,89,81,78,75,68,62,58,56,53,48,45,43,42,41,38,37,35,34,33,32,29,26,24,23,23,23,20,19,18,17,17,17,17,17,17,16,16,15,13,13,10,9,9,9,7,7,6,6,6,6,5,5,3,2,2,2,2,2,2,2,2,2,1,1,1,1,1
code	8	12	9	card	9454,6331,4947,4219,3489,2810,2505,2060,1635,1267,1104,977,812,696,580,504,428,384,351,316,279,233,214,193,176,160,151,132,120,107,97,89,82,75,65,58,55,50,47,45,39,36,32,26,22,20,17,17,11,10,7,6,5,2,2,1,0,0,0,0,0,0,0,0,0,0,0,0,0,0,0
code	8	12	10	host	16227,11478,11218,8661,7735,6827,5774,5297,4367,5615,4792,4724,5181,4043,2851,4496,2972,3400,2839,2962,2862,2979,2335,1941,2972,2738,2003,2072,1808,1705,2533,2610,2118,1908,1570,1792,1516,1125,1683,1996,1573,1413,1097,1229,1441,1269,1511,1309,1626,1063,810,1977,1624,1024,1372,1020,991,1186,1009,1069,923,1018,691,519,947,914,901,779,877,579,848,900,965,738,540,716,515,725,860,1016,1219,765,613,704,428,410,319,701,474,875,935,789,899,586,505,459,367,301,307,595,463,586,485,523,641,648,521,358,262,243,312,307,384,279,615,936,643,534,330,296,263,211,178,613,343,296,277,343,364,284,248,308,273,238,556,644,471,467,603,418,393,348,369,472,348,318,285,251,220,198,178,154,143,131,117,108,100,98,89,81,75,324,183,152,144,187,172,137,244,189,240,412,375,196,227,203,323,335,258,239,301,285,251,225,196,188,173,157,148,143,135,126,118,108,102,99,93,86,83,79,77,73,68,65,62,59,56,52,51,47,46,45,43,43,42,38,35,33,32,29,28,25,25,25,25,24,24,20,20,20,19,19,18,15,14,12,11,10,9,9,9,9,9,8,8,8,7,7,5,4,2,2,2,2,2,2,2,1,1,1,1,1,1,1,1,1,1,1
code	8	12	10	card	6517,5028,4083,3222,2725,2402,2166,1986,1779,1626,1439,1262,1148,1039,939,869,796,748,683,639,578,535,480,441,391,351,324,293,276,248,222,208,191,176,152,139,121,107,94,89,78,67,57,48,45,39,33,30,22,21,17,15,11,7,4,2,1,0,0,0,0,0,0,0,0,0,0,0,0,0
code	8	12	11	host	21297,15748,9732,9490,7391,6233,4152,5197,4796,4677,3305,3599,3953,4810,3008,3930,3070,2570,3758,2779,2660,2290,2519,2153,2644,2268,1927,2170,2771,2140,2255,1803,2164,1984,2155,2238,1739,1549,1365,1816,1809,1169,1688,2319,1240,799,1631,1532,1667,1084,1273,1011,1145,1424,995,1479,583,521,988,830,782,887,776,703,558,1123,960,887,531,598,832,598,741,673,902,1120,712,586,465,399,305,561,668,864,709,676,671,520,435,739,818,658,552,461,509,439,469,391,347,344,622,438,343,288,690,561,386,336,272,426,728,593,779,555,543,618,426,390,388,326,269,237,199,687,310,257,232,249,538,347,281,249,225,204,395,362,397,300,344,326,278,234,214,194,174,153,141,130,120,233,367,431,270,231,221,206,179,158,142,127,115,101,89,80,106,99,97,439,247,212,481,350,310,280,241,223,210,470,315,293,273,241,213,201,181,166,153,141,185,179,163,154,145,134,124,119,115,107,104,101,96,92,84,79,78,75,71,67,66,64,60,59,57,54,52,50,45,45,42,39,36,35,35,33,31,29,28,26,24,24,21,21,20,19,19,18,17,15,14,14,14,13,12,11,10,9,9,9,8,7,7,7,6,5,5,4,2,2,2,2,2,2,2,1,1
code	8	12	11	card	6927,5058,4070,3307,2972,2681,2424,2102,1790,1527,1364,1193,1073,969,901,807,708,647,601,555,520,487,441,409,389,350,329,299,275,250,233,213,183,168,144,129,116,104,95,90,81,74,70,57,50,46,36,34,27,24,21,16,13,9,6,3,2,0,0,0,0,0,0,0,0,0,0,0,0,0
code	8	12	12	host	13062,11235,9378,8017,5977,6188,5555,4121,3661,4956,3684,3827,3322,4134,3347,3384,3826,3016,2750,3913,3077,2277,3157,1968,2261,3004,2653,2315,2133,2317,2666,2366,2133,2012,1923,1732,2388,1814,1825,1716,1494,1658,1520,1727,1288,3320,1664,1202,1235,682,1322,1668,1502,984,1119,1137,1067,1229,1466,1346,904,1030,1733,993,1002,572,1059,839,1330,776,650,634,722,1008,761,614,1211,1007,801,700,628,799,469,837,915,503,588,675,607,510,912,459,535,513,369,645,607,639,857,451,430,810,618,626,415,346,338,282,394,322,288,589,704,497,398,372,318,468,355,969,716,465,430,353,298,252,269,230,374,360,451,450,390,404,354,396,309,267,223,201,300,208,184,232,288,328,281,249,218,186,169,139,202,155,134,128,120,109,183,153,131,126,111,158,133,229,192,195,170,152,138,419,188,163,393,390,320,264,284,223,212,239,203,189,174,167,254,205,197,178,144,132,125,117,116,110,104,97,90,86,83,81,78,75,73,68,65,61,58,56,54,50,49,47,46,43,40,39,36,35,33,33,30,28,27,25,23,23,23,23,22,19,18,17,14,14,14,13,13,11,10,9,9,9,9,9,9,9,8,8,6,5,4,3,3,2,2,2,2,1,1,1,1,1,1,1,1,1,1
code	8	12	12	card	7791,6010,5263,4237,3666,3194,2773,1958,1747,1530,1404,1249,1150,1092,955,844,734,677,605,529,482,405,371,330,296,265,247,225,208,189,173,158,150,135,128,117,109,102,100,90,81,75,70,66,59,50,45,42,39,34,32,25,23,17,17,14,13,10,9,5,3,3,2,2,1,0,0,0,0,0
code	8	12	13	host	12362,7100,7132,6014,4992,5450,4238,3268,3826,3451,4388,3453,3531,3415,3274,3317,2757,2453,3167,3235,2686,2198,2418,1747,2071,2299,2012,2013,2098,2204,2149,1947,1863,1969,1883,2002,1729,1271,1380,1140,1882,1387,1281,1222,980,1238,1273,1192,986,1287,1291,1334,1223,1294,1685,1590,1338,1038,1638,1746,1186,942,697,878,827,1056,1380,915,944,642,1268,822,597,941,1053,853,573,617,1045,1035,1236,847,972,642,589,481,627,654,560,898,591,527,1151,930,802,596,666,640,674,468,393,703,508,575,588,467,517,501,551,510,402,540,657,492,349,563,463,348,438,558,477,403,496,479,519,420,342,275,364,519,332,297,257,218,252,262,356,406,358,453,350,413,359,334,527,440,370,304,264,206,182,173,146,192,286,430,371,319,280,341,454,552,445,360,322,351,304,286,258,328,272,253,224,207,273,238,221,205,181,165,153,146,138,125,122,110,102,98,86,80,180,137,128,97,92,85,285,214,533,500,511,373,316,371,351,304,268,251,230,214,206,191,182,211,199,190,178,169,162,149,142,135,130,126,123,112,109,108,105,100,95,91,85,80,74,71,67,65,59,58,53,52,48,46,43,41,40,37,36,36,34,31,29,26,26,25,23,23,23,23,21,20,20,20,18,15,14,14,13,13,12,10,10,9,8,7,7,7,5,5,5,5,5,3,3,3,2,1,1,1,1,1,1,1
code	8	12	13	card	10240,7083,5772,4929,4269,3950,3507,2930,2553,2306,2040,1615,1460,1280,1061,898,769,685,633,560,509,451,401,361,336,307,286,247,219,202,195,183,167,156,141,134,125,110,104,94,87,82,78,70,66,62,54,48,42,39,35,33,29,26,23,21,19,16,12,8,7,5,5,4,1,1,0,0,0,0
code	8	12	14	host	22491,10958,8012,8071,7023,5375,5527,4089,6306,5341,3575,3291,4028,5500,3909,3151,3270,3625,2859,3486,3359,2562,2234,2825,2761,2822,2277,1916,2200,2151,2514,2816,2263,1529,1826,1839,1085,2026,1095,1742,1436,2015,1471,1686,1340,1687,1462,1059,997,1630,1415,1263,917,1221,1225,640,1202,818,692,1255,629,929,986,1340,980,589,1378,690,758,773,589,805,584,766,504,364,341,365,990,1071,775,516,502,476,341,353,461,1057,521,668,663,675,572,428,412,369,426,580,431,470,324,271,313,282,229,188,604,469,866,643,444,328,273,361,278,221,234,330,287,368,400,316,338,376,283,337,272,508,467,413,317,251,217,250,226,270,251,211,176,158,253,219,192,179,204,185,160,130,119,109,98,181,139,122,109,252,208,174,210,553,404,322,248,211,190,175,221,204,170,158,145,182,166,156,138,127,116,113,193,190,162,151,149,140,131,121,115,99,93,90,85,82,76,72,70,67,59,57,52,50,49,47,47,45,43,41,41,39,37,36,36,35,33,31,30,30,27,26,24,23,23,23,21,21,21,19,19,18,18,16,16,13,13,13,12,11,10,10,10,8,8,8,8,6,6,6,6,6,6,4,3,2,1,1,1,1,1,1,1,1,1,1,1,1,1,1,1,1,1
code	8	12	14	card	8520,6738,5637,4744,3774,3097,2727,2249,1782,1472,1287,1177,1057,948,859,760,672,613,557,536,501,470,444,420,386,359,332,312,300,276,263,256,239,215,193,174,160,143,122,110,103,88,77,74,59,55,47,40,37,31,25,21,18,14,11,10,7,5,3,1,1,0,0,0,0,0,0,0,0,0
code	8	12	15	host	22095,8698,6114,5403,5532,4784,3565,4187,3902,4049,3289,3301,3938,2996,3078,3302,3550,3207,2868,2753,2566,2646,2546,2133,1556,1954,2019,1671,2007,1473,1572,1963,1601,1553,1309,1268,1146,1506,1327,1286,1322,1546,1410,946,1543,1508,1501,1339,1415,1016,1106,844,1135,1125,851,1091,1262,1294,974,1165,996,1281,1154,1063,1071,716,917,953,978,857,867,847,735,810,653,1050,959,766,847,800,697,560,579,588,555,734,620,836,768,725,727,566,616,623,604,584,501,605,516,409,358,439,504,440,469,505,628,457,536,461,388,427,476,479,461,502,524,410,355,355,305,559,470,392,462,457,510,462,395,365,337,275,256,303,431,386,345,452,471,373,305,367,324,280,245,327,331,304,255,371,283,239,218,196,179,171,153,139,125,114,109,91,76,373,340,217,386,516,372,760,507,415,359,331,299,266,243,223,204,190,176,166,153,237,187,177,152,144,139,127,121,112,104,98,89,84,78,73,68,121,111,105,97,149,128,333,226,262,321,357,282,261,244,218,194,175,163,154,149,140,137,182,167,139,133,123,116,106,103,96,90,86,81,80,122,111,102,93,88,84,79,76,74,69,67,60,59,57,55,54,52,52,50,47,45,43,42,39,38,36,36,32,31,31,29,26,26,24,23,22,21,18,17,15,15,15,14,13,13,12,11,11,9,8,7,5,4,4,4,3,2,2,1,1,1,1,1
code	8	12	15	card	16231,6065,4411,3974,3159,2798,2521,2201,1986,1853,1650,1442,1304,1182,1053,930,827,755,707,679,616,583,556,533,505,468,436,416,402,390,367,339,330,307,282,263,250,235,217,197,176,158,142,133,124,113,104,92,86,80,73,65,61,51,47,43,42,37,34,28,22,16,12,8,5,2,0,0,0,0
code	8	12	16	host	41878,22517,10057,9101,9391,8153,7393,4894,5830,5584,4426,3999,4058,6091,3993,3376,4077,4092,3186,3938,2666,3073,1847,2962,2370,2257,2365,1883,1887,1595,2749,1707,1479,1219,1419,1130,1574,1632,1382,1373,1181,1159,1173,754,918,1212,1169,1342,642,1015,851,1033,708,696,873,691,681,440,542,484,403,1339,979,661,368,250,373,349,440,480,478,470,345,457,446,980,501,304,450,435,328,498,438,295,464,362,471,663,495,327,285,198,424,366,362,233,536,377,297,519,502,350,266,222,165,270,200,280,242,199,179,133,119,106,180,159,143,99,92,119,110,208,186,251,144,277,414,341,280,195,257,459,483,331,283,331,304,364,345,290,269,232,216,199,188,171,163,150,141,134,131,120,284,256,211,183,163,157,135,127,112,110,103,91,88,80,79,74,71,70,64,62,61,57,52,49,46,44,43,42,39,38,36,35,32,31,30,29,28,27,25,25,25,23,22,21,19,18,18,16,16,16,14,13,13,12,12,11,11,10,9,8,7,7,6,6,5,5,5,5,5,4,4,3,2,2,2,2,1,1,1,1,1,1,1,1
code	8	12	16	card	8488,4621,3304,2479,1986,1649,1470,1211,1079,999,949,881,817,727,679,634,603,545,473,442,418,388,361,340,302,273,253,231,219,201,183,172,153,132,118,112,99,90,78,67,63,56,49,39,36,33,27,22,20,15,12,11,9,6,5,1,1,1,1,0,0,0,0,0,0,0,0,0,0,0
code	8	12	17	host	14370,10927,9739,8915,8990,7399,7033,5858,5896,6149,4697,4699,5051,5862,3271,4074,3288,2505,2810,2995,2903,2459,2016,2591,2964,2091,3137,3558,1753,1923,2088,1731,1978,1223,1583,1739,2129,1271,1401,1573,1236,939,1282,1849,1014,1522,820,904,1536,852,1584,1390,881,785,718,941,929,993,458,770,1086,1718,899,717,983,1004,921,1022,933,778,608,603,607,854,742,610,812,521,830,716,687,657,517,645,616,454,605,658,775,1064,739,516,520,404,673,472,379,654,467,381,575,494,699,562,403,522,361,326,503,345,278,228,290,338,473,483,638,564,522,523,536,407,348,285,246,265,244,209,182,246,234,200,148,335,498,391,448,436,459,388,347,310,257,218,194,178,154,248,194,165,151,125,115,102,96,194,379,286,233,211,186,172,137,129,113,147,129,428,306,288,328,312,274,231,537,370,322,285,251,299,255,233,214,194,186,173,161,157,280,209,199,188,165,160,138,129,122,114,108,102,100,97,91,85,84,76,73,72,69,67,62,60,57,53,51,49,47,44,42,38,36,34,33,32,30,30,29,28,27,27,26,23,22,22,21,19,17,16,15,14,14,14,14,13,13,12,12,12,11,10,9,7,7,6,6,6,5,5,3,2,2,1,1,1,1,1,1,1,1,1,1,1,1,1,1,1,1,1
code	8	12	17	card	8381,5945,4471,3519,2910,2411,2073,1725,1357,1222,1057,997,880,807,750,689,641,591,555,526,484,426,416,376,350,323,303,288,269,249,227,216,199,189,175,159,146,130,121,107,96,88,84,72,64,58,55,49,42,37,33,29,22,21,16,16,12,10,8,6,2,2,2,1,0,0,0,0,0,0
code	8	12	18	host	9380,8957,9076,7306,7582,6347,6308,6140,4380,5500,3411,5562,4076,3236,3753,2525,3643,4112,2011,2868,2388,3919,2328,3199,2034,1887,2331,2665,1945,1836,2091,1561,1839,1734,2085,1516,1606,1148,1329,1451,1902,1257,1337,1219,1198,885,1610,1184,1104,906,783,1398,703,878,731,521,434,858,1308,996,849,633,777,571,451,823,1124,619,403,477,1100,683,581,573,417,404,457,902,528,467,769,624,513,407,579,651,441,349,274,305,404,349,411,306,262,350,433,331,271,484,336,277,348,1004,440,600,360,309,629,592,397,344,293,266,383,273,220,195,182,169,160,146,188,167,148,133,111,100,860,229,199,185,145,299,190,163,310,380,615,555,588,517,467,422,516,471,387,328,291,274,292,253,239,227,302,252,234,220,204,184,176,169,166,161,149,142,137,455,253,225,203,167,162,158,149,142,135,129,125,120,113,108,102,99,95,90,87,83,80,77,74,73,70,69,66,63,61,59,59,56,53,51,50,48,44,43,42,40,40,39,37,37,36,33,30,30,27,27,27,26,25,22,19,19,18,17,17,17,17,16,16,15,15,12,12,12,12,11,9,9,8,7,7,5,5,3,3,2,2,2,2,2,2,2,2,2,1,1,1
code	8	12	18	card	12862,9421,8302,7156,5962,5275,4673,4259,3685,3240,2240,1728,1448,1195,1042,843,737,646,555,490,451,382,336,285,244,213,192,173,144,131,119,103,96,88,80,72,66,62,58,55,48,44,38,36,31,28,25,22,18,16,15,13,11,9,5,4,3,2,1,1,0,0,0,0,0,0,0,0,0,0
code	8	12	19	host	14344,9158,6983,6210,5274,4378,4709,4579,4090,4894,3921,3923,3454,3613,3060,3178,2879,3450,2552,2653,2078,2666,2233,1881,2765,2051,2487,2065,2235,2125,1798,1937,1654,2816,2077,2051,2019,1648,1771,1801,1807,1339,1447,1518,1825,1281,1553,1598,1530,1430,1194,1313,969,1609,1330,1258,1157,1364,1307,1176,1086,957,972,1412,1451,1059,1067,980,1221,1573,957,1044,862,995,892,1020,666,596,623,645,627,829,637,774,721,910,620,493,722,931,1109,830,706,697,599,590,512,448,640,563,705,596,495,436,476,480,351,665,386,547,505,477,373,318,357,324,384,382,465,773,540,448,524,401,383,451,326,282,248,217,254,379,295,360,536,455,396,515,372,279,257,226,191,163,242,189,166,267,320,339,271,376,385,343,312,272,234,220,192,326,287,183,320,278,210,188,160,152,141,218,211,194,191,171,139,127,120,106,97,213,191,170,120,117,106,209,306,276,185,165,230,466,297,250,383,298,290,261,236,223,208,190,260,192,183,170,160,157,152,142,139,193,184,167,156,147,143,135,132,119,116,109,105,101,187,154,145,123,118,107,100,97,92,82,76,75,70,68,64,63,59,58,55,54,51,47,47,45,44,41,41,38,37,36,36,34,33,31,31,31,29,27,26,25,24,24,23,19,18,16,16,16,15,13,13,11,11,11,10,9,9,9,7,7,7,5,5,3,2,1,1,1,1,1,1,1
code	8	12	19	card	6550,5119,4121,3692,3426,3086,2701,2392,2265,1976,1806,1682,1414,1327,1218,1076,1012,870,796,735,651,603,561,527,474,453,402,373,349,327,300,284,255,231,219,205,194,184,168,149,140,133,129,125,119,109,104,95,87,78,68,62,56,53,50,45,39,36,32,26,21,17,13,8,7,4,2,1,0,0
code	8	12	20	host	16992,11855,9471,10489,8914,7302,6309,5839,5805,5009,4528,5425,3520,4081,3616,3584,3734,3031,3490,3626,2985,2942,2977,2098,2036,1978,1537,2287,1745,2220,2768,1998,1686,1736,1716,1141,1817,1511,1149,1521,1324,1104,1130,816,884,1149,867,2416,1688,1067,997,1622,995,1273,865,638,755,713,563,449,580,422,651,711,732,534,989,644,469,685,569,543,366,480,557,382,294,244,728,424,370,302,240,309,1233,738,721,532,334,682,472,346,268,562,468,377,302,240,284,224,190,152,265,639,543,383,294,499,280,383,306,253,456,655,365,364,242,230,572,414,244,193,175,164,145,235,182,172,147,122,110,261,228,320,463,316,283,255,240,261,390,448,299,333,250,232,209,195,338,318,279,256,232,214,203,192,182,172,165,157,148,139,132,127,122,115,110,109,103,98,96,94,90,85,82,79,78,216,183,167,114,105,100,94,83,75,73,71,66,64,60,57,56,56,55,49,47,46,46,45,44,43,42,39,38,37,36,35,34,32,31,31,29,26,26,24,23,23,22,22,21,20,19,19,17,15,15,13,11,11,11,11,11,11,11,11,10,9,9,8,8,7,7,7,7,6,6,6,6,5,4,4,3,2,1,1,1,1
code	8	12	20	card	14197,8476,6658,5058,4534,3831,3164,2442,2077,1690,1436,1363,1144,998,895,769,697,616,523,489,411,354,327,293,262,246,228,204,184,163,147,134,126,121,110,99,91,78,73,67,63,57,54,47,43,42,37,36,30,27,23,20,19,17,14,12,8,6,4,3,1,1,0,0,0,0,0,0,0,0
code	8	12	21	host	21195,15050,12157,9354,5684,8572,6315,6345,5257,5036,3946,3865,3315,4064,3437,3532,3568,2487,2857,2012,2150,2275,1947,2180,1632,2084,2524,1549,1184,1455,1138,1233,1090,1233,1473,1374,1741,1027,811,1137,907,1002,1256,950,856,803,776,596,1032,633,751,741,525,1035,1068,884,574,808,663,579,435,471,847,549,488,448,712,1006,568,524,704,541,540,487,666,464,452,466,722,650,548,443,315,240,647,612,528,482,447,265,217,423,813,476,292,387,360,305,376,327,266,306,264,214,175,247,333,304,340,324,358,290,339,517,450,367,301,268,230,215,302,268,242,215,205,171,160,145,138,125,115,198,149,137,111,100,90,78,71,149,498,356,272,303,238,199,271,271,292,273,288,271,247,224,209,192,184,242,208,311,231,277,226,208,185,179,168,157,250,242,199,192,173,167,154,143,133,128,126,122,122,117,114,110,105,97,92,84,83,129,124,98,95,91,85,81,79,75,73,70,68,66,65,62,60,59,57,55,55,51,47,45,44,43,43,42,42,39,38,36,34,32,30,29,29,27,26,24,23,22,22,20,19,18,18,18,17,17,16,14,14,14,13,13,12,12,11,9,9,8,8,8,8,7,6,6,6,4,4,4,3,3,3,1,1,1,1,1,1,1,1,1
code	8	12	21	card	20432,7819,6674,5731,4995,4214,3391,2862,2461,2031,1796,1565,1224,1037,900,813,763,704,656,595,559,506,451,427,397,363,328,299,279,256,245,228,217,199,176,161,147,130,122,113,104,91,84,74,67,59,54,45,38,36,32,26,23,19,16,11,8,6,6,3,1,0,0,0,0,0,0,0,0,0
code	8	12	22	host	25257,18910,11345,9946,6911,6919,6706,5921,4769,6555,4790,5012,4346,4305,2997,3085,2692,2671,3037,2795,3157,2278,3049,1747,3096,2383,2370,2219,2249,2148,1781,1896,1534,1717,997,1436,1599,1011,927,697,1206,894,975,677,783,933,735,872,791,691,899,773,1162,733,843,819,558,473,527,393,773,843,973,925,699,591,582,428,477,355,580,782,956,839,638,640,503,482,372,326,326,516,622,512,420,320,403,341,237,522,478,419,424,458,610,451,385,330,253,230,262,320,264,234,284,243,200,187,243,565,456,349,408,550,478,424,315,287,258,229,284,239,213,329,293,412,285,262,253,230,196,183,168,161,150,136,128,184,174,159,141,731,419,260,239,197,167,240,462,308,247,214,397,349,326,278,360,270,254,232,223,205,190,177,172,166,158,222,171,160,155,147,143,137,132,211,181,174,146,130,186,141,132,129,125,121,115,112,108,103,99,95,94,89,86,82,80,77,74,70,67,64,62,62,60,60,55,55,52,50,47,47,47,47,44,43,43,41,38,37,37,35,35,34,30,29,29,29,29,29,27,26,24,24,24,23,21,21,20,20,20,18,17,16,16,14,13,12,12,12,10,10,10,10,9,9,9,9,8,8,7,7,6,6,6,6,5,5,4,3,3,2,1,1,1,1,1,1,1,1,1,1,1,1
code	8	12	22	card	31236,4004,3026,2613,1936,1635,1271,1066,939,840,740,686,618,566,513,471,432,371,332,297,262,242,210,192,169,155,145,126,118,111,103,96,89,84,74,71,61,55,51,49,45,43,39,32,29,27,23,21,20,15,13,13,10,8,5,3,2,2,2,2,0,0,0,0,0,0,0,0,0,0
code	8	12	23	host	28925,10235,8740,6328,7158,4695,5668,4695,4484,4975,4211,2991,3375,3191,3340,2759,2895,2376,2977,2824,2702,2013,2448,2609,2558,1677,1701,1857,2050,2047,1228,1326,1792,1788,1245,1263,1775,1707,1213,1662,1970,1689,1599,1306,1070,1434,1303,1110,1383,974,1481,926,1006,1214,1184,982,762,1538,1446,964,929,722,1331,1017,791,963,670,1066,739,870,961,643,688,706,665,785,762,739,766,733,646,544,578,515,713,563,503,436,354,683,513,620,722,603,497,546,441,554,464,648,503,415,427,446,466,415,515,396,313,395,289,290,363,291,815,702,599,514,401,376,356,323,292,260,416,379,343,262,269,446,395,344,299,524,300,258,414,466,387,346,316,275,239,220,275,255,364,327,265,237,277,360,277,262,400,361,333,286,275,253,316,421,307,270,232,205,200,173,159,148,141,256,200,196,168,158,137,129,115,104,96,219,148,180,140,124,113,343,261,230,335,264,739,285,240,226,262,211,192,181,234,194,177,166,155,150,145,229,172,163,151,147,219,184,155,143,138,132,174,165,154,146,135,126,122,117,114,106,103,101,94,90,85,82,79,75,72,68,64,62,60,59,57,54,53,52,51,50,46,45,45,43,39,36,36,33,33,33,32,31,30,27,24,22,22,21,21,21,20,19,19,17,15,15,14,14,11,10,10,10,7,6,5,5,5,5,3,3,2,2,2,2
code	8	12	23	card	6550,5003,4038,3101,2678,2355,2013,1899,1757,1590,1512,1374,1262,1188,1104,1020,926,872,829,777,690,620,569,524,488,464,429,383,361,340,316,302,281,271,251,237,221,205,193,184,174,159,148,138,130,121,107,98,90,82,75,67,61,55,52,47,43,34,30,28,20,19,16,12,9,6,4,1,0,0
code	8	12	24	host	23420,15065,11162,6988,6745,7821,6440,3805,4309,4387,4587,3784,3868,2951,4455,3533,3617,3299,2423,2853,2669,2894,1738,2716,1988,2074,1637,1638,2256,1497,1322,1473,1683,1521,1320,1336,1683,1790,945,840,1012,915,1202,885,835,989,829,958,669,675,863,655,957,649,816,601,484,658,707,500,475,576,554,642,568,499,403,537,411,728,731,671,519,592,577,584,528,437,579,575,501,395,434,374,273,306,243,359,744,652,520,438,371,325,299,446,356,294,261,225,299,251,375,318,368,315,472,350,357,272,238,208,189,491,409,357,367,381,327,283,254,218,201,239,209,176,159,290,397,470,316,279,260,234,216,198,191,164,148,132,122,196,181,346,295,263,404,299,281,318,330,286,258,236,215,202,249,310,272,243,213,197,332,287,240,225,239,225,259,242,226,202,271,211,274,248,238,220,201,181,165,160,154,151,145,138,130,129,124,116,112,109,104,101,97,93,90,88,85,85,81,77,75,74,71,68,64,62,61,59,58,56,56,52,50,50,47,47,46,45,44,41,40,40,38,36,34,34,33,31,30,29,27,27,27,27,27,25,24,23,23,21,18,18,18,18,18,17,16,16,15,14,13,11,11,11,10,8,8,7,7,6,6,6,6,6,5,4,4,4,4,3,3,1
code	8	12	24	card	40649,4540,3047,2427,2018,1788,1567,1368,1255,1132,1055,952,900,869,812,759,708,638,593,536,474,444,404,380,357,326,310,294,274,249,231,219,200,181,165,155,140,133,121,111,101,91,84,77,72,54,50,46,39,32,25,23,19,15,10,7,5,2,2,1,0,0,0,0,0,0,0,0,0,0
code	8	12	25	host	44696,22916,13700,10701,8170,5564,5421,6161,5704,4108,4089,2925,3407,3174,2729,3102,2303,1820,1976,2794,1902,1967,1822,1554,1947,1459,1313,1280,1570,1358,1009,1544,1064,1154,1045,1290,1032,1161,741,925,778,990,1126,741,642,1106,1113,936,639,591,673,671,876,876,727,767,1035,744,561,465,481,383,295,665,547,697,521,819,420,444,381,441,388,304,460,347,268,380,469,372,351,367,710,679,564,428,528,418,359,295,229,206,341,258,654,287,239,297,286,730,493,362,345,308,539,440,375,315,271,254,222,185,295,191,279,450,327,274,378,347,284,242,229,214,193,235,202,180,170,160,151,138,129,117,957,212,186,170,149,279,178,459,402,340,314,287,233,298,474,408,465,324,279,246,386,298,260,247,221,207,267,255,231,204,187,232,216,200,183,173,164,149,138,131,125,122,117,115,106,101,96,93,87,85,82,81,79,74,69,68,65,61,58,56,53,51,50,49,46,46,43,41,41,40,37,37,36,32,31,29,27,26,26,23,22,21,19,19,19,17,17,16,15,15,13,13,13,13,12,11,11,11,10,10,10,10,10,8,7,5,4,3,3,1,1,1,1,1
code	8	12	25	card	16016,7985,5193,3893,2642,2293,1947,1765,1553,1372,1172,996,855,743,676,612,561,505,470,434,386,352,320,290,265,238,227,215,189,174,158,151,139,128,105,95,85,77,71,58,55,50,40,35,30,30,26,22,16,14,12,12,11,9,6,4,3,0,0,0,0,0,0,0,0,0,0,0,0,0
code	8	12	26	host	31005,15742,12648,9520,7755,8309,7142,5646,5303,4913,5901,3516,4726,4455,3062,3801,3861,3828,3146,2805,2956,2320,2926,2722,2059,2177,1992,2324,2644,2489,2352,2096,1429,1298,1386,1134,1692,1613,1964,1317,982,1248,1535,1009,1021,693,2160,1274,1109,1361,981,854,886,723,1535,1005,1152,1234,1013,746,824,858,851,622,980,690,826,728,917,499,709,667,491,802,718,508,518,1026,538,421,353,429,417,657,481,510,511,501,388,311,484,471,607,399,415,443,363,391,322,386,287,243,330,401,514,433,410,316,424,357,353,395,383,325,296,263,364,317,243,242,211,188,501,399,359,280,291,377,373,317,268,249,284,363,273,337,270,323,288,249,220,206,188,171,160,142,130,123,111,106,98,90,82,75,175,123,181,277,343,341,251,486,1087,465,419,405,367,343,314,295,262,245,231,215,196,189,180,246,224,194,186,174,303,235,211,192,166,154,140,137,125,123,115,109,104,103,97,93,89,85,81,81,74,71,69,66,64,62,58,55,54,52,51,48,46,42,40,37,36,36,35,33,31,29,28,28,26,26,25,23,20,19,18,17,17,16,15,14,13,12,12,12,12,12,11,10,7,7,6,5,5,3,3,3,1,1,1
code	8	12	26	card	5703,3635,2759,2320,1970,1581,1422,1225,1104,972,895,829,728,698,651,595,548,502,453,424,395,365,343,322,291,266,252,233,216,202,192,183,155,142,130,117,102,95,87,83,79,65,56,46,42,35,32,30,24,23,22,17,15,12,10,7,6,3,2,1,1,0,0,0,0,0,0,0,0,0
code	8	12	27	host	26844,15915,7983,9180,7244,6441,4703,4345,4485,3351,2920,2859,2372,2019,2482,1851,2616,1648,1316,1643,1765,1847,1317,1381,1183,1200,1396,1489,1179,1430,1297,1332,1060,1043,784,1187,1126,1250,953,817,926,1063,949,939,571,1187,780,685,609,987,754,802,661,718,707,574,751,764,605,581,669,582,605,720,469,544,714,503,533,595,471,491,611,589,566,703,573,475,399,516,527,475,351,412,368,497,430,636,591,474,513,515,406,393,336,290,327,290,321,335,873,412,337,369,310,344,286,251,380,506,411,347,300,280,255,222,200,329,502,318,1078,381,336,299,277,225,279,234,204,197,282,249,415,364,328,278,250,348,273,246,210,284,230,216,198,178,170,153,138,132,117,106,99,93,216,149,665,568,302,234,206,272,292,263,242,225,213,191,174,320,300,311,323,261,239,232,217,280,257,314,282,238,228,213,197,181,175,169,159,154,148,139,134,222,205,166,145,139,131,127,120,115,109,106,103,97,91,89,87,80,76,73,72,71,67,65,62,61,57,54,52,52,49,47,46,44,41,39,36,36,35,34,32,31,31,30,27,26,25,24,23,22,21,18,18,18,17,17,16,15,15,13,11,10,10,10,10,8,7,7,6,5,4,4,4,3,2,2,2,1
code	8	12	27	card	26420,20276,16056,4850,3493,2572,2016,1654,1486,1246,1163,1035,921,837,772,713,654,612,569,512,478,443,410,374,344,317,274,244,210,193,172,156,140,126,111,94,87,76,63,58,52,44,40,38,30,28,26,23,19,16,16,12,10,7,6,4,2,1,1,1,0,0,0,0,0,0,0,0,0,0
code	8	12	28	host	39993,20046,16396,11017,9956,8159,7170,6439,6077,4249,4290,4531,3471,2861,2988,2116,2937,3014,2769,2775,2191,1930,1731,2822,2021,2107,1377,1879,1313,1817,1260,1172,1042,1203,1096,1187,1388,1073,1310,912,995,1148,1598,1053,1047,1197,787,1017,715,792,850,560,765,809,625,700,484,1283,798,827,596,638,519,521,649,526,504,412,672,665,612,599,585,459,446,468,550,667,491,375,274,618,467,514,319,281,263,384,293,339,338,319,260,356,632,380,335,290,360,289,306,275,307,251,221,449,239,329,292,242,310,307,267,226,208,307,244,348,286,244,209,293,241,220,213,175,155,142,525,221,196,260,254,221,193,174,152,295,277,220,196,180,623,383,315,217,189,175,243,217,260,233,214,194,1080,239,440,344,313,423,343,317,286,272,249,233,213,201,187,256,250,213,194,185,170,154,215,173,162,151,146,140,130,121,119,114,111,105,101,97,90,90,87,87,84,76,75,73,71,68,65,60,60,58,56,53,49,49,47,45,42,41,40,39,39,37,34,33,32,32,30,27,27,26,25,25,24,24,23,21,21,19,15,15,15,14,14,13,13,13,12,12,11,11,11,9,9,8,8,8,5,3,3,3,2,2,1,1,1,1,1,1,1,1
code	8	12	28	card	15825,3407,2607,1823,1604,1437,1275,1180,1090,1002,932,859,812,743,681,636,586,545,487,444,406,379,346,309,279,246,207,192,170,149,135,118,106,98,90,81,76,68,62,57,54,50,41,33,27,26,25,20,14,13,10,7,6,6,5,3,1,1,0,0,0,0,0,0,0,0,0,0,0,0
code	8	12	29	host	44405,19082,14863,8921,8123,7008,5780,4341,4446,4447,4086,3119,2584,2692,2635,2320,2117,1808,2257,2224,1959,2348,2262,1880,1687,1210,1309,1981,1245,1274,1134,1187,1158,1897,1114,763,878,1018,1130,969,1262,831,743,697,602,834,895,735,596,546,683,546,546,456,459,839,621,757,521,565,718,578,585,446,532,740,853,614,509,296,433,718,559,467,473,564,530,420,320,385,401,694,714,536,398,359,300,222,345,463,370,338,279,261,231,374,459,267,249,299,272,238,565,376,376,316,277,340,396,290,278,357,270,254,213,289,239,221,182,168,147,134,120,298,257,212,235,240,221,195,183,163,149,135,186,157,145,137,131,121,264,656,390,311,353,316,291,369,315,279,257,233,214,191,173,164,192,362,248,232,206,691,479,310,281,263,246,227,207,195,422,301,245,174,163,155,148,143,135,130,124,119,114,111,109,103,98,95,91,87,84,79,76,75,73,71,68,65,64,61,57,56,56,56,56,56,52,50,49,46,45,44,43,43,43,42,38,36,35,33,33,31,30,29,29,28,28,27,26,25,24,22,21,20,19,19,19,19,18,18,16,15,14,14,13,11,11,11,10,10,9,9,9,9,8,7,6,6,5,5,4,2,1,1,1,1,1
code	8	12	29	card	11004,8450,6014,5130,3989,3349,3042,2783,2491,2243,2010,1771,1581,1384,1105,774,683,575,506,449,406,370,323,284,249,233,215,189,175,164,148,127,122,114,107,97,87,78,72,63,60,51,47,42,39,34,29,27,24,22,17,14,13,11,8,5,4,2,1,1,0,0,0,0,0,0,0,0,0,0
code	8	12	30	host	29211,26447,14831,8370,6889,6210,6669,4896,3554,3221,2100,2685,2046,2448,2379,1791,2476,2056,1940,1691,1892,2190,1081,1794,1288,1204,1062,1629,933,1262,1257,1602,1043,768,1037,939,1284,876,645,738,712,1006,2414,917,653,881,531,754,663,639,553,697,553,497,791,548,707,654,749,819,780,709,609,1211,724,786,674,616,590,507,466,351,354,454,717,562,420,392,520,417,491,421,385,397,435,466,503,385,463,321,319,244,292,265,226,194,169,139,350,552,530,432,310,397,365,386,535,469,371,321,291,264,230,213,196,183,164,231,193,201,181,169,150,214,200,228,718,437,223,187,174,156,141,130,120,284,248,234,186,269,236,186,296,263,241,230,222,192,379,311,252,231,207,194,178,294,248,314,265,240,234,225,335,517,312,282,264,248,226,209,185,177,170,163,157,148,143,134,128,122,117,115,110,106,102,98,95,92,87,84,81,81,79,76,74,73,69,66,65,62,60,57,56,52,50,50,48,48,46,45,42,39,38,37,36,36,34,34,33,30,29,29,26,25,24,23,20,20,20,19,18,17,17,15,14,13,13,13,13,13,12,11,9,7,5,5,4,4,3,3,3,3,3,3,2,2,2,2,2,1
code	8	12	30	card	31121,7655,6748,5676,3474,2507,2183,1843,1661,1570,1464,1326,1226,1125,987,915,829,753,705,652,597,551,482,430,394,331,302,257,231,216,196,181,175,160,144,133,125,118,105,97,92,84,76,72,64,59,53,50,44,42,37,33,30,26,22,19,16,12,10,8,4,3,3,1,0,0,0,0,0,0
code	8	12	31	host	15746,13292,10224,8000,9227,6967,6720,4441,4809,3730,3507,3563,3302,2829,3663,2900,2891,1942,1986,2441,2712,1711,2378,2169,1756,1484,1511,2107,1963,1840,1867,1600,1737,2089,2034,1835,1843,1579,1237,1862,1330,1299,1616,1622,1359,1091,1232,1529,2443,1135,1651,1327,1548,1325,883,1079,1261,1011,755,1066,1088,942,1015,604,883,890,943,636,781,937,863,1063,765,829,768,854,951,532,593,431,598,745,667,895,614,510,441,332,532,612,729,773,612,466,368,534,477,370,320,286,526,535,494,426,394,332,300,436,405,308,393,398,411,472,393,310,397,382,498,309,546,360,324,282,250,229,196,177,1243,405,369,266,218,237,458,362,305,339,305,279,240,295,247,276,239,225,263,226,203,188,170,162,339,257,240,200,159,592,474,393,363,215,234,177,347,303,290,192,170,160,145,143,232,174,253,273,238,191,184,172,164,151,138,189,171,194,158,150,142,131,126,228,198,180,167,273,193,169,187,179,159,148,139,133,125,120,114,106,101,97,96,93,87,85,79,77,73,70,70,64,62,59,56,55,53,52,50,47,44,42,40,38,36,33,33,32,32,32,28,27,26,26,23,22,22,22,22,22,18,18,17,15,15,15,13,13,12,12,11,11,11,11,10,9,6,5,5,3,3,3,3,2,1,1,1,1
code	8	12	31	card	10086,6320,5058,4368,3681,2972,2461,2125,1740,1652,1537,1445,1297,1227,1128,1082,992,910,829,765,707,664,605,546,504,471,441,411,370,328,306,265,239,213,194,181,173,161,146,130,122,108,99,85,75,66,56,55,47,43,39,33,27,24,19,17,15,11,8,6,2,1,1,0,0,0,0,0,0,0
code	8	12	32	host	41462,24189,17055,13870,10178,7832,4563,3920,4825,5002,3566,2686,2895,3028,2481,2480,2415,2588,2668,1927,2157,2015,1792,1802,1539,1672,1627,1453,1543,1661,1609,1349,1203,1507,1342,1158,1382,1066,1466,1107,1522,1393,884,930,867,1009,970,1060,771,687,1080,893,904,857,731,632,530,839,1099,799,1180,780,639,823,785,839,660,726,527,451,641,714,566,548,642,731,549,565,493,383,327,366,900,602,626,554,509,495,397,308,433,376,396,353,396,382,497,389,401,436,592,417,316,397,667,497,438,371,309,263,233,272,229,213,376,323,235,330,446,399,308,342,286,350,285,242,349,285,356,311,280,237,218,276,242,230,336,279,259,239,192,339,302,262,230,201,177,155,139,129,124,107,162,121,159,151,137,530,309,283,270,210,195,182,263,194,157,137,130,616,384,276,362,402,332,260,236,226,200,183,173,158,149,138,131,125,118,114,150,135,127,123,114,108,104,99,92,87,80,79,76,73,71,69,67,63,62,60,55,53,53,52,52,48,45,43,42,42,40,38,37,37,34,33,31,31,31,31,30,28,28,27,26,25,25,22,20,20,19,19,18,17,16,16,14,14,14,13,13,12,11,11,11,10,10,7,7,3,3,3,3,3,3,3,3,2,2,1,1,1,1,1,1
code	8	12	32	card	4999,3875,3269,2901,2477,2022,1654,1446,1199,1081,947,888,813,720,676,630,570,507,474,446,420,397,369,353,333,299,286,273,259,239,225,211,183,171,163,148,138,126,111,101,92,83,74,69,63,58,52,48,44,40,36,30,28,23,19,18,15,12,9,5,4,1,1,0,0,0,0,0,0,0
code	8	12	33	host	20746,17525,14395,11376,7697,6572,4972,5130,5247,5170,4389,4024,3343,3727,3416,3400,3004,2738,2300,2482,2405,2369,1597,1599,1538,2026,1449,1854,1455,1399,1662,1402,1175,1485,1245,852,1090,1172,946,1211,1473,1420,1218,1249,1177,937,1031,945,1051,1310,924,699,888,1017,710,648,670,580,852,802,729,574,522,571,719,448,404,603,438,415,516,803,709,503,413,433,327,357,455,632,529,377,324,377,543,447,535,404,445,330,473,320,238,252,319,266,321,277,305,484,389,367,336,263,337,288,278,260,245,204,180,164,144,132,157,1069,1064,234,204,207,247,168,291,264,312,451,926,433,339,285,338,274,245,221,207,187,172,162,148,142,132,124,114,106,101,91,80,235,163,141,115,778,285,173,154,111,100,151,143,109,164,280,237,335,396,315,282,268,256,232,275,244,222,196,182,173,160,154,148,142,136,127,125,122,119,111,109,106,103,97,96,92,90,85,84,83,79,78,76,71,69,63,61,59,59,56,54,53,50,47,45,45,45,41,39,39,38,38,35,34,34,34,32,29,26,25,25,25,23,22,22,21,20,20,17,15,15,14,14,12,12,12,12,11,11,10,9,9,7,7,7,7,6,6,5,4,2,2,1,1,1,1,1,1,1,1,1,1,1,1,1
code	8	12	33	card	16420,9808,5274,4467,3742,2915,2696,2406,2140,1956,1739,1523,1370,1248,1135,1033,989,915,846,805,747,666,627,588,549,507,469,436,381,332,303,272,237,218,192,182,163,147,137,118,110,100,91,81,72,63,60,54,49,46,41,34,30,24,20,18,14,10,8,5,2,1,1,1,0,0,0,0,0,0
code	8	12	34	host	20414,15327,10665,9353,6097,6056,5070,4269,3873,3715,3415,3164,2444,2602,3092,2399,3318,2317,2504,1766,2170,1857,1933,1975,2323,1634,1416,1716,2063,1688,1868,1368,1809,1266,1583,1640,1123,1149,1499,1573,1362,1241,1088,1634,1248,1168,1137,1187,1080,1273,947,1396,1013,974,1004,1102,885,877,725,830,1115,1053,932,2169,713,812,612,960,617,957,655,990,737,688,602,851,558,479,791,775,771,833,604,662,609,598,593,747,587,463,447,322,403,441,647,736,640,483,505,492,439,509,386,446,358,401,501,582,389,356,303,380,296,265,243,215,195,261,362,297,387,694,666,460,388,436,386,340,304,258,227,198,983,391,361,389,331,405,348,293,271,246,225,208,191,175,280,198,179,156,289,240,203,151,132,123,739,202,191,166,139,132,122,115,103,100,91,194,302,188,432,332,357,298,279,257,278,245,224,354,316,281,249,234,220,205,367,275,228,214,186,171,250,208,164,151,140,131,126,120,115,110,105,104,100,94,92,90,86,85,82,80,74,74,71,67,65,61,61,58,57,54,53,51,50,47,46,43,42,41,41,38,36,36,36,34,32,30,29,29,27,26,25,22,22,22,20,18,18,18,17,16,16,15,14,14,14,14,14,11,11,10,8,7,6,4,4,4,3,3,3,2,2,1,1,1,1,1,1,1,1,1,1,1
code	8	12	34	card	34628,6230,3439,2431,2094,1672,1447,1270,1098,1016,915,814,750,708,658,580,542,501,471,439,391,356,321,309,282,268,252,232,217,209,198,185,173,165,154,146,125,112,104,95,88,84,78,70,63,58,55,50,47,44,36,33,29,24,22,18,18,15,11,8,6,4,3,2,2,1,1,0,0,0
code	8	12	35	host	32088,16041,8086,7167,6610,6407,5569,4635,4400,4139,4178,4624,4245,4258,3560,3930,3168,2846,2978,2830,3422,3253,3162,2394,2761,2319,2437,1875,2055,2179,2231,1367,2110,1468,1614,1569,2287,1255,1586,1372,1207,1157,1457,1115,1034,1010,802,1166,1050,907,1115,993,708,739,1029,787,981,750,704,808,600,1028,762,717,788,674,656,672,827,616,573,311,442,1039,797,625,839,523,495,520,497,394,625,394,593,670,515,644,659,530,517,456,410,540,422,323,272,322,273,197,311,414,559,527,474,551,458,346,314,342,343,289,252,216,201,185,160,228,212,260,231,164,532,217,191,167,220,371,321,364,372,317,285,253,458,328,295,272,245,217,266,244,211,196,182,174,202,196,174,154,144,139,131,122,112,105,94,89,206,132,201,140,123,106,247,182,151,146,137,298,192,176,804,561,395,325,286,248,305,262,245,293,250,232,218,189,175,269,297,236,195,188,177,166,156,151,149,138,133,131,125,122,116,115,112,107,105,100,96,92,91,90,87,85,82,79,78,76,72,72,69,65,64,62,59,57,55,53,51,49,46,46,46,42,41,40,38,37,35,35,35,33,33,31,31,29,27,27,25,25,23,22,22,22,21,20,17,17,17,17,17,16,15,14,13,12,10,10,8,8,8,7,7,6,6,5,4,4,3,2,2,1,1,1,1,1,1,1,1,1,1,1
code	8	12	35	card	15991,11232,3642,2842,2019,1737,1315,1071,945,880,774,677,535,498,461,418,377,356,325,291,266,234,220,206,195,173,154,144,132,122,115,111,103,95,89,85,77,69,64,61,56,52,48,42,39,35,33,31,24,21,19,18,16,14,12,6,5,3,2,1,1,0,0,0,0,0,0,0,0,0
code	8	12	36	host	10990,7814,6204,6199,6514,4753,4436,4237,3855,3859,4356,3368,3104,3717,2904,2423,2673,2771,2895,2829,2519,2435,2225,1887,2086,2371,1990,1645,2066,2285,2196,1800,2003,2023,2222,1900,2148,1568,1663,1627,2449,1383,1269,1163,1746,1280,1547,1413,1423,1533,1487,1179,1517,1574,1090,1051,1040,1094,834,1936,1687,1055,734,895,900,868,1147,1139,869,998,824,958,1020,877,669,775,743,1015,884,1026,644,598,843,642,559,708,637,578,605,610,599,544,548,436,366,480,1077,1011,888,806,617,511,549,454,595,533,442,368,441,406,383,621,914,666,522,484,443,351,307,343,303,251,353,523,366,367,313,357,294,324,276,255,224,198,280,320,465,324,384,305,327,260,219,205,194,182,167,272,254,318,259,304,369,277,223,212,264,258,237,192,176,159,140,125,111,314,416,323,256,220,196,236,216,194,180,157,144,138,131,295,256,163,252,221,209,195,313,180,172,224,183,164,156,260,299,220,189,182,171,155,149,139,128,118,115,110,108,102,97,94,90,88,85,83,80,75,71,70,69,65,64,61,56,54,51,48,47,46,46,44,42,42,40,38,34,32,31,31,31,30,29,27,27,25,24,22,22,20,19,18,17,17,16,16,16,15,14,12,12,10,9,9,7,7,6,6,5,5,5,4,3,2,1,1,1,1
code	8	12	36	card	19201,7930,6116,3989,3233,2675,2408,2028,1841,1682,1527,1358,1246,1141,1078,1041,984,911,846,780,723,679,619,588,547,506,464,433,409,386,346,307,285,265,246,226,203,187,172,156,143,132,122,112,99,94,88,79,67,62,55,49,44,39,33,29,25,20,19,14,13,6,3,2,1,0,0,0,0,0
code	8	12	37	host	18327,12162,12197,9582,6750,4990,5770,5067,4681,4140,3988,3846,3765,3448,3478,3411,2852,2550,2873,1999,2600,2465,2504,2184,1908,2006,1967,2666,1734,1710,1847,1727,1628,1823,1395,1703,1601,1514,1288,1348,1302,1245,1592,1232,1628,1559,1146,1150,1380,1006,729,895,1374,1378,1175,1068,1261,884,781,668,760,1087,987,1185,1295,1043,1135,700,643,560,727,507,2010,1116,1062,848,657,754,796,696,483,567,962,680,601,540,857,662,610,623,438,311,648,442,593,738,556,477,527,633,706,683,533,434,356,326,374,427,274,233,285,388,477,604,534,377,547,376,617,497,421,370,315,376,292,255,308,274,265,372,326,262,338,330,399,449,383,335,351,317,273,244,220,204,234,214,192,169,242,223,287,257,238,240,309,257,228,209,245,208,297,240,214,200,242,223,214,198,185,200,170,166,157,151,141,132,125,120,113,103,202,178,162,311,241,203,186,223,185,177,431,324,235,187,170,278,246,224,251,212,189,176,165,156,144,141,131,126,122,113,110,106,101,96,94,89,85,83,79,77,73,71,68,63,62,60,59,59,54,51,51,50,47,47,44,43,41,38,36,36,34,33,32,30,29,28,28,28,26,26,24,22,22,21,19,17,17,16,16,15,14,12,11,11,10,9,8,7,7,7,6,5,4,3,3,3,1,1,1,1,1,1
code	8	12	37	card	6585,5655,4258,3266,2705,2307,2058,1958,1751,1591,1524,1389,1343,1240,1170,1117,1046,962,877,802,749,687,645,606,558,514,484,463,436,414,382,372,351,332,313,296,278,256,239,226,213,201,189,173,163,152,143,134,123,115,106,98,90,83,79,72,64,63,54,45,39,30,23,19,13,10,6,3,0,0
code	8	12	38	host	23506,18253,13493,9171,6538,5920,4619,4527,4419,4275,3680,3006,4263,3355,3210,3278,2990,2758,3058,2941,2602,2625,2500,2498,1911,2108,1864,1754,2448,2589,2300,2133,1840,1834,1510,1768,1890,1557,1868,1576,1418,1399,1618,1529,1529,1525,1443,1190,1419,1485,1391,1110,1485,1089,1008,1347,1088,1250,1335,1284,956,717,1318,969,1212,1074,1047,758,727,778,884,810,749,706,1009,828,937,762,611,802,934,776,552,483,752,875,723,687,643,477,669,535,478,363,412,404,436,501,431,428,397,639,592,488,670,375,301,306,285,304,248,222,193,278,316,503,428,412,395,354,316,273,425,398,439,324,264,565,402,394,353,311,276,262,240,196,172,153,190,174,223,181,269,247,381,335,263,238,215,510,265,234,211,197,172,308,301,266,229,190,182,165,146,139,122,111,273,278,243,204,196,180,167,157,277,320,292,642,440,337,261,382,269,228,217,206,193,180,173,159,155,150,142,139,129,120,152,141,133,124,117,112,147,137,127,119,116,113,98,96,134,122,119,113,99,89,87,83,77,72,70,68,65,62,59,57,56,54,50,49,46,42,42,39,37,35,34,33,33,30,28,28,26,25,24,22,21,19,19,18,15,15,15,14,14,13,12,12,12,10,9,9,8,8,7,6,5,5,3,2,2,2,2,2,1,1,1,1
code	8	12	38	card	6982,3304,2720,2492,2110,1955,1848,1661,1507,1387,1287,1148,1031,907,828,740,634,540,502,472,427,369,341,302,277,252,240,218,203,196,176,167,157,145,135,125,115,110,105,98,90,81,77,74,72,67,62,56,52,44,40,36,32,30,28,25,18,17,13,11,8,6,2,1,1,0,0,0,0,0
code	8	12	39	host	17741,10936,9698,8395,6125,6715,6330,4608,5164,4563,4893,3456,3743,4000,3606,3955,3178,2974,2969,2918,2928,2760,2668,2703,2715,2124,2659,2235,2460,2249,1988,2441,1985,1883,1969,2146,1892,2053,1611,1580,2137,1057,1374,1077,1267,1184,964,1186,1359,1229,1240,970,1062,1043,1457,1352,913,744,955,1020,1180,1236,1115,970,1112,858,912,942,979,1039,927,769,788,807,806,769,870,810,722,819,655,589,703,693,913,701,583,448,553,640,554,460,680,657,720,561,533,616,446,483,471,391,416,671,620,529,496,427,378,340,447,436,339,383,341,264,305,423,323,600,463,318,358,336,297,226,597,425,410,345,380,306,254,243,202,173,152,294,209,181,262,357,639,489,388,341,310,318,271,236,215,210,201,180,217,200,191,177,155,148,138,131,116,139,128,196,346,234,216,199,178,154,145,132,119,112,102,181,151,231,211,507,379,403,323,227,172,161,199,187,173,151,201,187,155,136,124,112,106,152,140,130,113,105,101,96,89,87,84,82,79,76,73,69,68,65,62,60,59,59,58,57,54,49,48,46,45,42,40,38,37,36,35,34,33,33,31,30,29,27,26,23,21,20,20,19,19,18,17,15,14,12,11,11,10,10,10,10,10,9,9,8,8,7,6,6,4,4,4,4,4,2,1,1,1,1
code	8	12	39	card	4659,4222,3550,3088,2675,2473,2225,1964,1780,1678,1609,1498,1399,1335,1227,1064,1015,913,812,760,711,672,634,569,523,493,463,446,390,372,350,311,284,266,245,217,192,175,163,151,140,132,122,112,105,98,86,79,73,68,61,55,48,38,33,29,21,19,11,10,5,4,2,1,1,0,0,0,0,0
korean	1	96	0	host	44588,19047,13071,8474,7269,6210,5608,4969,4511,4123,3796,3516,3307,3076,2905,2739,2598,2480,2381,2310,2224,2146,2086,2035,1977,1919,1875,1833,1797,1762,1730,1695,1657,1632,1601,1572,1537,1515,1488,1457,1426,1402,1383,1359,1336,1322,1305,1288,1264,1243,1225,1213,1196,1183,1167,1155,1141,1115,1105,1094,1083,1067,1055,1042,1029,1011,1000,988,984,967,956,945,932,919,909,901,890,875,868,859,850,840,833,823,816,810,803,787,775,765,757,752,744,738,723,720,713,701,690,684,676,668,663,656,644,635,631,630,621,612,606,599,591,586,582,576,570,563,556,550,547,543,535,529,519,513,506,498,495,490,487,482,477,470,467,462,458,451,447,444,443,437,429,422,416,411,407,402,399,397,393,389,386,380,379,378,376,374,367,361,355,354,347,345,338,333,327,322,317,312,309,307,304,301,299,294,290,287,287,285,283,282,281,280,280,275,274,273,265,264,259,255,252,243,240,237,231,226,224,221,215,210,207,205,205,203,201,200,198,196,192,190,189,187,186,186,185,185,184,183,182,181,180,176,173,171,169,167,162,159,153,149,147,144,141,140,134,129,125,121,116,114,113,108,105,104,102,101,100,99,98,98,98,98,98,98,97,97,97,97,97,96,96,96,95,94,94,93,92,88,86,86,86,84,82,79,78,75,72,70,67,62,60,57,53,49,45,39,35,30,23,18,15,14,13,12,10,9,5,5,4,4,3,2,2,1,1,1,1,1,1,1,1
korean	1	96	1	host	33591,17610,12454,9122,7612,6687,5979,5483,5118,4747,4425,4169,3901,3695,3488,3335,3184,3033,2913,2818,2727,2639,2548,2474,2402,2319,2270,2204,2160,2102,2038,2001,1953,1908,1855,1817,1774,1728,1682,1656,1622,1583,1549,1516,1491,1462,1436,1408,1383,1357,1334,1308,1274,1256,1232,1212,1199,1178,1156,1144,1126,1109,1095,1077,1057,1040,1022,1011,994,978,966,949,940,934,922,911,889,883,873,855,842,834,825,819,810,803,792,784,766,758,749,735,727,718,709,707,699,684,675,666,658,644,637,633,625,619,613,601,590,583,576,573,565,557,549,540,531,526,522,512,505,503,499,493,486,481,477,475,467,459,458,449,439,436,429,424,419,414,410,403,399,395,387,386,383,379,374,370,366,358,355,352,347,343,337,334,332,326,319,314,311,307,302,298,295,289,287,286,286,284,281,280,273,270,269,268,268,264,260,256,250,246,241,237,231,229,227,222,218,215,212,211,208,203,202,200,199,199,197,196,192,192,191,190,189,187,185,184,184,183,181,178,173,172,170,168,165,159,156,153,147,142,133,131,127,125,122,119,117,115,114,113,112,110,110,110,108,105,103,102,101,101,101,100,99,98,98,98,98,98,98,97,96,96,96,96,96,94,93,93,93,93,91,91,89,87,86,86,83,78,72,67,64,60,54,49,44,40,39,34,34,29,26,26,25,20,19,17,13,10,9,6,6,5,5,4,4,3,3,2,2,2,2,2,2,1,1,1,1,1
korean	1	96	2	host	43387,15409,12076,10122,8936,7997,7221,6468,5736,5197,4733,4296,4008,3729,3520,3313,3169,3018,2893,2785,2684,2563,2449,2351,2276,2187,2086,2015,1940,1872,1810,1737,1689,1641,1584,1532,1482,1438,1399,1365,1317,1281,1252,1218,1199,1169,1137,1106,1077,1055,1032,1004,980,956,936,920,895,874,854,838,818,798,784,763,754,734,726,707,696,673,663,649,639,625,617,604,587,574,566,555,546,534,526,517,505,493,483,468,460,455,446,441,433,428,423,414,407,392,384,378,368,363,358,354,352,346,342,337,334,327,322,314,305,297,288,282,278,276,270,267,266,263,261,254,252,244,238,236,231,223,221,217,208,203,202,198,198,192,191,188,185,184,180,178,175,171,167,163,159,157,151,148,145,144,136,130,128,124,123,122,118,114,110,109,105,103,102,101,100,100,100,100,100,100,99,99,98,96,95,95,92,90,87,86,83,82,79,78,77,75,71,68,68,65,64,61,55,49,46,45,41,35,35,32,28,21,19,17,16,15,14,14,11,9,6,5,4,3,2,2,1,1,1
korean	1	96	2	card	5075,3610,2904,2462,2088,1806,1573,1376,1248,1132,1031,948,865,808,755,706,661,607,564,530,491,463,433,407,376,352,335,314,295,270,261,242,232,215,194,184,172,163,152,137,127,117,103,95,88,77,68,56,48,31,22,14,9,5,3,1,0,0,0,0,0,0,0,0,0,0,0,0,0,0,0
korean	1	96	3	host	34256,20530,15572,12770,10675,9104,7811,6787,5906,5212,4610,4153,3813,3554,3284,3079,2900,2734,2601,2461,2319,2183,2095,2008,1939,1867,1808,1746,1688,1638,1579,1534,1494,1453,1425,1384,1345,1309,1282,1249,1225,1198,1177,1152,1125,1103,1075,1054,1037,1013,991,971,954,938,916,901,878,860,841,830,810,789,774,761,747,729,714,703,692,678,662,646,633,624,609,604,589,578,566,558,542,530,518,508,497,489,478,470,462,458,453,445,432,420,409,401,397,386,384,375,368,358,352,348,342,333,331,327,320,313,306,294,283,279,272,266,264,258,252,248,246,239,237,231,225,222,220,215,211,206,203,200,195,192,188,182,180,176,173,170,164,163,159,149,145,141,139,137,134,132,126,122,120,117,115,112,110,109,107,104,102,101,100,100,97,96,94,92,92,89,89,87,85,82,80,79,79,76,74,74,69,68,63,60,58,54,50,44,40,34,30,27,23,22,20,20,18,14,12,10,9,9,8,8,6,4,3,3,2,2,2,2,1,1
korean	1	96	3	card	10178,6266,3937,2906,2242,1866,1530,1299,1134,1001,889,775,708,637,579,530,491,445,403,365,345,315,283,256,228,214,202,189,167,152,142,127,118,109,97,92,80,67,60,48,40,31,22,15,9,7,3,1,1,1,0,0,0,0,0,0,0,0,0,0,0,0,0,0,0,0,0,0,0,0,0
korean	1	96	4	host	35192,24814,18344,10696,8593,7254,6387,5562,5057,4586,4232,3940,3643,3389,3134,2960,2826,2687,2558,2445,2330,2248,2157,2076,2016,1938,1883,1837,1783,1734,1678,1645,1598,1557,1525,1477,1441,1408,1372,1336,1299,1272,1243,1220,1195,1162,1136,1109,1083,1068,1048,1022,997,977,954,936,915,899,879,863,845,836,812,796,780,766,752,742,727,712,700,693,673,657,647,634,621,613,605,594,579,566,559,544,539,525,515,506,500,492,483,476,469,459,446,436,430,426,416,411,407,400,391,387,377,371,366,359,355,345,338,332,329,324,317,310,303,299,291,281,279,275,272,268,261,256,253,250,246,239,235,231,226,221,218,217,215,212,210,206,203,198,192,188,183,178,173,172,169,168,165,163,157,154,145,142,135,133,129,127,126,125,125,119,118,114,111,109,105,105,103,103,103,100,99,98,92,92,90,89,89,88,87,86,85,81,78,76,73,70,70,67,65,60,59,54,50,45,43,36,34,32,27,23,22,19,17,14,12,11,9,8,7,5,4,4,4,2,2,2,1,1,1,1,1
korean	1	96	4	card	6844,4104,3043,2460,2174,1804,1616,1485,1337,1211,1114,984,898,830,745,686,613,549,499,453,403,374,344,317,290,262,241,220,194,177,167,151,136,126,113,105,96,84,73,65,55,45,42,31,22,14,10,6,3,2,1,0,0,0,0,0,0,0,0,0,0,0,0,0,0,0,0,0,0,0,0
korean	1	96	5	host	25859,18732,15550,12259,8759,7321,6321,5648,5086,4679,4318,4063,3811,3570,3357,3174,3026,2899,2768,2665,2554,2455,2364,2269,2189,2108,2053,1990,1923,1866,1803,1737,1692,1649,1593,1556,1510,1472,1438,1401,1371,1334,1301,1268,1241,1211,1179,1157,1132,1105,1075,1063,1043,1014,988,966,947,925,907,891,883,863,841,818,808,795,786,772,753,738,722,706,693,681,669,653,639,628,624,608,600,590,580,572,559,544,532,529,519,511,500,490,479,472,469,464,454,443,433,428,421,415,410,401,394,387,383,377,367,360,355,348,337,332,324,320,313,306,302,301,300,295,289,283,279,274,272,266,262,256,252,249,245,239,233,231,225,220,215,210,207,200,197,193,189,188,185,181,178,175,174,172,168,167,164,159,153,149,148,144,142,139,136,132,131,126,122,121,118,115,114,110,109,107,104,101,98,97,94,94,94,93,93,93,92,91,90,89,88,88,85,80,79,79,75,73,71,68,66,60,59,59,53,51,45,43,43,40,37,30,28,24,22,19,16,12,11,10,7,6,5,4,3,1,1,1
korean	1	96	5	card	8173,5417,3663,2899,2394,2037,1761,1605,1475,1316,1193,1096,1004,929,863,800,744,694,658,622,571,528,498,463,426,392,364,335,312,290,266,248,227,207,192,180,166,144,127,117,107,102,96,91,81,62,50,43,34,27,20,11,7,5,1,0,0,0,0,0,0,0,0,0,0,0,0,0,0,0,0
korean	1	96	6	host	23898,16507,12885,10436,8905,7737,6812,6044,5417,4947,4522,4145,3838,3596,3370,3195,3021,2869,2750,2626,2537,2447,2356,2269,2198,2105,2035,1959,1898,1846,1789,1725,1681,1632,1584,1533,1496,1452,1410,1372,1332,1296,1260,1227,1201,1174,1136,1099,1070,1038,1014,985,958,941,916,891,876,846,828,809,791,766,753,734,718,695,683,672,658,645,626,616,601,589,571,557,539,531,518,506,498,484,476,460,454,442,431,424,409,396,388,382,374,365,357,349,343,334,326,315,310,305,302,294,290,281,275,271,265,257,247,239,233,226,220,217,216,211,208,204,200,197,196,192,190,188,184,175,170,166,159,156,153,146,142,139,135,131,126,124,123,122,117,115,114,111,110,108,107,105,104,102,100,99,99,95,92,92,92,89,87,85,82,82,82,82,77,75,72,66,62,58,52,48,43,39,35,34,33,32,28,25,23,21,19,19,19,16,15,15,12,12,11,7,6,4,3,3,1
korean	1	96	6	card	16024,8919,6289,4740,3893,3162,2646,2307,2008,1738,1500,1289,1135,1014,925,833,763,676,613,572,510,476,445,409,361,331,305,275,260,238,223,197,178,160,147,138,113,107,100,88,80,69,52,43,37,30,21,15,10,6,2,1,1,0,0,0,0,0,0,0,0,0,0,0,0,0,0,0,0,0,0
korean	1	96	7	host	29289,22728,17365,13853,11361,8923,7407,6344,5561,5006,4504,4042,3754,3471,3229,2997,2832,2683,2540,2424,2320,2204,2100,1994,1923,1844,1768,1710,1632,1576,1522,1470,1437,1384,1332,1303,1276,1235,1201,1170,1129,1106,1074,1046,1019,992,969,939,916,886,865,844,833,815,797,780,763,749,730,707,686,669,653,639,626,608,597,582,564,552,537,520,507,498,486,476,466,453,444,435,427,419,406,396,387,373,364,356,347,341,334,328,320,310,304,299,290,282,271,263,259,254,248,241,232,225,220,214,210,208,203,198,193,187,181,178,174,172,166,161,155,151,145,141,130,125,117,113,109,107,105,104,102,100,98,98,98,98,95,94,94,93,92,92,92,90,87,83,81,80,78,74,68,65,62,57,54,46,38,36,32,28,20,18,16,14,10,9,9,7,7,5,5,1,1
korean	1	96	7	card	16630,8741,6233,4481,3181,2347,1849,1576,1368,1211,1054,953,874,785,707,650,602,549,489,448,407,366,330,305,269,250,221,201,179,160,143,127,114,103,95,88,76,62,46,36,29,18,8,5,3,2,0,0,0,0,0,0,0,0,0,0,0,0,0,0,0,0,0,0,0,0,0,0,0,0,0
korean	1	96	8	host	22364,14804,10925,8538,7364,6533,5759,5305,4923,4513,4216,3931,3732,3543,3361,3190,3082,2967,2830,2708,2602,2513,2418,2335,2251,2178,2107,2044,1986,1931,1869,1820,1763,1728,1682,1631,1596,1563,1533,1502,1460,1427,1397,1369,1332,1298,1272,1247,1210,1190,1165,1132,1112,1088,1062,1042,1024,1006,986,961,946,926,912,892,871,848,834,825,807,790,775,758,744,735,718,703,690,675,659,644,636,631,620,605,590,580,563,550,538,528,520,510,500,490,479,470,462,451,443,434,424,413,403,396,389,378,371,365,356,347,343,332,322,314,306,301,296,291,283,277,270,263,255,250,244,239,234,232,224,211,209,204,201,197,189,188,182,175,169,163,159,151,149,145,143,139,137,134,129,126,123,119,119,118,115,112,109,107,104,102,98,97,93,92,90,87,84,78,74,72,70,69,67,62,61,57,56,52,48,42,38,37,35,34,33,27,23,22,21,19,17,14,13,11,9,8,7,5,2,1,1,1,1
korean	1	96	8	card	21930,15361,4395,2725,2259,1857,1641,1471,1350,1232,1127,1013,910,829,756,681,612,546,501,455,411,377,344,317,288,263,231,213,193,174,158,138,121,109,94,90,82,73,59,51,40,30,21,18,8,6,4,2,0,0,0,0,0,0,0,0,0,0,0,0,0,0,0,0,0,0,0,0,0,0,0
korean	1	96	9	host	29592,19281,15016,11743,9761,8295,7033,6318,5668,5131,4666,4269,3967,3743,3499,3301,3136,3001,2850,2726,2593,2509,2428,2356,2291,2225,2161,2096,2030,1971,1910,1853,1805,1754,1706,1662,1622,1573,1532,1496,1471,1432,1394,1361,1335,1303,1268,1245,1222,1191,1159,1137,1114,1086,1059,1042,1022,996,973,958,939,917,898,882,868,857,837,822,806,791,780,762,748,733,717,706,687,675,664,651,642,627,612,598,590,577,567,556,549,540,529,513,502,491,483,475,470,457,451,440,431,424,414,408,395,389,384,381,375,365,359,348,344,337,328,318,315,312,308,300,294,285,282,277,272,267,261,256,250,245,237,231,229,225,220,216,215,209,203,201,195,190,187,181,178,176,175,171,166,163,159,155,150,144,138,133,128,126,125,118,113,111,103,103,102,100,99,97,95,94,90,89,86,86,86,84,84,83,80,79,77,75,71,68,68,65,60,56,54,50,46,44,42,36,33,25,25,23,22,20,17,16,13,10,9,6,6,6,6,6,4,3,2,2,2,2
korean	1	96	9	card	6153,3775,2944,2499,2116,1852,1598,1386,1244,1115,990,888,790,702,624,557,497,455,411,363,333,307,275,252,224,205,181,171,156,137,121,106,91,82,71,64,59,49,37,28,21,15,9,6,3,1,1,0,0,0,0,0,0,0,0,0,0,0,0,0,0,0,0,0,0,0,0,0,0,0,0
korean	1	96	10	host	21830,16099,12220,10288,8844,7791,6993,6349,5892,5479,5101,4802,4483,4256,4013,3783,3593,3454,3321,3197,3040,2904,2801,2706,2611,2503,2431,2351,2275,2195,2136,2072,2002,1951,1891,1842,1788,1740,1686,1646,1615,1573,1532,1486,1455,1422,1387,1359,1321,1295,1256,1242,1218,1190,1154,1130,1106,1081,1058,1040,1022,1003,975,955,931,917,900,876,861,841,824,806,790,775,758,745,733,710,694,684,674,664,656,638,623,612,598,590,580,565,555,545,534,522,509,502,491,482,472,463,452,448,436,426,412,402,396,391,385,383,376,368,359,349,341,333,325,317,315,310,304,298,294,290,284,274,267,261,252,250,243,238,230,227,223,217,206,204,200,197,196,191,187,187,182,179,176,173,170,165,160,158,154,150,147,141,136,127,125,122,117,115,111,109,107,103,102,101,97,97,94,94,91,90,90,89,88,84,84,84,81,79,73,70,69,68,67,65,64,60,56,50,44,44,39,33,30,26,23,20,17,14,14,12,11,10,9,9,7,7,3,1
korean	1	96	10	card	5830,3715,2870,2391,2076,1805,1562,1374,1245,1128,1025,944,860,781,726,665,613,560,513,471,433,402,370,347,320,287,267,241,223,206,188,172,157,139,123,111,102,90,78,70,65,56,46,36,21,10,6,4,2,1,0,0,0,0,0,0,0,0,0,0,0,0,0,0,0,0,0,0,0,0
korean	1	96	11	host	18902,13368,10637,8885,7601,6843,6273,5791,5377,4990,4691,4452,4188,3925,3739,3555,3377,3246,3100,2987,2891,2785,2697,2598,2533,2442,2362,2294,2211,2147,2085,2024,1965,1919,1872,1823,1771,1736,1687,1648,1600,1564,1533,1495,1463,1426,1392,1350,1328,1300,1270,1242,1217,1194,1172,1144,1113,1087,1061,1043,1016,995,972,951,931,913,891,867,843,828,817,797,783,764,748,732,716,700,683,667,655,646,629,622,608,589,579,567,555,543,534,527,513,500,485,472,465,461,449,438,432,419,412,403,396,388,379,373,365,356,345,337,331,324,319,314,312,305,298,293,287,285,273,270,264,257,249,241,231,225,220,220,214,214,210,205,202,201,195,194,187,187,179,174,168,165,159,156,152,148,143,138,137,134,131,130,128,125,121,118,115,112,108,105,104,102,99,99,97,94,92,90,88,85,83,78,74,70,70,68,66,64,61,58,56,55,52,50,46,45,41,38,37,36,34,29,25,24,20,18,15,13,12,9,9,6,6,3,2,1
korean	1	96	11	card	14433,7893,4112,2977,2410,2078,1824,1606,1437,1298,1202,1128,1047,969,904,828,766,714,660,608,567,525,477,435,395,366,337,303,264,238,218,205,180,167,149,134,117,104,89,83,76,64,52,38,26,19,13,6,2,2,1,1,1,0,0,0,0,0,0,0,0,0,0,0,0,0,0,0,0,0
korean	1	96	12	host	17077,12759,10758,9125,8129,7151,6403,5927,5374,4985,4702,4434,4194,3972,3776,3587,3404,3244,3076,2948,2802,2680,2599,2490,2396,2311,2233,2164,2098,2037,1980,1908,1845,1797,1753,1706,1658,1610,1571,1537,1501,1462,1426,1387,1352,1327,1297,1265,1239,1211,1185,1162,1135,1113,1087,1071,1046,1021,1005,986,966,944,932,916,901,881,868,849,828,813,802,790,780,769,755,735,721,707,697,681,674,664,649,640,626,617,604,594,584,572,563,553,543,532,523,511,504,497,494,487,480,469,457,447,434,429,420,412,405,401,392,385,380,373,361,357,351,344,334,326,321,315,307,300,297,293,289,287,281,274,267,261,257,251,245,243,239,235,228,223,215,212,207,204,198,197,191,188,185,183,177,174,169,163,161,156,154,153,145,141,132,130,129,125,122,118,116,114,111,109,106,105,101,99,98,97,96,96,94,92,91,90,88,86,85,84,82,78,77,74,72,68,66,62,57,51,47,44,37,34,30,29,26,23,20,19,19,17,14,13,11,7,5,4,3,2,1,1,1
korean	1	96	12	card	9523,6273,4749,3789,3169,2747,2411,2117,1849,1640,1487,1333,1235,1128,1036,972,897,831,771,713,656,610,572,529,483,445,415,370,346,308,283,261,237,211,194,177,164,148,133,119,110,102,91,74,64,44,34,19,16,15,10,4,2,1,0,0,0,0,0,0,0,0,0,0,0,0,0,0,0,0
korean	1	96	13	host	32995,12595,8147,6574,5862,5409,5004,4720,4409,4164,3928,3748,3563,3416,3235,3059,2944,2829,2726,2642,2557,2486,2406,2323,2250,2188,2118,2053,1992,1944,1891,1841,1806,1748,1700,1654,1628,1583,1545,1524,1486,1464,1430,1396,1364,1339,1320,1292,1259,1234,1215,1198,1171,1155,1134,1113,1093,1074,1052,1037,1015,995,983,966,953,937,921,897,886,871,858,845,828,812,796,789,770,755,746,737,731,722,706,700,692,673,663,650,638,628,617,609,604,595,580,571,563,556,545,540,529,519,509,497,488,484,481,471,462,456,449,440,434,423,417,407,400,393,385,378,373,368,360,355,352,347,340,336,330,324,318,315,308,303,292,287,281,280,275,267,262,258,254,246,241,236,231,227,221,217,214,210,209,206,202,200,198,195,189,184,180,175,169,168,162,159,151,147,145,140,137,135,131,127,123,118,114,112,110,107,106,105,101,100,97,97,97,96,95,95,93,91,91,90,90,86,86,83,81,78,74,72,66,62,60,56,52,48,46,37,34,30,27,26,19,16,15,13,13,11,10,9,5,4,3,1,1
korean	1	96	13	card	9504,6684,5104,3837,3092,2593,2286,1987,1733,1539,1405,1280,1132,1021,923,850,764,696,635,593,547,504,467,431,398,374,351,323,290,264,242,222,203,188,170,154,136,123,114,101,88,71,62,51,40,22,18,9,4,1,0,0,0,0,0,0,0,0,0,0,0,0,0,0,0,0,0,0,0,0
korean	1	96	14	host	23376,19097,13832,11114,9404,8244,7328,6553,6022,5466,5086,4701,4415,4061,3860,3679,3480,3301,3138,2988,2856,2716,2601,2501,2413,2320,2244,2164,2105,2026,1966,1906,1837,1783,1726,1665,1620,1573,1531,1491,1451,1412,1382,1348,1313,1281,1242,1206,1182,1149,1120,1098,1065,1043,1025,1004,976,962,936,914,897,877,859,838,817,797,783,760,749,730,718,694,684,676,663,644,632,617,601,591,579,570,560,542,532,522,511,499,487,478,470,461,454,440,427,419,413,404,396,387,373,370,356,346,341,334,326,319,314,308,299,291,285,275,272,267,254,248,240,234,231,227,223,219,212,210,205,201,196,190,177,175,172,168,163,157,153,148,144,140,133,129,126,121,114,112,108,107,107,106,105,100,99,98,95,94,93,90,89,86,86,85,82,80,76,72,67,64,61,60,56,53,45,39,37,36,31,25,17,14,8,6,6,4,4,3,3,2,1,1
korean	1	96	14	card	6463,4573,3707,3183,2768,2462,2210,1941,1725,1557,1402,1254,1131,1028,940,850,758,684,610,556,491,450,412,379,339,308,283,263,228,207,186,164,146,129,119,111,96,81,67,60,38,30,22,13,8,4,1,0,0,0,0,0,0,0,0,0,0,0,0,0,0,0,0,0,0,0,0,0,0,0
korean	1	96	15	host	47709,11443,8034,6711,5740,5132,4567,4207,3843,3565,3309,3127,2960,2812,2660,2533,2420,2322,2221,2154,2085,2018,1958,1900,1829,1766,1709,1662,1614,1575,1533,1494,1452,1412,1385,1354,1320,1287,1259,1229,1208,1188,1158,1136,1106,1085,1064,1043,1024,1000,980,969,953,929,915,897,877,862,849,833,815,804,792,781,758,746,737,724,713,704,692,678,668,656,645,632,625,616,605,596,586,574,564,557,547,536,528,521,512,504,492,485,475,469,463,455,443,431,426,422,417,412,408,405,401,392,387,381,373,364,355,350,346,340,334,324,318,314,311,306,304,301,296,290,283,282,279,272,270,266,262,256,248,242,234,230,227,221,216,210,205,202,201,200,195,194,192,190,186,185,181,179,176,174,172,165,161,157,155,152,150,147,145,138,130,122,119,117,116,112,108,107,105,103,101,100,98,98,97,96,95,95,93,93,93,90,89,87,87,86,83,82,80,79,78,73,71,68,64,61,56,50,43,40,36,31,30,25,19,14,12,9,6,6,4,4,4,3,3,3,3,3,2,2,2,2
korean	1	96	15	card	36207,7390,3989,2671,2145,1799,1554,1342,1195,1086,1001,911,834,758,702,649,601,561,514,476,438,405,380,360,327,303,271,255,240,215,191,175,161,143,133,119,107,96,90,81,75,56,42,30,22,15,7,6,4,0,0,0,0,0,0,0,0,0,0,0,0,0,0,0,0,0,0,0,0,0
korean	1	96	16	host	20662,14402,11708,9857,8510,7546,6787,6267,5738,5316,4962,4639,4415,4168,3952,3792,3649,3480,3316,3197,3080,2949,2837,2735,2622,2524,2450,2385,2314,2255,2203,2132,2076,2012,1954,1909,1861,1817,1765,1718,1671,1631,1587,1553,1505,1468,1432,1400,1365,1335,1292,1265,1232,1199,1169,1148,1122,1099,1076,1040,1011,983,960,944,920,904,884,862,842,826,797,783,767,747,729,715,700,677,662,647,633,621,607,592,580,570,554,544,532,523,511,499,489,475,465,453,441,432,421,412,402,392,382,369,365,358,348,341,328,320,313,311,306,296,288,279,273,268,262,253,246,244,235,231,229,224,219,207,201,196,187,185,178,174,169,162,160,157,155,145,142,140,135,132,128,125,121,119,110,107,107,103,101,99,98,94,93,92,89,87,86,83,80,78,75,72,68,66,60,57,52,48,46,43,39,33,31,28,23,20,17,15,13,12,8,8,6,5,3,3,2,2,2,2,1,1
korean	1	96	16	card	10713,5913,3941,2880,2381,2000,1759,1565,1401,1252,1143,1037,925,852,771,701,651,587,550,512,468,419,381,352,324,294,270,233,203,187,168,146,130,117,109,97,82,70,63,57,42,35,29,23,16,13,10,5,1,1,1,0,0,0,0,0,0,0,0,0,0,0,0,0,0,0,0,0,0,0
korean	1	96	17	host	20292,13388,11036,9536,8301,7235,6427,5886,5439,5103,4776,4495,4240,4016,3828,3671,3528,3380,3261,3156,3047,2943,2843,2756,2663,2583,2508,2442,2365,2305,2240,2176,2109,2040,1987,1926,1888,1833,1783,1738,1703,1651,1614,1576,1540,1508,1473,1432,1402,1372,1338,1303,1278,1242,1217,1188,1166,1140,1116,1097,1071,1048,1025,1006,980,967,943,921,902,883,865,850,829,814,803,788,769,748,735,719,708,696,686,670,657,647,631,619,614,604,595,581,566,555,546,533,525,513,499,489,479,472,462,456,447,434,426,421,415,408,400,392,388,379,372,362,357,344,338,330,320,319,309,305,299,297,291,286,281,276,269,261,257,251,239,234,229,221,216,212,206,204,201,198,192,191,190,185,182,181,178,176,168,164,160,154,150,148,138,133,128,120,117,112,111,110,110,105,105,103,101,101,100,98,98,97,97,96,94,91,89,89,87,84,83,80,77,75,71,67,62,61,59,53,48,44,38,34,28,24,20,14,13,12,10,10,7,6,4,4,4,2,2,2,2,2,2,2,1
korean	1	96	17	card	5454,3724,2956,2522,2227,1996,1798,1649,1481,1372,1278,1173,1069,990,922,850,789,739,680,628,592,541,506,451,409,378,348,324,294,265,242,215,201,182,170,147,135,121,108,97,79,69,58,42,35,23,14,9,8,5,2,1,0,0,0,0,0,0,0,0,0,0,0,0,0,0,0,0,0,0
korean	1	96	18	host	19201,12924,10111,8915,7846,6954,6306,5685,5251,4918,4585,4325,4040,3838,3624,3467,3292,3159,2994,2892,2772,2650,2554,2455,2382,2303,2222,2143,2084,2008,1948,1889,1828,1780,1729,1692,1639,1603,1563,1527,1495,1465,1433,1392,1366,1336,1293,1267,1234,1198,1172,1153,1129,1103,1082,1055,1029,1012,995,976,953,925,909,893,875,852,833,818,802,784,772,761,747,729,714,699,683,671,654,639,625,619,612,592,576,567,555,539,529,524,514,500,487,480,474,465,458,445,435,425,418,410,402,394,389,381,378,368,361,355,343,337,329,324,319,308,306,300,295,290,278,275,268,263,260,253,246,237,233,230,225,223,221,214,209,205,201,197,194,191,186,181,176,173,165,156,153,150,145,143,140,136,132,127,126,123,121,117,112,109,108,104,103,103,103,100,97,94,93,92,91,87,84,83,83,82,80,79,76,73,66,63,61,55,51,48,42,36,32,30,29,25,24,20,18,14,12,11,10,8,6,5,5,5,4,3,3,2,2,1,1,1,1
korean	1	96	18	card	14625,7958,5101,3989,3379,2806,2458,2175,1938,1725,1547,1395,1274,1164,1090,992,913,842,761,697,639,584,515,471,430,382,347,314,278,235,217,192,169,155,138,119,103,87,72,65,52,39,26,16,9,2,0,0,0,0,0,0,0,0,0,0,0,0,0,0,0,0,0,0,0,0,0,0,0,0
korean	1	96	19	host	31720,14803,6398,5164,4670,4268,4004,3790,3546,3393,3217,3091,2973,2881,2780,2674,2602,2523,2449,2376,2301,2247,2190,2131,2087,2029,1971,1909,1867,1825,1778,1738,1705,1671,1639,1606,1581,1550,1524,1503,1477,1443,1416,1400,1378,1357,1350,1325,1301,1285,1264,1248,1230,1205,1190,1171,1155,1140,1118,1101,1079,1066,1050,1044,1023,1011,994,972,958,943,930,919,909,896,882,870,857,848,839,826,817,806,797,782,774,767,757,747,737,724,715,704,699,686,680,669,665,657,649,644,631,626,614,604,596,585,579,572,568,563,556,549,546,538,524,517,512,505,496,492,485,478,466,464,459,453,444,441,434,428,423,417,407,403,394,386,381,374,367,366,362,357,356,351,343,337,334,332,325,312,307,304,302,296,293,290,285,281,276,274,271,266,264,256,249,246,245,243,238,231,224,218,215,208,205,203,199,197,193,191,187,184,179,179,178,174,170,169,168,166,164,157,151,146,141,133,130,128,123,119,115,114,108,108,108,104,104,101,99,97,97,95,95,95,93,92,91,91,90,89,88,85,85,83,75,72,68,64,60,57,53,48,42,40,37,31,24,21,19,17,15,12,9,7,5,4,3,3,1,1,1,1,1,1,1,1,1
korean	1	96	19	card	8354,5046,3713,3017,2559,2227,1995,1809,1664,1542,1420,1308,1205,1128,1047,980,918,861,812,771,719,675,635,599,561,526,506,476,451,430,395,376,357,331,310,288,271,258,241,228,208,196,179,169,155,147,139,125,110,100,93,81,71,60,52,41,28,17,10,5,2,2,1,1,1,0,0,0,0,0
korean	1	96	20	host	32718,27436,16069,10243,8305,7033,6130,5609,5129,4662,4243,3922,3658,3424,3207,3018,2851,2684,2565,2442,2358,2255,2166,2077,2002,1920,1838,1775,1694,1626,1562,1508,1466,1420,1371,1342,1295,1255,1217,1187,1150,1115,1084,1054,1028,1008,988,955,934,913,893,876,850,830,809,787,772,754,737,713,694,673,665,648,632,619,604,591,575,559,552,537,523,514,505,495,486,471,460,453,448,434,422,408,402,396,386,381,373,365,359,352,345,336,331,324,319,311,301,291,283,277,274,270,264,259,249,242,240,237,232,227,221,213,211,204,199,194,188,187,182,178,174,167,165,163,158,155,148,147,142,137,130,124,122,115,110,106,104,103,102,99,98,97,96,93,89,87,86,85,83,79,76,73,69,67,66,62,60,58,55,51,49,46,44,39,35,33,29,24,21,19,12,12,11,10,7,7,5,2,2,1,1,1,1,1,1,1
korean	1	96	20	card	15480,8837,4949,3539,2909,2454,2099,1810,1638,1478,1328,1209,1089,999,917,842,777,718,661,593,551,508,472,441,398,361,333,309,282,251,227,212,188,169,148,125,109,95,83,68,43,33,26,15,11,6,3,1,0,0,0,0,0,0,0,0,0,0,0,0,0,0,0,0,0,0,0,0,0,0
korean	1	96	21	host	36282,29276,22904,16874,10357,7863,6462,5657,5105,4649,4318,4009,3751,3547,3326,3147,2980,2828,2691,2578,2449,2311,2227,2126,2045,1963,1892,1824,1759,1701,1649,1600,1551,1502,1450,1404,1368,1326,1298,1265,1229,1201,1164,1141,1122,1088,1060,1026,999,978,962,936,912,889,873,853,832,811,798,779,766,751,734,716,702,689,672,657,646,625,612,594,579,566,558,551,537,526,517,507,494,483,470,459,452,444,439,427,422,412,403,396,383,371,367,358,350,344,340,332,327,321,317,312,296,288,283,277,271,267,266,259,249,247,241,239,237,230,223,213,208,204,197,193,190,187,185,179,171,169,168,163,159,157,155,147,142,134,129,124,119,117,112,110,107,105,104,103,102,101,99,99,97,95,95,94,92,89,89,85,82,81,80,75,70,67,65,60,58,54,52,50,43,38,35,32,29,25,21,16,15,12,11,8,8,8,7,6,6,5,2,2,2,1
korean	1	96	21	card	4433,2911,2365,1980,1759,1588,1395,1237,1122,991,893,809,733,658,615,553,508,461,422,393,357,332,300,279,254,234,211,195,177,161,148,134,120,113,100,90,82,73,64,54,39,33,22,16,10,3,3,0,0,0,0,0,0,0,0,0,0,0,0,0,0,0,0,0,0,0,0,0,0,0
korean	1	96	22	host	33779,28013,19089,13579,10470,8658,7631,6561,6095,5570,5125,4680,4341,4009,3722,3446,3258,3090,2906,2718,2593,2488,2391,2296,2187,2091,2008,1930,1870,1780,1708,1642,1573,1525,1472,1419,1378,1336,1290,1259,1211,1190,1154,1123,1094,1070,1045,1018,997,974,944,917,893,874,859,833,811,795,770,752,732,718,698,684,672,659,645,625,612,595,586,576,563,550,538,526,519,510,493,487,472,462,454,449,440,429,421,413,403,392,384,377,372,368,356,348,338,332,325,313,306,300,289,283,279,278,273,271,265,259,258,250,244,240,233,228,215,211,205,202,198,196,193,190,183,181,177,175,169,167,163,159,155,153,148,140,135,129,125,121,119,116,115,112,108,105,102,98,97,97,95,92,92,92,91,90,90,87,87,83,80,79,77,75,73,73,70,66,63,57,52,45,41,39,33,27,26,25,24,18,17,16,14,10,8,7,6,5,4,4,3,3,3,2,2,1,1
korean	1	96	22	card	7163,4754,3672,2877,2070,1550,1277,1049,907,773,658,578,508,437,388,339,300,269,241,208,183,158,139,134,117,98,89,81,68,56,45,30,26,22,17,14,8,5,3,2,0,0,0,0,0,0,0,0,0,0,0,0,0,0,0,0,0,0,0,0,0,0,0,0,0,0,0,0,0,0
korean	1	96	23	host	41195,19499,14797,11235,9815,9120,8311,7315,6032,5086,4403,3960,3599,3355,3165,3024,2854,2702,2599,2497,2388,2292,2197,2112,2050,1976,1922,1853,1792,1745,1693,1642,1605,1558,1519,1480,1446,1414,1366,1331,1302,1278,1235,1209,1177,1151,1133,1110,1085,1057,1035,1015,991,965,941,921,898,882,861,852,838,816,792,774,765,752,742,724,704,693,682,667,651,640,630,619,609,594,578,569,562,553,539,531,518,510,501,491,481,470,464,458,452,444,443,427,421,412,400,390,384,379,375,370,363,357,349,341,333,329,322,314,308,302,297,295,292,288,285,279,274,266,259,256,253,244,238,232,225,221,218,213,209,204,203,200,196,196,195,193,191,190,187,183,182,178,172,170,169,165,159,150,143,136,130,125,123,121,120,116,113,108,106,105,105,103,103,102,102,102,102,99,98,97,97,96,95,95,95,95,94,94,93,93,92,90,87,83,79,74,73,69,65,64,60,56,50,44,35,33,29,24,19,17,14,12,10,7,6,6,4,4,4,3,3,3,3,3,2,2,2,2,2,2,2,2,2,2,2,2,2,2,2,2,1,1,1,1
korean	1	96	23	card	6505,2992,2266,1818,1624,1417,1257,1122,995,922,859,799,746,688,650,614,581,551,513,490,451,416,387,355,333,315,293,271,259,236,220,207,187,174,160,146,134,121,110,101,89,80,71,62,48,34,21,17,13,10,4,3,1,1,1,1,1,1,1,0,0,0,0,0,0,0,0,0,0,0
korean	1	96	24	host	23069,17608,12733,9583,7867,6781,5952,5163,4688,4239,3935,3624,3413,3207,3004,2849,2711,2562,2389,2283,2174,2095,2006,1922,1856,1786,1725,1657,1600,1539,1492,1435,1393,1343,1297,1251,1219,1172,1140,1118,1089,1061,1034,999,977,952,928,899,879,858,838,815,792,771,751,734,722,701,681,670,651,632,621,605,590,573,558,550,537,527,516,502,485,471,466,458,453,439,424,413,407,401,390,385,378,369,354,347,338,333,327,322,315,307,302,299,290,283,279,273,263,254,248,240,234,229,220,216,214,213,208,204,201,196,187,185,182,180,177,172,167,161,157,155,151,149,142,137,136,124,121,116,110,108,106,104,102,100,99,95,95,94,94,94,92,92,88,86,84,81,80,79,78,77,71,66,62,61,58,56,54,51,46,40,34,28,26,24,21,17,15,12,12,11,8,7,7,5,4,3,3,2,2,2,2,1,1,1,1
korean	1	96	24	card	23437,15717,12472,9286,6125,3843,2848,2338,1984,1652,1453,1258,1123,994,886,787,711,640,574,512,472,424,384,347,318,287,258,230,203,186,169,153,136,118,106,93,82,70,64,53,42,31,25,15,10,4,0,0,0,0,0,0,0,0,0,0,0,0,0,0,0,0,0,0,0,0,0,0,0,0
korean	1	96	25	host	34045,23035,17893,14998,13055,11323,9792,8792,7961,7010,6271,5639,5040,4577,4121,3827,3447,3169,2906,2685,2541,2410,2293,2162,2069,1971,1875,1773,1695,1615,1544,1482,1422,1365,1305,1260,1206,1160,1117,1075,1046,1012,964,943,916,887,856,824,800,775,748,726,704,685,661,641,622,604,584,573,555,537,521,507,495,484,477,467,452,435,427,419,408,401,390,381,366,360,352,345,336,329,319,309,300,296,294,287,280,271,268,258,253,251,244,234,229,223,217,207,204,202,197,191,185,182,178,174,171,163,161,158,151,148,144,136,131,126,122,119,116,114,111,107,105,104,103,100,100,99,98,96,94,92,90,90,88,84,83,81,81,76,75,75,70,66,60,60,60,54,48,44,43,38,33,30,26,23,21,18,14,11,8,6,6,6,6,5,5,5,5,4,3,3,2,1,1
korean	1	96	25	card	10308,6648,4364,3028,2156,1453,1166,907,724,622,533,456,410,361,321,291,254,233,214,192,171,158,137,118,109,100,91,84,71,62,52,43,31,24,21,10,8,6,3,1,0,0,0,0,0,0,0,0,0,0,0,0,0,0,0,0,0,0,0,0,0,0,0,0,0,0,0,0,0,0
korean	1	96	26	host	33906,25565,19217,14510,11316,9214,7844,6692,5952,5297,4695,4228,3876,3588,3323,3085,2858,2650,2491,2328,2202,2061,1947,1837,1753,1668,1591,1517,1443,1384,1320,1276,1227,1178,1124,1082,1052,1023,989,955,926,898,881,853,828,806,783,760,737,717,701,685,661,648,631,614,603,594,573,560,547,534,516,502,491,482,472,466,453,443,429,420,410,400,392,386,381,372,364,360,354,349,339,331,325,316,315,313,304,293,288,284,274,270,263,259,255,250,246,243,236,230,224,217,216,209,205,200,198,194,191,189,185,184,181,180,176,171,170,167,163,154,149,147,140,138,134,128,125,124,120,115,114,110,106,106,105,101,101,101,101,99,98,97,96,96,94,93,93,92,92,89,87,81,80,78,76,69,66,64,62,60,58,57,54,50,46,44,40,38,34,31,29,25,24,21,18,16,14,11,9,5,5,5,5,4,3,3,2,2,2,2,2,2,1,1,1
korean	1	96	26	card	17634,12763,5840,3450,2459,1978,1591,1301,1069,902,754,640,565,504,448,397,349,321,291,261,233,217,197,174,161,138,129,119,109,98,88,74,66,59,52,39,30,21,16,11,7,5,3,2,1,1,0,0,0,0,0,0,0,0,0,0,0,0,0,0,0,0,0,0,0,0,0,0,0,0
korean	1	96	27	host	23419,17216,14366,12180,10640,9353,8393,7547,6963,6384,5797,5205,4758,4390,3993,3719,3437,3191,2931,2741,2576,2402,2241,2134,2028,1936,1859,1775,1716,1631,1576,1516,1469,1425,1390,1347,1304,1266,1227,1194,1160,1134,1091,1065,1035,1006,981,961,928,913,896,870,853,834,814,795,773,759,744,729,715,700,683,669,656,638,629,616,603,591,572,563,549,537,531,521,510,495,485,479,471,463,453,445,436,429,422,412,405,398,392,380,375,371,361,356,349,347,336,330,323,314,309,303,298,291,284,281,278,275,271,267,258,253,246,240,233,231,226,223,221,217,212,207,205,205,204,201,194,192,191,187,184,180,175,174,169,164,161,159,152,148,139,131,127,126,121,117,115,109,107,107,106,101,101,100,99,98,97,96,96,96,95,94,93,92,92,92,90,90,89,88,87,86,83,81,79,75,74,70,65,62,59,56,51,45,41,36,34,26,26,24,21,19,14,12,9,7,7,5,4,2,2,2,2,2,2,2
korean	1	96	27	card	17279,8060,4707,3280,2498,1980,1641,1366,1179,1054,919,817,728,643,581,529,481,443,410,377,346,313,293,271,251,227,209,192,173,156,136,126,114,104,92,85,77,65,52,42,31,21,15,8,4,2,2,1,1,0,0,0,0,0,0,0,0,0,0,0,0,0,0,0,0,0,0,0,0,0
korean	1	96	28	host	31465,26079,21401,16936,12628,10091,8556,7415,6346,5548,4972,4487,4085,3696,3379,3113,2912,2728,2561,2422,2278,2151,2026,1927,1828,1740,1658,1593,1516,1445,1382,1327,1281,1244,1198,1146,1105,1067,1038,1007,968,944,910,879,844,821,802,779,751,735,713,694,673,649,634,620,606,590,578,561,545,535,523,505,492,480,468,459,447,436,427,416,405,396,389,377,369,358,350,344,337,332,325,314,306,300,295,287,282,276,270,266,256,247,245,240,235,232,228,223,211,206,202,198,192,192,188,186,183,179,177,173,169,166,158,154,148,147,145,137,132,129,127,124,123,121,116,113,111,109,104,103,100,99,94,93,92,91,91,90,90,89,89,89,87,83,81,77,73,70,68,64,62,60,56,55,51,49,46,44,39,37,34,33,29,22,20,18,16,13,13,12,9,9,9,7,4,3,2,2,1,1,1,1,1,1,1,1,1,1,1,1,1,1
korean	1	96	28	card	10463,6043,4531,3498,2910,2454,2044,1705,1482,1266,1143,1014,911,824,751,692,619,568,512,466,426,392,359,323,289,266,239,217,193,177,154,138,123,104,92,82,74,62,50,31,26,22,12,11,6,2,0,0,0,0,0,0,0,0,0,0,0,0,0,0,0,0,0,0,0,0,0,0,0,0
korean	1	96	29	host	39567,31045,23878,11599,8449,7145,6328,5474,4890,4459,4033,3721,3451,3187,2974,2811,2649,2509,2355,2214,2083,1985,1896,1835,1756,1681,1616,1547,1500,1450,1410,1365,1321,1275,1247,1210,1177,1151,1123,1087,1060,1042,1015,982,961,939,915,896,881,863,839,821,805,782,773,755,736,718,703,689,683,669,657,639,618,607,600,596,580,562,556,539,529,520,506,499,490,483,473,469,454,445,438,428,419,411,401,395,387,383,378,367,357,348,345,343,338,328,316,310,306,300,297,292,287,279,273,267,264,258,252,248,243,236,228,224,219,215,214,210,209,207,204,201,197,194,189,188,184,180,176,172,166,159,155,150,147,142,141,137,133,132,130,127,125,121,118,116,115,112,112,108,105,103,103,103,101,101,98,97,96,96,95,92,92,92,90,88,87,84,83,81,81,75,75,73,71,68,66,62,62,58,53,49,45,40,32,30,27,26,23,21,18,15,13,10,8,8,8,7,7,4,4,3,2,1,1,1,1,1,1,1,1,1
korean	1	96	29	card	17787,5295,3184,2295,1808,1511,1253,1065,952,837,740,652,579,518,471,424,387,352,315,289,262,242,223,199,185,165,157,144,133,125,114,102,93,81,75,59,54,44,34,29,20,18,13,11,10,7,2,1,1,1,1,0,0,0,0,0,0,0,0,0,0,0,0,0,0,0,0,0,0,0
korean	1	96	30	host	25607,20964,18976,16893,13227,9265,6845,5592,4744,4245,3896,3562,3293,3048,2878,2688,2543,2401,2275,2174,2058,1982,1898,1807,1755,1702,1638,1583,1521,1461,1417,1368,1332,1285,1249,1214,1181,1143,1111,1087,1062,1024,1010,980,956,937,917,893,868,851,834,815,797,777,762,745,729,716,699,684,667,652,637,627,610,599,587,565,552,542,535,523,513,502,492,481,469,462,456,443,435,431,420,411,400,394,386,376,368,361,354,347,340,332,326,320,314,305,298,293,285,277,271,269,265,261,251,249,242,238,233,227,221,218,215,214,208,203,199,194,191,189,187,181,177,170,165,161,158,148,145,139,135,133,131,128,126,122,116,114,111,110,107,105,104,102,100,99,97,96,95,94,92,92,90,90,89,88,84,80,78,76,73,73,68,65,63,57,50,48,46,45,44,42,40,36,34,31,28,24,22,17,16,14,11,10,9,8,6,5,5,3,3,2,2,2
korean	1	96	30	card	19688,10570,5113,3688,2923,2383,2062,1818,1582,1397,1240,1123,996,912,820,752,680,623,566,512,461,410,374,341,316,296,262,234,217,204,184,164,149,131,121,110,98,90,80,69,57,48,39,31,25,11,9,4,2,1,0,0,0,0,0,0,0,0,0,0,0,0,0,0,0,0,0,0,0,0
korean	1	96	31	host	26518,22189,18507,13109,10124,8429,6882,5655,4812,4258,3869,3543,3204,2987,2817,2626,2495,2361,2248,2146,2031,1955,1881,1799,1728,1676,1625,1566,1505,1461,1410,1362,1323,1288,1251,1218,1185,1151,1117,1084,1049,1016,980,963,940,918,896,872,853,831,812,790,766,746,728,710,699,681,667,649,640,631,611,596,583,567,559,553,538,529,518,506,489,475,468,459,447,439,429,423,415,407,398,383,378,369,361,356,343,340,331,324,311,302,299,295,287,282,277,271,267,262,261,252,242,231,226,219,212,208,204,198,195,193,191,185,182,178,174,171,165,163,160,157,151,147,140,135,133,130,128,118,113,108,107,104,101,101,101,101,100,100,99,96,94,94,94,93,92,91,90,88,88,86,81,75,70,68,60,55,54,49,47,44,41,36,32,28,27,21,18,15,14,13,11,10,9,9,7,5,5,4,2,2,2,1,1
korean	1	96	31	card	32742,10878,5588,3565,2662,2134,1724,1444,1233,1061,945,853,770,701,648,597,552,500,450,421,391,362,333,304,284,267,254,228,210,194,172,159,147,132,121,111,101,91,82,75,59,51,46,33,24,15,7,3,1,1,1,0,0,0,0,0,0,0,0,0,0,0,0,0,0,0,0,0,0,0
korean	1	96	32	host	30223,24370,20329,14682,11244,9129,7635,6422,5441,4692,4089,3677,3372,3087,2861,2664,2482,2301,2178,2081,1968,1873,1769,1690,1618,1540,1482,1420,1377,1334,1293,1237,1192,1147,1108,1069,1041,1007,987,953,933,901,875,850,829,803,785,767,749,731,709,691,671,656,642,624,607,590,581,564,548,534,522,507,499,488,480,473,462,452,433,423,415,405,398,390,382,371,358,349,340,332,324,321,318,312,307,299,294,286,279,273,261,257,251,247,241,234,229,222,216,213,210,206,203,199,194,191,188,185,180,176,175,174,172,167,163,155,146,144,140,135,127,123,114,114,111,109,109,106,105,104,102,99,98,97,97,97,95,94,94,94,94,94,92,92,89,87,85,84,78,76,73,68,67,66,64,58,52,46,40,35,31,28,24,23,19,17,17,14,13,12,11,8,8,5,5,4,3,2,2,2,2,2,2,2,2,2,1,1,1,1
korean	1	96	32	card	33948,15634,3189,1966,1505,1215,1039,910,811,716,648,575,523,484,439,398,364,338,302,281,258,239,221,208,195,181,166,148,139,123,112,105,100,94,92,82,75,63,49,40,29,19,11,5,3,3,2,1,1,0,0,0,0,0,0,0,0,0,0,0,0,0,0,0,0,0,0,0,0,0
korean	1	96	33	host	33952,16464,12583,9789,8339,7139,6167,5439,4881,4388,4007,3691,3429,3146,2936,2755,2556,2397,2273,2158,2062,1965,1872,1783,1709,1631,1558,1496,1437,1373,1320,1273,1228,1179,1141,1116,1075,1038,1000,977,950,906,883,865,839,818,796,769,748,723,707,687,667,650,632,616,598,587,574,563,546,532,513,499,489,478,467,453,447,441,431,417,402,391,383,373,367,355,348,342,333,325,320,315,305,296,287,283,276,272,264,258,251,247,243,237,233,229,226,220,211,208,203,195,193,192,186,183,178,173,171,165,162,159,157,152,148,141,138,134,123,118,114,109,107,107,107,106,105,102,101,100,100,100,99,99,99,98,93,92,92,92,90,89,88,85,85,83,82,80,75,73,70,65,63,56,52,48,42,41,37,32,28,26,21,19,17,16,15,13,10,7,7,7,6,5,5,5,3,3,3,2,1,1,1,1,1,1,1,1,1
korean	1	96	33	card	33932,14634,9187,5421,3545,2902,2384,2086,1773,1575,1401,1255,1119,1001,910,841,760,694,624,571,530,484,444,411,379,335,314,296,270,249,228,202,188,169,153,141,129,116,102,93,84,76,67,51,39,27,18,12,8,6,4,3,0,0,0,0,0,0,0,0,0,0,0,0,0,0,0,0,0,0
korean	1	96	34	host	35055,33114,29705,11411,8525,6701,5679,5048,4490,4107,3791,3458,3182,2905,2677,2482,2346,2184,2077,1974,1890,1808,1731,1662,1589,1520,1470,1411,1362,1322,1276,1229,1191,1148,1110,1080,1047,1014,982,962,931,903,874,852,821,798,780,763,742,716,702,687,667,652,632,618,605,594,579,560,541,522,513,505,496,487,472,458,444,439,427,411,402,397,388,376,368,362,353,339,332,322,316,314,311,302,293,287,281,274,266,260,254,249,243,238,235,228,224,222,214,208,202,200,195,193,190,186,183,182,178,174,171,168,163,156,150,143,138,134,128,123,121,116,114,111,110,107,107,104,102,102,99,98,98,98,98,98,98,98,98,97,96,95,93,93,88,87,83,82,81,79,79,77,75,72,68,64,59,53,49,45,40,34,27,24,20,19,17,13,12,10,9,6,5,4,3,3,3,3,2,2,2,2,2,2,2,1,1,1,1,1,1
korean	1	96	34	card	16485,10998,5101,3863,3247,2714,2286,1885,1588,1348,1153,1026,883,793,721,643,592,539,488,448,416,377,345,307,285,259,238,221,202,182,163,147,131,118,107,100,97,90,77,67,54,43,37,28,17,8,5,3,2,0,0,0,0,0,0,0,0,0,0,0,0,0,0,0,0,0,0,0,0,0
korean	1	96	35	host	39975,31188,16332,10622,7312,5843,5025,4347,3880,3587,3308,3082,2888,2727,2588,2475,2368,2268,2174,2079,1980,1898,1815,1764,1696,1638,1575,1521,1456,1411,1365,1317,1288,1252,1211,1178,1147,1116,1090,1055,1022,992,969,947,925,900,879,856,829,807,791,775,760,740,724,704,687,669,657,637,627,612,600,588,578,563,551,536,520,510,500,488,476,470,458,448,440,431,422,417,408,403,396,390,382,372,362,352,346,337,334,324,315,311,305,298,294,289,286,281,273,269,263,255,251,247,239,233,226,220,216,212,211,205,202,197,195,193,188,184,180,178,175,174,171,168,161,159,154,148,145,141,133,130,126,118,115,113,109,108,107,104,102,102,101,101,101,101,100,99,99,98,97,97,95,95,93,93,90,87,83,82,80,77,72,68,64,63,59,49,47,43,39,37,37,31,28,23,23,18,17,16,15,13,12,11,9,7,3,2,2,2,2,2,2,2,2,2,2,2,2,2,2,1,1,1,1,1,1,1
korean	1	96	35	card	39544,5796,4176,2942,2208,1766,1479,1279,1060,886,775,671,595,536,483,434,387,345,309,283,258,233,205,191,181,163,147,132,117,112,100,91,83,74,63,52,42,31,22,12,4,2,2,1,1,0,0,0,0,0,0,0,0,0,0,0,0,0,0,0,0,0,0,0,0,0,0,0,0,0
korean	1	96	36	host	39702,13575,9248,7564,6469,5624,4947,4497,4142,3819,3514,3292,3096,2942,2789,2665,2534,2440,2344,2248,2152,2076,1990,1921,1857,1789,1731,1672,1622,1570,1528,1492,1437,1391,1352,1309,1277,1237,1200,1173,1144,1106,1075,1049,1021,992,971,946,924,896,875,855,837,818,800,782,768,750,731,719,696,675,662,648,637,623,610,594,585,574,564,551,537,527,515,506,496,485,475,464,451,444,438,429,417,407,400,385,379,376,368,363,356,349,343,332,319,308,303,297,296,292,289,282,277,269,261,258,254,249,245,236,235,226,219,214,211,205,197,195,190,187,184,181,175,169,166,163,157,156,150,145,139,136,130,122,118,116,114,110,108,107,104,104,104,104,103,103,103,102,99,95,94,94,94,92,91,88,86,85,82,79,75,72,71,67,63,60,57,52,50,44,40,37,32,29,27,23,22,18,16,14,12,12,9,7,7,7,6,6,6,5,3,2,2,2,2,1,1,1,1,1,1
korean	1	96	36	card	42589,10549,4789,3240,2786,2370,2134,1909,1745,1552,1415,1290,1146,1025,922,828,729,659,596,539,490,447,411,372,337,309,285,261,238,218,200,178,163,145,134,121,107,98,92,76,64,52,38,30,20,14,9,6,2,2,2,2,1,0,0,0,0,0,0,0,0,0,0,0,0,0,0,0,0,0
korean	1	96	37	host	41737,38713,36019,13211,7493,6044,5080,4532,4093,3738,3500,3254,3043,2854,2705,2555,2415,2289,2176,2096,2006,1939,1861,1790,1716,1651,1592,1531,1487,1428,1383,1335,1290,1244,1209,1175,1140,1109,1072,1040,1012,983,954,931,909,884,864,836,808,791,771,757,738,723,711,698,681,662,643,632,616,601,587,572,555,544,532,523,513,498,487,471,465,452,446,430,420,414,406,395,384,371,361,356,346,336,330,325,313,304,295,291,287,284,280,276,269,256,245,240,235,229,226,221,218,215,209,199,197,193,187,183,179,176,173,166,161,155,152,149,147,144,140,136,132,127,123,120,118,116,113,112,110,107,105,102,99,97,93,91,89,89,89,89,88,87,85,83,82,79,77,76,73,71,68,64,60,55,54,47,43,41,40,36,33,29,27,25,21,19,19,17,14,12,11,9,8,8,7,5,4,3,3,3,3,2,2,2,2,2,2,2,2,2,2,2,2,1,1,1,1,1,1,1,1,1,1,1,1,1,1,1,1,1,1,1,1
korean	1	96	37	card	11959,4990,2969,1982,1609,1381,1205,1065,967,878,812,747,669,612,566,515,481,441,401,367,333,308,281,261,239,216,203,189,173,157,141,135,124,112,103,97,89,76,66,58,51,41,33,21,14,11,7,3,1,0,0,0,0,0,0,0,0,0,0,0,0,0,0,0,0,0,0,0,0,0
korean	1	96	38	host	41665,35832,32701,16530,11834,8947,7211,5940,5181,4653,4187,3860,3597,3288,3062,2883,2696,2572,2446,2334,2215,2113,2023,1896,1830,1752,1685,1613,1542,1494,1441,1392,1357,1309,1271,1236,1203,1157,1122,1087,1059,1019,999,966,941,915,887,863,845,817,803,788,767,747,728,710,697,680,663,648,632,622,604,584,577,566,552,540,527,517,507,490,481,466,455,449,437,428,420,415,405,399,388,382,375,367,359,349,341,336,325,320,315,310,302,293,287,284,277,274,266,259,259,249,246,239,235,231,221,218,209,208,208,205,200,194,190,187,185,182,180,177,173,172,169,167,158,152,149,144,139,135,133,128,124,120,119,116,106,105,102,101,99,98,98,98,98,98,98,98,98,98,97,96,94,92,92,90,89,89,86,86,82,75,72,68,65,63,59,57,52,47,42,36,32,29,26,24,21,15,13,12,11,9,7,4,4,3,3,2,2,2,2,2,2,2,2,2,2,2,1,1,1,1,1,1,1,1,1,1,1,1,1,1
korean	1	96	38	card	3218,2154,1759,1449,1232,1084,946,832,727,624,544,483,433,380,343,308,272,242,218,206,181,166,146,132,118,108,99,91,82,77,69,59,48,39,30,16,11,5,2,2,2,0,0,0,0,0,0,0,0,0,0,0,0,0,0,0,0,0,0,0,0,0,0,0,0,0,0,0,0,0
korean	1	96	39	host	40101,35782,32678,9603,6644,5385,4757,4341,3987,3722,3523,3289,3080,2952,2811,2697,2545,2398,2275,2157,2031,1930,1839,1759,1685,1595,1536,1470,1400,1342,1292,1225,1183,1132,1096,1053,1025,988,951,927,893,860,835,810,789,768,742,725,703,684,670,656,629,612,606,593,577,558,548,539,526,513,500,484,476,467,458,447,442,433,426,413,405,400,390,375,366,362,354,345,336,330,321,317,310,301,295,292,285,275,271,269,262,254,251,247,242,236,231,225,220,218,213,208,203,202,199,195,191,190,187,185,181,178,175,171,167,164,160,151,145,143,136,133,131,128,121,119,115,112,108,107,105,103,100,100,98,98,98,98,98,98,98,98,98,98,98,98,96,96,96,94,91,88,85,84,82,80,78,70,67,63,62,56,50,47,44,39,35,32,27,25,20,20,19,16,12,8,6,5,5,5,3,3,3,2,2,2,2,2,2,2,2,2,2,2,2,2,2,2,2,1,1,1,1,1,1,1,1,1,1,1
korean	1	96	39	card	32849,5181,2534,1789,1460,1244,1059,924,836,746,665,593,541,510,457,421,392,362,332,310,284,261,243,228,209,192,177,159,146,135,126,116,107,98,93,87,77,66,54,41,32,23,13,11,8,5,2,2,1,1,0,0,0,0,0,0,0,0,0,0,0,0,0,0,0,0,0,0,0,0
korean	2	48	0	host	44588,18615,13317,7958,7008,6092,5374,4812,4218,3869,3620,3346,3415,2905,2652,2649,2483,2478,2249,2175,2056,2070,1838,1842,1806,1783,1790,1705,1741,1679,1628,1547,1630,1459,1448,1404,1485,1409,1350,1402,1351,1386,1291,1288,1275,1239,1173,1217,1288,1177,1198,1126,1131,1135,1074,1074,1047,1151,1071,1059,992,1052,1012,995,956,1032,1007,951,907,934,932,891,864,898,896,880,905,917,898,872,850,866,807,788,753,764,703,770,792,804,780,723,750,734,730,680,644,641,716,710,707,701,653,674,673,698,645,605,654,632,594,621,590,582,551,582,578,593,607,575,539,493,496,526,589,547,564,563,528,538,520,491,495,507,501,469,476,477,471,450,427,440,471,486,500,461,456,449,427,396,383,391,392,442,410,393,381,365,396,374,361,342,334,328,327,355,372,380,373,395,356,343,330,343,323,343,322,333,304,299,282,269,269,280,249,261,262,252,270,247,252,251,243,332,303,294,287,295,279,275,275,303,292,292,265,259,253,247,241,240,243,224,229,213,204,192,193,183,194,208,198,181,171,172,178,175,169,175,166,161,199,179,187,182,183,174,196,208,230,232,232,217,198,203,195,185,176,164,154,152,145,136,132,126,125,122,124,115,110,106,103,97,94,87,86,94,88,86,82,91,86,82,77,83,83,108,95,92,88,116,107,121,103,103,119,112,117,121,123,123,120,111,143,117,117,113,107,108,113,102,97,86,80,71,68,69,68,62,60,52,50,47,44,49,48,44,40,39,33,29,27,22,17,16,11,10,7,4,3,3,2,1
korean	2	48	1	host	33350,17316,12021,8841,6984,6627,5504,5116,4995,4540,4307,4061,3489,3350,3287,3180,2971,2789,2781,2824,2582,2422,2540,2322,2328,2276,2154,2139,2109,1883,1959,1887,1925,1839,1870,1745,1630,1719,1663,1555,1578,1628,1484,1425,1415,1425,1387,1425,1388,1343,1169,1150,1305,1297,1163,1141,1094,1158,1178,1107,1128,1069,1027,1015,1021,1066,1037,951,949,975,946,987,995,928,854,874,936,893,860,880,894,884,782,742,741,748,742,733,779,757,744,831,767,762,710,653,675,696,652,667,642,666,639,637,647,607,580,583,595,596,560,522,560,544,566,573,590,620,529,552,506,490,468,472,454,425,434,409,396,510,433,493,483,484,516,473,453,469,466,441,402,375,392,379,368,373,406,374,359,412,405,397,405,393,388,377,352,342,360,370,355,369,352,339,342,345,320,316,300,280,266,264,327,316,266,244,231,259,258,241,333,299,320,307,372,304,277,285,277,264,281,290,275,270,249,241,266,235,221,224,225,211,202,205,189,178,205,191,178,161,161,174,200,183,178,184,177,164,156,164,207,207,249,223,251,230,220,209,213,197,198,209,199,189,175,161,150,163,164,153,149,141,133,137,131,143,135,125,116,111,107,99,94,91,90,84,81,92,96,90,82,77,74,72,68,76,70,68,89,96,95,110,96,95,117,113,197,141,123,129,117,128,136,124,120,124,120,115,123,124,110,113,102,105,96,94,91,85,76,87,75,71,64,59,56,70,62,57,52,49,62,43,40,36,33,30,25,25,24,21,18,14,12,12,9,8,6,5,4,2,2,2,1,1,1,1,1,1
korean	2	48	2	host	43387,14114,11364,9082,8573,7925,7452,6354,5811,4747,4687,4110,3989,3741,3669,3182,2847,2800,2825,2443,2467,2492,2419,2426,2079,2220,2065,1913,1932,1868,1724,1648,1605,1577,1516,1681,1690,1446,1405,1280,1287,1222,1179,1233,1144,1148,1062,1219,1123,1000,955,987,910,939,914,847,880,834,811,863,830,845,790,850,715,733,639,693,633,689,646,638,680,639,576,615,637,588,528,613,552,570,528,515,470,488,492,537,490,448,489,442,475,410,434,414,414,448,439,425,442,380,390,367,321,361,328,334,324,317,361,404,335,339,354,330,304,308,317,284,262,253,240,247,233,297,275,245,251,283,237,212,259,298,242,246,225,242,238,203,196,188,197,190,215,257,197,224,207,189,188,178,172,157,206,214,189,177,175,178,184,165,179,170,178,172,150,147,134,125,117,110,103,100,98,92,106,102,102,94,125,189,105,101,106,98,100,98,93,101,135,181,98,110,96,92,97,110,102,99,103,152,92,89,107,113,113,101,103,90,84,80,113,98,104,94,97,84,80,73,77,64,61,63,54,51,45,44,41,39,35,35,31,29,26,23,18,16,13,11,11,9,9,8,6,4,3
korean	2	48	2	card	4558,3448,2830,2445,2046,1791,1555,1398,1219,1131,1040,942,864,804,742,690,647,604,570,537,495,469,444,416,392,376,355,339,319,302,283,266,248,234,222,212,196,185,173,161,156,145,130,122,112,99,92,84,74,63,56,52,44,37,29,21,19,9,6,3,0,0,0,0,0,0,0,0,0,0,0
korean	2	48	3	host	34070,19198,14289,12748,9872,9017,7433,6662,5921,5466,4570,3840,3787,3408,3093,2934,2697,2424,2437,2178,1984,2108,1880,1951,1827,1880,1560,1754,1576,1531,1633,1440,1442,1434,1407,1348,1332,1359,1257,1143,1206,1196,1085,1034,1024,1041,1048,1016,943,1042,971,1067,1003,900,983,856,905,811,878,761,862,848,765,780,697,747,734,717,688,726,715,762,731,663,652,567,685,614,605,606,630,619,630,535,594,559,538,516,484,426,399,385,544,576,518,485,438,474,386,390,378,394,447,399,343,337,361,298,315,325,325,311,422,340,357,343,318,306,301,301,271,344,303,265,262,311,259,271,302,269,241,238,290,278,280,249,218,195,197,184,206,175,172,207,208,226,189,166,165,160,181,187,153,145,151,188,164,145,135,149,148,137,143,132,142,122,147,116,103,112,102,120,114,89,88,92,81,79,73,68,75,81,95,82,79,83,117,148,103,152,123,114,117,106,102,91,94,116,91,101,98,89,91,75,81,103,90,74,65,56,51,45,47,43,51,48,44,39,36,32,26,24,21,20,17,15,12,12,10,10,9,7,5,4,4,4,2,1,1
korean	2	48	3	card	9893,6195,3778,2848,2255,1793,1479,1264,1111,1004,854,786,710,647,596,544,497,464,420,391,352,330,298,276,250,226,214,202,184,168,151,146,135,121,110,101,96,86,82,71,65,61,54,52,48,41,37,31,22,21,16,9,9,7,1,0,0,0,0,0,0,0,0,0,0,0,0,0,0,0,0
korean	2	48	4	host	34077,24673,18868,9267,7953,7246,6226,5169,4866,4242,3900,3487,3483,3185,3073,2633,2456,2446,2305,2075,2235,2328,1989,1894,1778,2035,1742,1978,1676,1701,1611,1547,1519,1536,1455,1490,1346,1316,1436,1264,1351,1202,1232,1259,1225,1128,1121,1043,1052,969,930,981,1091,979,1055,916,910,908,873,810,830,784,864,794,781,890,796,736,708,728,706,688,719,699,698,629,624,678,640,583,673,687,608,593,529,544,526,497,498,533,510,476,488,458,542,534,522,457,461,406,393,398,422,403,440,385,363,382,340,396,416,351,368,347,357,336,344,359,421,406,336,307,271,269,333,311,281,261,256,346,320,295,296,279,251,242,225,228,234,228,212,232,209,218,211,208,218,212,213,193,191,201,272,235,250,234,258,218,222,195,181,175,162,187,155,149,155,149,214,161,138,128,116,119,107,112,163,134,109,112,100,93,86,85,94,92,99,96,93,99,88,93,95,107,100,157,127,166,132,119,124,131,169,146,135,147,118,120,118,113,112,109,94,99,94,88,78,78,74,71,75,68,61,57,51,47,44,41,36,33,30,27,24,23,20,17,17,16,15,13,12,10,8,8,6,3,2,2,2,2,2,1
korean	2	48	4	card	6184,4121,2964,2446,2093,1817,1626,1482,1328,1224,1119,1006,911,832,753,675,606,552,512,463,418,383,362,318,290,274,253,234,217,200,185,172,153,145,133,124,113,104,97,89,87,74,67,63,54,47,43,40,37,31,29,26,18,13,7,3,1,0,0,0,0,0,0,0,0,0,0,0,0,0,0
korean	2	48	5	host	24122,17318,16203,12371,8328,6595,5683,5031,5045,3978,3980,3577,3421,3325,2912,3018,2787,2576,2359,2468,2509,2300,2194,2101,2181,2074,1916,1869,1840,1794,1710,1875,1603,1505,1532,1415,1510,1622,1446,1519,1422,1329,1208,1200,1253,1309,1264,1097,1081,1095,1087,962,1125,1063,1158,1032,975,1092,921,933,809,928,883,940,804,820,694,726,867,767,800,722,801,713,725,733,705,694,604,627,597,561,541,521,549,515,592,479,530,586,526,649,544,507,447,434,475,532,469,458,476,429,420,417,423,399,382,380,446,500,508,430,390,370,436,382,343,393,350,313,309,341,403,352,341,322,294,316,314,315,319,306,262,285,306,273,295,308,356,293,260,316,294,297,324,259,276,236,213,207,187,176,184,160,165,162,183,207,176,213,179,160,161,215,183,169,191,164,195,199,163,176,162,147,155,193,155,154,207,165,135,119,109,102,110,100,96,113,95,89,86,106,92,82,89,89,100,103,96,180,113,104,153,111,138,139,122,127,109,130,135,130,112,135,135,141,158,135,137,112,114,156,117,102,85,76,77,66,60,59,54,53,51,48,45,41,38,38,35,29,25,23,21,20,14,13,12,10,9,8,7,6,6,6,4,3,3,1
korean	2	48	5	card	7901,5410,3401,2899,2279,1983,1733,1542,1388,1277,1164,1062,984,911,854,803,749,703,657,604,568,533,501,472,444,418,399,379,354,325,304,286,263,239,224,203,191,181,163,146,136,125,117,106,101,91,82,72,65,62,53,45,43,33,29,26,19,13,8,6,3,1,0,0,0,0,0,0,0,0,0
korean	2	48	6	host	21929,15665,12328,9714,7902,7267,6424,5732,5187,4652,4257,3517,3362,3267,2776,2967,2548,2947,2672,2254,2321,2322,2085,2060,2119,2036,2009,2037,1976,1695,1694,1567,1803,1560,1510,1495,1472,1414,1385,1299,1272,1451,1304,1343,1377,1088,1095,1167,1145,1016,983,1031,1030,896,870,919,915,889,932,956,837,858,776,870,689,842,712,693,648,653,671,566,638,600,656,564,621,591,595,495,552,510,490,557,472,476,519,442,542,499,464,457,489,534,534,418,362,433,389,477,391,330,289,410,297,336,384,341,299,311,317,382,333,375,374,410,303,271,283,266,238,218,203,244,199,184,189,230,255,248,209,238,235,278,199,198,187,206,209,182,170,168,241,183,209,237,164,147,134,138,137,163,167,146,132,134,152,136,121,126,135,150,119,106,92,87,100,99,87,121,104,118,172,137,145,252,213,203,168,136,190,164,148,133,139,117,106,133,114,104,117,111,93,111,101,131,124,104,95,111,94,75,67,61,57,54,50,46,45,40,38,33,28,25,22,20,18,18,18,18,16,12,12,12,9,4,2,1,1
korean	2	48	6	card	15252,9102,5844,4433,3667,3083,2709,2327,2067,1806,1568,1375,1185,1027,932,848,767,688,628,584,545,494,456,435,401,369,346,322,299,273,255,234,214,197,188,172,154,139,129,121,111,104,91,84,72,63,57,52,47,39,33,27,21,15,10,6,4,2,1,0,0,0,0,0,0,0,0,0,0,0,0
korean	2	48	7	host	27021,21877,16460,13647,11028,8447,6398,7081,5440,4554,4109,3971,3397,3271,2935,2810,2641,2556,2386,2165,2195,2085,1890,2000,1898,1760,1636,1723,1615,1499,1545,1552,1219,1313,1496,1306,1174,1202,1135,1236,1180,1139,1049,1087,953,1009,969,1066,937,1034,1004,971,816,846,820,807,743,671,695,704,720,765,748,644,675,679,580,583,630,595,595,656,639,615,526,583,482,485,562,445,498,370,541,456,442,478,514,422,460,406,350,344,304,372,399,320,293,277,356,464,313,282,300,376,394,382,321,274,249,256,254,220,194,214,208,193,192,188,242,200,173,218,211,200,216,201,197,181,176,170,169,168,158,136,135,121,114,105,115,103,89,81,74,69,66,62,67,66,72,95,84,156,155,114,128,159,158,175,192,157,225,213,224,241,178,167,185,165,146,128,118,121,103,100,88,83,77,72,64,57,55,53,50,46,42,37,36,31,30,27,26,24,22,21,19,18,15,12,9,6,6,5,2,1,1,1,1,1,1,1,1,1,1
korean	2	48	7	card	16555,8339,6111,4484,3144,2275,1729,1528,1332,1183,1028,942,857,803,723,667,611,565,526,497,457,412,375,339,300,275,251,229,206,188,169,149,139,119,109,99,91,81,74,64,55,52,46,40,36,36,23,14,14,12,11,6,1,0,0,0,0,0,0,0,0,0,0,0,0,0,0,0,0,0,0
korean	2	48	8	host	20890,13745,10435,7416,7272,5702,5116,4720,4480,4297,3945,3768,3646,3175,2995,2972,3066,2753,2840,2908,2524,2355,2552,2443,2172,2227,1952,1975,1956,1783,1664,1762,1681,1545,1701,1581,1489,1314,1306,1312,1583,1443,1315,1340,1342,1449,1309,1094,1202,1173,1142,1256,1096,1130,1221,1251,1088,1031,998,1017,1018,953,874,907,926,948,954,804,834,767,798,825,772,705,765,736,794,789,795,759,717,635,631,679,676,616,650,612,644,543,504,511,620,656,539,578,494,510,448,491,510,506,551,450,434,455,387,391,418,385,375,411,408,402,374,351,306,280,321,364,365,315,327,336,359,326,376,327,312,334,291,254,254,231,225,209,210,243,232,261,232,271,240,205,189,198,187,188,191,169,162,189,164,143,150,143,199,170,183,191,196,160,164,134,126,119,111,130,103,104,110,95,82,113,92,90,80,101,107,152,198,108,104,93,84,193,155,131,117,91,90,103,94,100,90,80,78,97,172,107,82,65,61,58,47,40,36,31,31,29,26,21,20,19,18,16,15,12,7,7,5,5,5,4,3,2,1,1,1,1,1
korean	2	48	8	card	21482,15727,4254,2520,2095,1791,1597,1434,1279,1176,1063,978,911,856,781,711,642,584,543,502,459,412,370,339,311,282,261,242,216,195,178,158,139,132,124,106,96,88,82,69,60,54,48,48,39,32,29,25,19,15,6,4,2,0,0,0,0,0,0,0,0,0,0,0,0,0,0,0,0,0,0
korean	2	48	9	host	27715,18775,14039,10950,9607,8004,6616,5693,5568,4360,4469,3892,3578,3540,3251,2815,2871,2736,2446,2664,2482,2287,2342,2244,2027,1898,2092,1985,1825,1799,1886,1791,1654,1669,1637,1568,1519,1459,1584,1478,1379,1413,1367,1386,1329,1323,1346,1175,1114,1156,1162,1142,1242,1081,1148,960,946,980,1084,985,1048,957,908,955,941,910,1038,874,890,773,767,876,696,761,683,653,824,749,690,664,607,671,694,650,632,772,648,556,715,637,617,648,605,637,665,585,500,601,508,497,533,477,465,433,483,439,514,436,421,482,420,418,399,363,459,424,367,334,357,342,357,460,348,320,294,309,305,309,297,276,458,371,286,251,278,301,254,278,356,283,244,247,218,226,196,198,178,207,245,189,165,196,179,215,236,257,229,208,190,260,216,201,236,186,159,188,195,179,166,141,148,147,162,134,120,107,98,93,101,90,107,106,99,84,81,84,121,115,111,163,115,115,111,173,130,164,123,107,131,113,130,109,183,191,168,155,122,108,95,86,99,101,103,83,76,67,109,80,70,62,51,46,41,37,30,29,26,25,23,23,19,17,16,14,12,11,9,6,5,5,2,2,2,2,1,1,1
korean	2	48	9	card	5599,3636,2767,2394,2065,1809,1578,1443,1305,1157,1030,891,806,725,657,604,541,484,429,387,353,325,297,268,247,219,202,184,170,160,145,130,121,108,97,84,79,71,64,54,51,43,38,32,25,22,19,17,12,9,5,2,2,1,1,0,0,0,0,0,0,0,0,0,0,0,0,0,0,0,0
korean	2	48	10	host	19160,15197,10682,9859,8477,7326,6283,5807,5175,5480,4981,4513,4345,3887,3903,3645,3744,3197,3195,3102,3056,2704,2822,2313,2593,2596,2286,2194,2421,2080,2200,1789,1844,1780,1718,1671,1583,1587,1687,1631,1459,1497,1417,1479,1367,1369,1592,1301,1357,1222,1196,1096,1168,1026,1225,1278,1230,1037,1052,1082,1049,1050,1017,1078,1031,838,841,965,963,958,900,848,822,758,843,766,801,895,815,715,741,727,663,632,698,671,667,682,614,629,577,573,497,547,624,549,690,487,581,529,495,514,577,457,473,560,510,487,486,389,375,345,450,416,424,459,409,460,396,363,335,333,313,259,343,313,298,356,339,288,308,300,326,341,290,311,336,302,283,289,271,280,245,212,201,190,187,181,161,184,254,215,189,199,186,242,242,286,251,214,241,214,219,198,238,208,189,187,173,156,213,166,168,141,129,114,138,128,105,94,122,113,113,114,98,89,85,81,92,86,95,131,201,125,131,179,220,219,185,200,201,195,153,131,120,122,134,101,113,97,206,204,165,131,111,101,83,77,67,60,52,49,45,42,40,33,30,29,26,26,23,20,18,16,15,14,11,7,7,6,6,4,2,2
korean	2	48	10	card	5399,3517,2736,2242,1982,1738,1527,1356,1236,1129,1010,914,846,783,718,673,631,592,556,525,484,450,412,376,340,318,296,268,251,233,220,204,184,169,154,143,130,118,108,97,88,84,76,70,61,55,49,44,37,30,22,18,10,9,5,2,2,0,0,0,0,0,0,0,0,0,0,0,0,0
korean	2	48	11	host	17251,12048,9922,7710,6833,5861,5633,5224,5160,4351,4132,4004,4163,3525,3512,3183,3278,2670,2771,3000,2677,2585,2855,2345,2232,2143,2274,1911,2241,2219,2007,2045,1919,1798,1693,1582,1942,1654,1798,1775,1713,1486,1487,1500,1364,1399,1489,1544,1361,1256,1312,1254,1186,1097,1028,1097,1299,1159,1003,1050,1037,1059,960,1113,1000,951,981,1071,980,916,808,861,803,874,753,863,747,717,953,862,687,618,689,662,828,635,606,557,581,568,541,599,643,577,595,673,576,554,524,527,447,448,532,470,436,414,427,424,410,553,428,479,470,445,378,355,306,333,342,337,364,332,350,353,397,345,324,339,339,339,346,271,308,243,238,248,216,204,235,202,316,192,266,276,243,213,246,229,236,238,212,252,230,230,201,173,164,174,256,297,205,216,199,235,177,160,198,147,181,172,167,156,183,160,159,138,148,148,125,119,138,112,104,95,100,88,87,149,155,124,123,141,123,106,114,175,234,181,248,168,146,167,133,140,114,137,124,204,139,118,125,111,89,81,74,65,58,55,52,48,44,41,39,33,32,28,23,20,18,17,16,14,13,12,11,9,7,5,4,3,2,2,1,1,1
korean	2	48	11	card	14026,7315,3997,2751,2331,2045,1814,1597,1444,1344,1221,1125,1053,980,911,863,800,754,707,664,612,572,529,481,440,405,376,346,318,297,262,236,212,196,181,161,149,128,118,108,99,90,78,66,62,56,49,42,34,27,24,19,13,10,5,2,2,1,0,0,0,0,0,0,0,0,0,0,0,0
korean	2	48	12	host	16376,11632,9389,7870,7703,6923,5963,5242,5122,4507,4173,4122,4079,3662,3753,3602,3115,2989,2598,2595,2560,2523,2267,2432,2410,2306,2267,1978,2016,1898,1748,1884,1851,1652,1421,1499,1623,1496,1558,1457,1406,1354,1346,1611,1516,1202,1204,1194,1232,1171,1175,1130,1102,1063,1125,1009,1010,1002,1038,976,1020,980,849,869,840,880,811,909,1007,896,809,735,880,775,725,941,751,730,682,706,650,637,760,630,600,612,684,658,637,627,574,558,615,710,558,578,507,577,508,499,546,631,554,490,488,549,515,582,543,473,430,456,416,417,439,436,399,414,444,390,411,385,342,365,307,306,282,281,350,339,325,382,335,335,322,297,381,365,281,301,337,257,255,256,301,265,307,282,249,254,212,209,366,302,285,300,245,201,245,259,251,212,188,242,281,228,174,160,161,168,181,164,255,221,186,163,154,141,127,136,114,141,131,111,110,126,118,111,103,131,102,127,104,108,106,137,125,171,243,242,234,193,228,168,151,158,124,151,133,115,135,248,203,135,153,127,105,97,85,80,73,66,60,58,53,49,44,39,33,32,28,26,24,23,19,16,14,14,13,13,10,6,6,4,3
korean	2	48	12	card	8828,6106,4611,3715,3143,2688,2340,2088,1813,1615,1481,1327,1233,1135,1064,974,900,841,796,746,688,640,591,550,517,487,454,418,382,350,326,305,285,253,233,213,199,180,159,149,141,131,117,103,94,82,77,67,57,52,43,38,30,26,16,10,5,3,1,1,0,0,0,0,0,0,0,0,0,0
korean	2	48	13	host	32995,11720,7092,5958,5446,5045,4719,4470,4080,3925,3691,3298,3247,3299,3030,2911,2713,2656,2557,2598,2520,2193,2193,2145,1999,1968,2178,1863,1828,1891,1722,1759,1709,1765,1723,1525,1447,1537,1498,1463,1553,1282,1341,1331,1421,1307,1203,1233,1358,1181,1170,1129,1093,1164,1127,1087,1088,1041,1030,1017,1045,1128,980,938,864,962,868,873,902,997,851,890,862,829,826,739,843,908,845,794,740,696,709,654,676,746,745,721,753,673,665,660,586,589,625,726,582,572,641,558,586,570,568,621,600,543,486,549,510,466,474,436,464,507,492,562,468,462,452,433,412,383,414,401,373,346,332,321,347,393,339,335,349,338,345,367,356,297,299,347,335,315,277,326,320,314,314,312,291,257,244,296,254,226,229,221,197,199,198,253,234,231,225,204,210,210,234,227,192,205,193,187,209,224,202,195,198,189,185,184,177,188,164,155,196,154,139,128,115,105,126,107,95,88,85,104,97,87,92,87,93,87,96,115,115,133,114,107,121,139,128,125,113,107,175,160,137,151,114,128,116,110,126,116,115,104,90,92,83,76,71,63,59,51,49,44,41,34,32,29,26,22,19,18,18,15,12,10,8,7,6,4,4,4,3,2,2,2,2,1,1
korean	2	48	13	card	8994,6578,5008,3821,3096,2639,2225,1968,1730,1542,1379,1251,1142,1035,922,831,761,692,634,581,542,501,475,445,415,387,362,339,318,296,275,256,239,219,201,184,166,158,143,130,114,102,90,80,69,63,56,53,39,30,20,16,8,4,2,0,0,0,0,0,0,0,0,0,0,0,0,0,0,0
korean	2	48	14	host	21947,18481,12863,10007,9210,7888,7172,6398,5812,4954,4669,4604,4084,3778,3278,3509,3151,3544,3179,2590,2626,2327,2296,2297,2312,2606,2060,1969,2096,1990,1965,1754,1749,1547,1623,1599,1419,1491,1429,1350,1423,1479,1290,1281,1336,1149,1159,1180,1124,1143,1091,1070,1151,1222,1065,948,1003,895,977,959,995,851,915,890,831,801,784,836,797,812,730,847,670,608,592,657,739,692,665,622,582,549,607,706,601,518,514,617,549,468,459,549,492,548,560,531,507,430,408,440,429,383,576,418,431,362,387,343,332,313,392,356,321,422,356,341,352,375,384,319,269,255,285,268,333,286,237,246,234,282,370,260,222,232,209,196,213,241,260,227,209,204,199,246,287,250,214,216,171,155,142,184,155,138,147,138,115,132,108,110,97,89,100,97,160,140,174,150,122,110,123,199,380,237,207,171,184,244,258,223,187,154,129,116,108,109,94,130,122,83,123,105,89,76,71,61,55,48,44,41,37,34,31,28,23,19,16,15,14,10,10,9,8,6,5,5,5,5,3,3,3,2
korean	2	48	14	card	6041,4241,3536,3013,2661,2403,2171,1943,1723,1588,1418,1269,1154,1053,957,869,798,712,642,568,529,486,450,407,376,347,320,290,273,253,227,208,194,171,150,137,121,109,98,86,76,68,57,52,46,38,33,22,18,14,9,6,2,1,1,1,1,0,0,0,0,0,0,0,0,0,0,0,0,0
korean	2	48	15	host	47709,10449,7234,6669,5176,4726,4270,3873,3846,3320,3368,3017,2714,2757,2611,2352,2226,2216,2062,2041,2001,1907,1795,1851,1681,1669,1629,1683,1591,1566,1451,1468,1468,1362,1293,1206,1220,1196,1186,1200,1154,1026,1133,1063,1100,1051,1137,1012,951,984,984,911,826,917,840,884,885,872,915,855,835,791,718,728,783,790,778,723,743,692,638,715,717,751,689,708,661,568,556,564,654,593,621,580,577,592,562,516,540,511,519,509,489,505,516,506,508,525,496,450,435,432,396,392,368,376,368,365,395,372,405,418,396,393,367,373,454,409,364,353,319,334,342,338,344,307,276,323,296,282,289,346,278,337,312,303,306,304,296,286,297,266,247,227,232,253,220,195,210,198,213,200,203,179,167,190,181,183,168,159,171,157,152,166,217,223,259,191,174,190,177,158,159,211,154,145,135,124,117,110,103,97,99,94,90,211,105,132,102,92,105,90,103,85,81,86,90,83,85,100,111,113,99,96,106,126,114,108,146,134,119,111,104,89,86,82,78,74,60,55,55,52,50,47,44,41,44,40,37,34,32,27,25,20,17,15,12,7,5,4,4,2,2,2,2,2,2,2,1,1,1,1,1,1,1
korean	2	48	15	card	36207,7280,3815,2634,2056,1809,1532,1337,1173,1073,981,894,812,751,692,647,596,559,521,480,454,416,392,363,334,316,290,264,246,229,214,197,177,163,147,134,126,115,101,92,84,76,64,57,51,45,37,27,25,20,10,8,3,2,2,2,0,0,0,0,0,0,0,0,0,0,0,0,0,0
korean	2	48	16	host	18798,13009,10552,8733,8366,6789,5685,5771,5404,5426,4873,4479,4053,3765,3489,3443,3172,3552,3127,2972,3013,2780,2961,2515,2511,2683,2263,2203,2188,1901,2049,1967,1839,2065,1895,1841,1860,1742,1635,1651,1576,1621,1470,1335,1551,1387,1362,1439,1375,1466,1409,1258,1108,1171,1226,1111,1191,1092,1053,1263,1156,1062,1034,954,896,804,941,1023,909,942,1120,890,907,937,691,660,866,768,678,782,697,728,690,702,685,649,765,684,720,649,594,575,525,531,548,544,602,479,504,474,532,554,494,464,395,388,437,337,446,380,331,340,350,524,394,423,419,346,334,278,254,227,275,246,197,194,259,447,374,348,483,314,305,279,272,247,209,204,193,256,199,167,202,194,179,161,166,166,208,244,155,159,144,152,139,171,195,135,157,150,129,131,135,147,118,158,144,129,216,162,178,140,137,133,133,144,142,168,165,167,183,161,167,183,209,161,247,168,169,134,108,92,85,80,122,80,89,77,63,55,47,42,40,34,30,27,22,20,18,17,14,13,11,10,8,6,5,5,4,2,1,1,1,1,1,1,1
korean	2	48	16	card	10116,5710,3776,2713,2238,1963,1690,1523,1374,1258,1153,1049,959,893,805,735,667,626,579,532,494,457,423,388,355,326,311,280,259,231,217,193,177,166,149,137,118,108,100,86,79,73,69,57,49,43,36,35,27,21,20,16,10,6,2,2,1,0,0,0,0,0,0,0,0,0,0,0,0,0
korean	2	48	17	host	18029,12238,10067,8766,7882,6480,6035,5565,5181,4909,4197,4196,4058,3945,3629,3437,3269,3039,3015,3117,2870,2861,2621,2700,2532,2337,2330,2508,2199,2097,2180,2121,2055,2053,1899,1915,1689,1643,1770,1700,1514,1561,1520,1542,1468,1444,1422,1602,1460,1394,1319,1471,1338,1319,1208,1226,1192,1126,1234,1146,1060,1163,1090,995,1062,934,1035,909,968,936,896,863,939,845,783,805,838,818,752,784,704,695,636,656,639,711,677,664,661,623,647,751,668,545,514,568,504,583,622,550,570,557,517,500,566,541,494,431,416,419,372,428,389,421,415,508,463,554,504,426,496,374,362,392,390,338,320,310,337,327,332,309,297,301,299,295,349,371,331,296,364,303,328,280,297,258,239,241,236,201,225,246,238,228,193,202,210,181,290,232,249,258,223,262,224,196,176,213,172,174,222,183,166,142,118,111,101,99,118,154,118,112,99,97,90,99,88,107,96,134,108,126,168,216,182,163,227,154,157,180,163,207,241,184,164,142,181,218,150,130,115,115,101,93,87,81,73,63,58,89,77,62,54,48,44,38,35,34,27,24,21,16,14,12,12,8,7,6,4,3,3,3,3,2,2,1,1,1,1,1,1
korean	2	48	17	card	4828,3431,2854,2441,2161,1996,1804,1686,1518,1366,1284,1169,1068,1007,940,881,808,746,692,650,598,557,507,476,435,404,379,351,324,299,270,246,229,216,197,186,175,150,133,125,116,103,94,79,70,61,56,49,43,32,27,20,15,7,6,2,1,0,0,0,0,0,0,0,0,0,0,0,0,0
korean	2	48	18	host	16627,12116,9566,7958,7612,6078,6162,5179,4763,4469,4082,3912,3517,3812,3174,3389,2980,2727,3013,2714,2426,2609,2345,2175,2202,2309,2179,2006,2292,1810,1904,1740,1805,1712,1697,1549,1781,1607,1658,1762,1422,1253,1298,1558,1381,1165,1383,1297,1315,1162,1212,1062,1021,1131,1025,1015,1046,1000,945,966,860,980,1012,839,807,842,943,1078,891,823,747,821,758,792,781,681,711,710,689,757,791,679,587,566,612,568,636,555,586,516,635,671,613,586,509,537,478,534,556,528,509,551,486,452,441,491,420,455,486,432,516,446,387,379,372,381,323,367,334,340,342,349,308,302,295,440,411,336,333,283,287,284,262,309,274,275,260,245,225,241,229,242,242,215,349,295,254,244,233,202,186,193,184,202,183,186,180,170,216,176,157,194,170,150,123,115,131,133,128,122,121,121,146,129,124,124,122,122,159,160,192,208,226,287,190,236,277,239,250,293,217,241,164,209,174,141,132,121,106,97,96,86,83,75,83,76,68,64,60,64,57,53,48,44,40,36,34,32,30,27,25,22,18,16,15,13,12,11,8,7,6,5,3,2,1,1,1,1,1,1,1
korean	2	48	18	card	14213,7280,5007,3828,3202,2732,2410,2125,1922,1729,1566,1471,1340,1233,1135,1065,964,895,825,758,697,624,575,519,465,428,400,364,318,293,267,238,212,193,174,156,139,120,106,90,76,69,55,47,43,36,31,24,18,8,0,0,0,0,0,0,0,0,0,0,0,0,0,0,0,0,0,0,0,0
korean	2	48	19	host	31720,14343,6024,4769,4232,3707,3706,3490,3095,2883,2911,2772,2534,2652,2518,2509,2468,2418,2302,2373,2205,2122,2223,2111,1990,1922,1847,1895,1809,1738,1690,1689,1684,1672,1483,1549,1389,1413,1450,1454,1323,1431,1443,1411,1423,1315,1245,1256,1332,1269,1160,1168,1162,1214,1175,1144,1082,1085,1145,1097,1077,1029,1039,981,1041,971,939,970,1007,982,1076,937,851,870,901,849,843,846,853,850,794,819,774,802,765,711,703,706,685,783,750,788,754,818,734,705,698,669,709,644,707,659,700,633,632,684,664,636,575,538,568,599,546,543,608,569,553,521,520,490,492,516,526,498,467,450,433,432,448,443,441,432,499,492,484,477,459,486,474,417,423,411,374,356,388,396,355,342,347,398,431,382,337,323,304,312,302,330,303,281,268,291,272,299,283,283,247,247,255,258,273,286,269,333,293,257,228,222,251,230,212,219,230,205,213,216,239,203,186,176,161,164,190,191,177,203,203,198,198,181,190,190,208,177,161,188,165,183,165,170,137,138,118,112,116,104,99,90,86,100,81,85,80,82,102,87,101,99,107,123,138,125,133,129,112,131,165,147,145,126,113,110,128,128,107,107,92,81,83,76,66,59,57,49,43,40,38,36,33,28,27,22,18,17,13,13,10,10,7,6,5,5,4,2,1,1
korean	2	48	19	card	8302,4894,3635,2929,2500,2238,1919,1768,1596,1456,1383,1265,1165,1109,1052,979,923,869,817,770,722,690,645,616,582,552,514,488,462,438,412,386,365,347,325,307,292,278,259,239,227,214,201,185,173,166,160,148,133,115,111,100,94,89,79,66,59,52,43,34,28,16,9,7,3,1,1,0,0,0
korean	2	48	20	host	32041,27282,14558,9895,7451,6418,5906,5078,4789,4409,3879,3913,3342,2888,3306,2772,2731,2740,2636,2209,2152,2147,1986,1824,1852,1765,1777,1582,1826,1621,1444,1505,1283,1393,1378,1169,1182,1241,1207,1103,1076,1168,984,1058,986,1005,888,922,927,888,887,804,825,796,802,832,667,705,737,893,897,762,685,706,604,541,642,639,698,635,558,593,512,471,533,560,452,491,477,445,407,568,464,619,484,428,468,396,367,404,366,352,365,400,375,366,356,366,400,371,366,351,315,304,420,332,376,338,290,265,269,268,289,292,263,266,257,246,220,199,215,191,184,266,241,200,191,187,242,198,221,250,329,304,252,305,255,254,210,178,160,182,147,152,148,141,126,122,152,118,111,112,131,143,207,157,178,152,124,122,168,172,165,133,116,139,162,138,143,171,135,138,169,145,110,99,141,116,105,135,108,98,84,75,64,59,57,48,54,49,45,37,37,32,30,27,25,24,21,18,16,13,12,11,9,8,4,4,3,2,2,1,1,1,1,1
korean	2	48	20	card	15158,8439,4703,3583,2870,2331,2003,1791,1613,1476,1334,1196,1081,993,919,860,791,734,697,636,587,544,503,467,433,401,371,343,320,293,271,251,233,209,194,180,157,141,121,112,95,80,71,53,43,36,30,19,13,7,5,3,0,0,0,0,0,0,0,0,0,0,0,0,0,0,0,0,0,0
korean	2	48	21	host	34718,28402,22433,18215,9273,7500,5521,5457,4699,4481,4100,4037,3550,3324,3112,2955,2523,2867,2392,2324,2272,2161,2136,1983,1816,2040,1710,1675,1648,1576,1604,1469,1373,1503,1421,1320,1317,1302,1178,1255,1295,1236,1210,1077,1018,992,1058,1063,982,954,920,893,1042,982,803,902,901,883,738,801,800,751,797,883,779,693,595,625,623,677,604,621,629,685,587,538,614,606,573,591,534,485,566,555,490,477,439,458,506,530,462,412,443,473,390,354,428,371,424,476,415,396,388,352,403,374,320,359,322,298,265,273,337,279,273,239,219,302,304,301,268,256,290,258,261,227,223,272,285,231,203,190,233,205,182,213,230,247,203,201,204,182,186,177,203,171,171,140,139,129,116,107,104,112,101,93,138,102,97,157,141,97,98,97,121,103,112,187,132,140,124,107,183,204,174,167,136,151,138,126,108,157,122,128,101,91,91,91,84,82,104,85,68,60,57,55,44,40,38,32,30,29,25,24,22,20,18,17,16,13,9,6,5,3,2,1,1,1,1,1
korean	2	48	21	card	4013,2750,2203,1858,1708,1548,1370,1233,1138,1026,933,838,752,670,617,551,503,462,428,399,369,344,318,300,282,259,235,221,207,188,176,158,149,139,130,119,111,102,87,78,72,66,60,55,48,37,31,29,22,17,12,6,2,1,0,0,0,0,0,0,0,0,0,0,0,0,0,0,0,0
korean	2	48	22	host	33249,26756,18729,13426,10071,8058,6752,6379,5762,5201,5296,4219,3939,3766,3297,3524,3139,2762,2495,2565,2726,2288,2291,2286,2091,2110,1994,1670,1686,1751,1762,1748,1457,1430,1449,1496,1347,1129,1239,1106,1278,1283,1239,1118,1130,1053,944,933,1008,882,1005,1027,954,910,823,887,869,764,922,739,814,735,866,720,627,652,658,622,624,633,601,570,602,534,557,581,549,508,557,500,519,529,477,468,495,470,436,449,405,456,456,430,382,333,409,444,434,403,392,413,421,432,431,412,338,291,302,257,271,277,264,267,304,265,264,272,317,307,289,265,259,214,218,220,238,205,195,174,173,161,169,191,184,173,176,215,205,195,202,227,196,195,177,177,316,174,180,156,149,139,135,124,114,105,103,128,102,97,88,97,103,96,83,83,152,99,109,214,110,111,118,161,197,123,134,148,149,126,149,141,126,112,103,105,141,128,110,95,87,82,89,80,71,139,74,68,59,64,59,49,46,40,39,37,31,30,29,25,22,20,18,13,12,12,12,11,9,8,7,6,3,3,3,2,2,1
korean	2	48	22	card	6720,4549,3685,2929,2029,1596,1274,1020,873,774,652,580,525,460,400,371,321,286,249,220,202,180,157,145,132,119,105,91,85,79,72,63,53,51,49,44,37,30,25,22,18,14,10,8,6,3,0,0,0,0,0,0,0,0,0,0,0,0,0,0,0,0,0,0,0,0,0,0,0,0
korean	2	48	23	host	41195,18524,14544,10825,9263,9123,8264,7191,6079,4574,4271,3505,3526,3142,3014,2991,2615,2553,2456,2256,2159,2377,2015,2088,2016,1993,1753,1661,1770,1746,1605,1631,1606,1547,1499,1488,1338,1227,1311,1387,1228,1167,1227,1146,1163,1156,1055,994,1041,1075,1025,978,950,1104,977,1016,928,844,865,798,803,886,856,781,725,769,673,752,770,681,717,663,724,672,601,577,675,638,696,590,573,541,636,556,618,570,548,546,525,520,447,449,418,410,362,429,419,465,440,437,412,396,399,383,353,356,391,380,371,328,336,344,356,349,312,312,296,297,291,327,326,322,305,290,289,309,284,280,281,298,287,270,257,268,250,236,257,212,206,202,210,198,224,187,175,181,222,180,169,158,177,184,187,217,209,226,198,196,180,187,216,211,170,160,147,155,141,132,126,119,110,109,103,100,96,110,102,93,79,78,79,72,84,71,66,74,71,86,93,104,95,93,85,87,84,98,99,121,154,173,145,136,133,125,127,117,111,103,103,93,98,89,79,71,67,62,59,55,50,48,48,44,42,36,34,34,31,30,27,26,23,19,18,16,12,10,9,6,14,8,6,6,5,4,3,2,2,2,2,2,2,1,1,1,1,1,1,1,1,1,1,1,1,1,1,1,1,1,1,1,1,1,1
korean	2	48	23	card	6433,2826,2236,1774,1519,1355,1193,1094,982,907,822,769,723,671,626,589,562,540,514,481,447,420,401,381,359,337,318,303,283,265,251,233,217,203,188,176,158,143,131,120,115,95,84,76,68,64,57,53,45,33,30,23,16,13,8,5,2,2,1,1,1,1,1,0,0,0,0,0,0,0
korean	2	48	24	host	22169,17181,11317,8434,7198,6118,5426,4674,4279,3823,3603,3312,3258,3024,2648,2656,2747,2448,2434,1956,2047,1739,1972,2137,1652,1656,1785,1539,1500,1414,1300,1473,1374,1375,1464,1328,1212,1190,1051,1078,1079,1028,1084,910,1002,904,963,987,911,889,800,775,856,843,810,799,692,794,707,686,642,775,687,836,705,680,583,606,568,465,588,531,581,492,431,462,434,613,578,491,422,507,472,402,504,387,433,429,432,375,414,330,328,364,347,283,387,399,311,348,339,361,344,362,357,305,374,291,241,217,259,211,201,221,244,215,191,234,192,387,204,231,169,171,180,151,157,231,207,285,231,288,263,202,173,177,173,189,176,177,158,133,122,116,117,110,100,111,102,111,87,84,74,69,111,114,187,134,161,115,100,101,143,147,149,172,148,137,129,269,192,226,156,144,147,122,107,140,109,87,78,74,67,63,60,65,56,49,46,55,53,42,38,36,30,27,23,21,20,18,18,16,13,10,8,7,6,6,6,5,5,5,4,3,2,2,1
korean	2	48	24	card	22474,15285,12604,9720,6496,3616,2693,2232,1850,1665,1481,1294,1141,1010,906,824,727,662,610,548,490,441,404,364,337,306,281,258,236,217,199,180,169,151,139,125,110,100,91,82,72,64,57,51,41,37,31,24,14,5,3,3,0,0,0,0,0,0,0,0,0,0,0,0,0,0,0,0,0,0
korean	2	48	25	host	33160,20828,17019,14184,12175,11128,9660,8531,7456,7043,6298,5776,4662,4071,3796,3635,3130,2840,2657,2557,2333,2423,2279,2237,1842,1985,1912,1803,1580,1457,1419,1419,1451,1360,1237,1296,1156,1049,1106,1148,1113,987,987,841,776,910,835,863,789,784,736,759,731,709,695,881,797,605,715,507,520,644,789,653,600,545,544,475,564,487,461,441,416,393,411,400,432,382,388,434,406,366,326,335,370,310,291,294,290,393,295,441,351,278,334,345,287,255,260,249,238,216,212,228,236,289,365,352,294,292,218,205,286,232,230,212,261,230,261,213,184,176,177,165,174,150,135,165,136,123,118,122,109,141,107,96,115,100,89,79,76,135,151,110,100,104,176,150,130,117,259,162,118,165,261,257,186,191,175,158,164,133,139,152,129,114,103,112,96,86,76,73,96,80,108,80,73,75,64,63,50,46,39,37,35,29,27,27,25,24,21,18,16,14,12,8,7,7,6,6,3,1,1,1,1,1,1,1,1,1,1,1,1,1
korean	2	48	25	card	9663,6626,4346,3136,2123,1486,1139,890,733,612,526,446,389,370,336,300,277,250,227,208,189,172,158,145,132,120,105,98,93,83,75,69,64,55,51,44,42,36,31,27,24,18,9,7,3,3,2,1,1,1,0,0,0,0,0,0,0,0,0,0,0,0,0,0,0,0,0,0,0,0
korean	2	48	26	host	33067,24198,18443,13648,10461,8484,7101,6257,5393,5134,4419,3746,3701,3304,3191,2919,2792,2917,2338,2029,2322,2132,2057,1947,1769,1644,1646,1411,1207,1451,1363,1203,1311,1195,1426,1078,1032,888,881,1130,1169,975,864,848,856,776,723,787,788,666,682,597,748,578,561,664,567,577,597,597,525,499,596,566,499,450,497,439,505,421,423,490,530,487,399,386,346,433,341,317,359,398,409,406,360,352,331,306,311,342,299,337,355,307,290,303,292,427,320,311,286,264,264,284,235,235,245,251,259,247,284,229,247,208,190,175,161,218,157,184,273,259,228,216,234,197,189,214,232,201,215,193,206,202,193,175,159,189,148,139,125,126,113,164,155,125,116,108,87,150,126,161,113,149,176,131,115,126,180,134,122,128,109,97,98,102,136,108,102,136,158,146,126,143,130,160,227,177,156,155,129,135,120,110,98,100,109,97,85,74,71,65,59,57,69,59,51,55,47,45,43,38,36,33,31,27,24,22,21,18,16,14,13,11,10,8,8,8,6,6,4,4,3,3,3
korean	2	48	26	card	17294,12735,5682,3240,2404,1930,1643,1356,1109,936,790,665,585,515,461,407,354,321,295,273,246,224,203,186,171,156,144,135,118,111,103,99,91,80,73,66,56,49,45,42,38,35,28,23,16,12,8,5,5,2,1,1,0,0,0,0,0,0,0,0,0,0,0,0,0,0,0,0,0,0
korean	2	48	27	host	21415,15704,13902,11978,10433,8947,8022,7287,6829,6393,5707,4861,4542,4361,3872,3895,3402,2981,2669,2522,2551,2206,2370,2029,1984,1723,1786,1848,1626,1525,1480,1385,1298,1371,1310,1418,1188,1415,1182,1090,1041,1056,1133,1133,1041,952,974,1092,903,829,995,863,838,829,712,991,955,883,768,743,741,634,699,613,646,666,622,640,619,572,585,596,602,570,495,531,480,533,494,452,482,516,441,452,509,476,448,458,412,422,423,397,390,390,385,406,368,332,376,394,339,392,371,339,361,328,307,280,272,262,267,251,285,299,314,338,417,319,293,259,248,267,285,270,238,218,217,220,221,197,182,202,188,188,193,192,212,209,183,191,205,303,275,335,251,213,226,215,222,346,261,195,175,165,148,185,150,136,138,118,110,107,103,102,107,137,119,104,90,83,74,69,67,65,121,122,99,130,120,136,114,102,151,131,137,141,130,133,158,173,145,116,111,128,181,154,131,122,109,114,100,113,100,87,80,77,69,65,69,61,56,48,46,42,40,38,36,34,33,32,29,24,21,16,16,15,11,6,6,5,5,5,5,4,2,2,2,2,1,1
korean	2	48	27	card	17036,7462,4662,3305,2469,2036,1655,1314,1143,1017,921,836,734,660,610,560,513,472,440,400,376,350,326,300,276,256,232,208,191,174,158,145,130,124,112,103,91,80,73,68,62,51,50,41,37,32,26,22,16,12,8,4,2,0,0,0,0,0,0,0,0,0,0,0,0,0,0,0,0,0
korean	2	48	28	host	29816,24769,21048,16857,11371,10320,7935,7164,6216,5115,4859,4293,3956,3511,3533,2743,2663,2595,2570,2112,2493,2066,2012,1680,1711,1728,1602,1532,1428,1493,1363,1459,1691,1187,1224,1199,1117,1142,1046,966,946,834,896,992,871,768,711,673,790,718,677,604,632,754,647,630,607,555,618,586,585,501,528,526,492,465,546,470,506,434,435,417,404,469,387,357,441,405,351,441,383,324,351,405,370,341,364,371,374,301,307,263,312,323,267,289,301,239,245,241,298,288,246,297,253,225,211,252,190,173,173,174,152,194,316,232,269,213,201,289,215,188,168,188,163,164,166,142,129,141,145,134,151,129,211,180,144,127,109,126,103,92,82,79,133,126,125,145,159,134,119,123,111,100,136,124,158,133,161,122,132,110,111,98,112,232,146,128,110,101,92,91,126,94,88,96,107,97,94,84,91,79,68,65,61,55,52,49,42,41,40,37,34,30,49,45,34,27,23,18,14,12,10,9,8,7,7,7,5,5,4,3,1,1,1,1,1,1,1,1,1,1
korean	2	48	28	card	9879,5787,4400,3443,2891,2449,2069,1753,1465,1279,1124,1017,926,840,772,714,657,597,537,493,453,412,384,360,328,299,269,246,226,205,192,176,159,145,120,106,93,84,75,69,54,46,42,38,31,24,18,11,7,2,0,0,0,0,0,0,0,0,0,0,0,0,0,0,0,0,0,0,0,0
korean	2	48	29	host	38358,31669,24254,9838,7528,6512,5834,5181,4417,4152,4068,3394,3148,3104,2909,2426,2779,2425,2232,2049,1855,1947,1712,1658,1721,1740,1592,1591,1651,1447,1241,1288,1286,1238,1307,1317,1234,1026,1075,1110,1020,957,959,953,883,821,904,849,774,886,889,757,760,900,794,698,748,691,689,701,639,629,596,646,705,675,576,499,556,697,596,669,564,562,481,471,489,546,499,460,510,465,434,432,407,385,425,402,406,377,380,442,506,437,391,355,315,348,369,345,350,319,320,308,350,391,356,378,333,307,294,291,291,292,308,282,259,289,244,250,225,228,212,223,228,271,226,193,209,221,198,188,205,300,235,211,195,190,177,168,179,175,174,182,181,191,181,179,164,153,139,180,300,189,164,149,137,126,141,170,118,109,102,103,97,91,86,107,93,94,102,102,90,96,91,192,129,110,106,126,106,126,115,118,108,114,133,110,123,222,143,145,128,115,117,151,121,103,89,117,79,98,90,85,95,76,68,65,59,51,49,45,45,42,45,38,33,28,27,25,23,21,17,15,13,12,12,10,10,9,8,8,8,7,5,4,4,4,3,3,2,1,1,1
korean	2	48	29	card	17779,4680,3030,2265,1819,1433,1228,1060,909,815,730,652,588,535,498,460,421,379,346,316,284,260,240,226,212,196,176,163,151,146,135,116,110,104,96,87,82,76,70,66,58,54,49,44,38,28,26,18,17,15,11,8,5,3,3,2,1,0,0,0,0,0,0,0,0,0,0,0,0,0
korean	2	48	30	host	23969,20366,18415,16728,13028,9255,6296,5681,4181,3895,3665,3355,3064,2990,2540,2452,2335,2290,2087,1941,1898,1900,1899,1935,1609,1763,1551,1345,1280,1347,1407,1255,1278,1301,1318,1188,1127,1066,1091,1070,973,1089,1001,929,941,911,945,943,879,824,776,757,778,840,726,729,824,758,710,670,618,668,614,591,679,613,590,695,732,567,570,636,531,513,519,471,446,432,437,453,467,435,454,419,388,391,431,436,430,393,406,377,482,479,403,380,310,371,355,329,310,394,375,292,283,281,314,270,334,303,294,292,291,238,215,195,253,227,290,245,266,235,198,190,208,210,203,200,201,246,205,216,243,199,173,194,175,196,287,201,201,158,162,149,160,149,160,134,144,127,123,135,125,112,112,97,96,148,121,95,83,75,75,70,85,80,88,103,134,121,124,107,99,92,104,124,289,113,109,108,103,122,141,113,116,97,105,97,121,121,93,98,85,84,78,70,95,71,61,55,52,48,41,39,35,33,31,28,24,22,18,16,16,16,12,11,9,8,8,8,7,3,2,1,1,1,1,1
korean	2	48	30	card	19332,10668,4703,3529,2820,2316,2055,1782,1580,1386,1219,1133,1029,953,841,757,694,636,594,545,499,458,422,395,353,314,288,263,242,219,194,182,168,155,136,124,116,108,99,90,77,72,66,63,59,51,46,41,31,24,21,17,9,7,2,2,1,0,0,0,0,0,0,0,0,0,0,0,0,0
korean	2	48	31	host	25887,21457,18427,12968,9542,7492,6594,5004,4651,4131,3619,3323,2949,2872,2563,2390,2253,2184,1924,2167,2090,1699,1843,1633,1651,1634,1507,1348,1411,1321,1381,1272,1310,1205,1257,1137,1207,1113,1025,970,1061,1072,1111,959,952,896,880,957,847,869,882,811,805,774,712,738,715,715,696,678,665,612,614,629,601,589,658,585,600,529,517,565,569,720,542,482,457,484,482,492,424,520,486,505,444,407,375,344,455,395,443,390,403,383,339,315,303,272,278,261,254,352,277,316,308,386,314,310,326,313,258,249,218,205,221,211,220,198,195,182,202,180,168,171,183,200,234,249,186,169,180,193,206,245,181,183,214,159,137,125,116,104,96,106,99,86,79,78,76,74,76,71,67,105,88,111,133,111,119,185,118,120,111,153,113,208,128,136,121,120,159,149,115,110,105,95,92,80,80,86,77,85,83,74,63,67,61,58,52,48,42,37,32,27,26,25,25,23,19,18,16,15,13,12,9,7,7,7,7,5,5,3,2,2,1
korean	2	48	31	card	32726,10079,5772,3511,2606,2064,1711,1418,1239,1091,969,869,786,710,658,598,545,511,473,434,401,378,352,332,313,285,265,244,224,208,191,178,165,150,144,134,127,111,97,89,84,75,70,63,57,48,41,38,34,22,16,9,6,3,2,1,0,0,0,0,0,0,0,0,0,0,0,0,0,0
korean	2	48	32	host	28622,23529,20205,14612,11458,8412,7329,6028,4933,4252,3687,4057,3450,2678,2675,2597,2165,2360,2286,2063,1860,1670,1851,1705,1621,1444,1480,1325,1207,1276,1156,1155,1146,1095,1108,1100,934,1083,969,926,923,960,884,808,798,902,740,747,800,648,691,617,823,620,598,696,640,680,551,613,589,576,544,620,536,526,439,441,471,459,473,420,523,471,538,415,361,401,432,394,367,384,420,337,326,332,316,316,295,338,301,291,278,258,352,345,321,325,297,247,261,261,227,228,222,210,212,233,223,201,183,189,165,167,196,166,177,190,237,207,224,235,207,182,228,191,191,175,155,152,187,151,146,157,125,136,114,104,100,109,97,88,81,75,76,70,93,80,78,72,80,90,79,83,87,83,84,103,179,189,240,150,154,152,155,124,121,129,114,105,98,96,92,121,98,98,92,109,80,76,72,66,60,56,50,48,45,42,43,40,36,31,32,27,20,19,19,17,15,14,13,12,11,9,8,6,4,4,4,4,4,4,3,1,1,1,1,1,1,1
korean	2	48	32	card	33948,15602,2923,1862,1382,1176,1020,872,767,687,606,562,505,469,438,403,369,350,322,302,284,265,247,230,216,201,189,177,166,154,145,135,121,109,102,91,84,75,69,62,54,50,48,46,40,36,31,23,17,9,5,2,1,0,0,0,0,0,0,0,0,0,0,0,0,0,0,0,0,0
korean	2	48	33	host	33568,14867,11634,9793,8038,6921,5799,5167,4542,4084,4059,3442,3366,3005,2711,2551,2434,2178,2191,2257,1894,1845,1808,1809,1686,1659,1577,1485,1482,1416,1210,1162,1123,1262,1162,1010,1006,1135,1002,866,971,1069,882,795,845,734,887,776,787,740,672,803,598,749,597,709,748,538,546,558,551,565,588,513,501,593,486,502,451,385,427,453,408,423,416,432,400,414,375,352,317,314,343,296,277,326,416,333,294,296,318,274,288,260,253,272,301,282,240,220,225,207,223,221,209,186,203,194,226,207,184,226,191,228,224,210,222,220,201,185,236,188,170,209,171,162,148,135,125,144,134,126,118,105,110,96,90,84,85,80,75,70,67,69,72,92,79,80,90,99,108,152,118,100,126,391,135,119,117,110,133,135,157,141,144,153,112,103,105,107,117,153,102,94,84,76,71,65,75,74,71,63,76,62,61,54,50,48,43,41,35,37,31,29,26,23,19,18,15,13,12,11,8,7,7,6,6,6,5,5,5,5,5,5,4,3,3,2,2,1,1,1,1
korean	2	48	33	card	33894,14043,9294,5182,3390,2772,2354,2054,1844,1628,1454,1281,1173,1038,921,835,765,702,633,588,542,501,467,420,393,359,332,309,291,262,248,233,210,202,191,168,157,146,125,114,105,92,83,77,66,62,53,48,41,32,23,18,9,6,5,4,1,1,1,1,0,0,0,0,0,0,0,0,0,0
korean	2	48	34	host	34559,33417,29773,10169,7482,6047,5207,4646,4329,3871,3481,3193,3284,2922,2383,2529,2257,2241,1849,1826,1795,1710,1868,1554,1703,1513,1414,1443,1357,1395,1349,1302,1336,1140,1020,995,987,912,974,918,894,954,887,816,842,818,771,678,709,852,730,673,670,652,630,633,580,552,640,542,560,579,602,525,516,458,466,562,454,409,432,464,445,395,407,391,360,372,399,427,437,408,372,319,278,304,317,287,268,266,304,283,292,271,307,276,260,253,257,254,206,247,235,224,198,184,185,198,185,178,173,184,159,201,173,176,197,226,204,231,253,212,234,212,194,179,158,147,136,125,138,117,146,119,108,102,98,91,85,81,78,86,88,85,97,86,100,87,99,91,125,99,84,86,84,90,86,94,90,112,130,107,139,130,129,120,172,139,121,110,103,102,109,141,138,110,105,91,82,75,70,65,64,62,55,54,50,47,45,43,42,38,34,35,29,27,26,21,19,18,18,16,16,14,12,10,8,7,6,5,3,2,2,2,2,1,1,1,1,1,1,1,1,1,1
korean	2	48	34	card	15978,11391,4643,3728,3208,2762,2268,1882,1619,1396,1124,1009,895,793,711,651,582,538,491,451,414,387,355,328,308,289,259,248,224,206,187,172,153,145,133,123,107,99,93,86,69,63,59,57,51,43,40,33,30,18,13,6,4,3,2,0,0,0,0,0,0,0,0,0,0,0,0,0,0,0
korean	2	48	35	host	39971,31107,14907,10655,6845,5672,4803,3899,3580,3257,2955,2693,2704,2514,2344,2365,2203,2158,1935,2008,1960,1777,1970,1670,1641,1541,1498,1412,1484,1259,1356,1337,1247,1219,1219,1274,1071,1075,1064,1053,905,947,944,882,880,886,834,821,787,876,846,747,733,800,775,756,714,711,637,680,625,634,605,520,517,559,521,589,548,581,527,543,516,477,479,489,473,448,416,391,423,398,431,377,442,396,385,391,376,378,353,364,371,357,340,353,312,298,278,273,285,281,358,330,283,271,291,298,296,341,280,302,248,235,255,215,202,204,221,238,231,222,224,172,167,200,217,219,190,196,179,161,215,180,195,302,245,242,235,189,172,155,166,144,152,127,120,112,102,95,90,86,83,81,109,87,80,77,80,89,109,108,120,102,108,112,113,106,109,113,103,99,121,91,84,98,96,111,100,138,122,114,101,117,101,93,104,104,123,101,83,77,70,63,55,53,50,46,46,41,38,34,32,31,28,28,23,21,19,18,21,17,13,12,11,7,6,5,3,3,3,3,2,2,2,2,2,2,2,1,1,1,1,1
korean	2	48	35	card	39544,5619,4009,2796,2209,1777,1435,1226,1041,927,792,699,600,543,491,438,397,367,331,297,254,229,210,192,182,164,150,138,127,119,112,105,93,89,82,77,68,59,53,45,41,34,26,25,20,16,10,7,5,3,0,0,0,0,0,0,0,0,0,0,0,0,0,0,0,0,0,0,0,0
korean	2	48	36	host	39335,12787,8140,6806,5820,5266,4949,4400,3983,3482,3476,3250,3045,2714,2522,2550,2445,2307,2133,2041,1893,1968,1904,1823,1796,1746,1613,1590,1494,1580,1586,1464,1451,1382,1304,1374,1140,1201,1158,1150,997,1171,1120,1069,1013,1029,931,912,931,846,809,870,910,899,800,746,914,817,808,712,737,737,733,661,589,531,583,693,618,593,617,566,499,529,488,492,480,547,531,552,494,513,582,488,464,446,429,428,389,354,430,384,360,343,370,419,450,412,401,364,337,339,307,292,260,343,295,281,267,243,238,257,237,248,335,415,254,299,296,257,233,227,214,211,210,238,255,223,207,165,266,195,231,203,193,197,181,172,164,172,174,170,163,143,128,116,130,108,101,97,104,148,115,102,97,107,84,106,100,85,110,110,104,94,86,80,92,88,124,134,122,114,121,147,137,121,123,105,88,102,108,108,121,98,128,126,101,89,78,73,64,66,60,73,58,49,45,87,46,41,34,33,30,32,27,24,22,20,18,15,13,13,12,11,9,7,6,4,3,3,2,2,2,2,1,1,1,1,1,1,1,1
korean	2	48	36	card	42589,10153,4774,3063,2722,2304,2076,1930,1739,1592,1456,1320,1189,1054,949,834,741,646,600,540,491,451,411,374,353,319,303,276,253,233,212,197,183,170,149,138,128,115,105,96,83,74,66,61,52,41,34,28,23,19,13,8,2,1,1,1,1,0,0,0,0,0,0,0,0,0,0,0,0,0
korean	2	48	37	host	41616,38691,36085,11840,7107,5499,4865,4383,3996,3436,3259,3040,2847,3013,2462,2357,2208,2112,2130,1915,1899,1797,1836,1813,1575,1481,1671,1488,1391,1397,1334,1161,1313,1358,1283,1081,1148,1033,1053,1074,1020,1028,950,872,848,883,781,849,843,781,812,774,753,774,700,635,594,664,719,630,644,665,606,621,668,551,554,578,541,498,584,616,471,463,401,508,451,436,380,378,409,429,384,379,348,409,461,385,421,355,337,316,310,277,273,277,296,296,313,276,282,258,250,277,250,227,224,261,259,244,235,236,223,214,195,210,203,220,196,225,176,177,158,177,159,173,156,172,154,157,157,161,133,129,143,186,140,119,133,128,108,103,93,83,79,75,73,85,83,78,83,73,88,72,72,74,119,90,74,107,107,84,81,107,110,114,95,110,121,98,87,105,99,101,107,94,81,70,69,66,59,59,53,49,46,54,44,41,37,33,32,30,28,25,22,22,19,17,15,14,12,12,10,8,8,7,5,3,3,3,3,2,2,2,2,2,2,6,5,4,4,2,2,2,2,2,2,2,1,1,1,1,1,1,1,1,1,1,1,1,1,1,1,1,1,1
korean	2	48	37	card	11675,4848,2953,1872,1529,1339,1207,1064,962,881,811,750,664,621,566,526,493,444,410,378,352,327,299,280,259,243,229,208,192,177,160,146,135,122,113,102,91,85,83,74,64,59,57,51,47,45,40,33,28,21,14,12,7,4,4,2,1,0,0,0,0,0,0,0,0,0,0,0,0,0
korean	2	48	38	host	41655,35645,32796,15690,11137,8807,6971,5339,4580,4693,3827,3634,3321,3092,3154,2748,2506,2429,2273,2320,2270,2115,1939,1847,1704,1791,1678,1513,1467,1371,1340,1412,1304,1422,1248,1208,1160,1269,1111,1096,1078,1093,943,888,913,988,958,891,848,824,773,777,742,751,760,771,774,706,677,612,587,560,647,637,566,511,570,487,500,480,526,496,455,639,476,432,448,442,432,395,423,414,486,421,392,369,374,358,376,336,373,331,322,291,308,353,370,339,320,288,299,307,270,264,244,253,277,253,250,247,270,244,218,204,202,255,241,217,190,194,222,177,196,163,159,153,204,183,191,198,191,220,195,201,205,190,172,154,190,164,171,166,161,152,136,122,115,106,99,94,92,89,92,98,95,89,82,85,77,72,77,73,79,123,114,82,88,83,87,97,74,87,91,152,189,131,115,114,117,170,133,120,105,110,101,106,98,89,76,69,66,63,56,54,49,46,42,40,34,31,29,29,27,26,26,22,20,19,18,16,15,13,9,7,14,12,9,8,4,3,3,3,2,1,1,1,1,1,1,1,1,1,1,1
korean	2	48	38	card	2961,2039,1636,1378,1206,1065,936,865,746,675,580,505,436,385,338,300,274,253,238,214,193,178,159,144,131,122,109,98,93,79,72,68,61,57,55,49,47,45,37,28,23,19,15,12,7,4,2,0,0,0,0,0,0,0,0,0,0,0,0,0,0,0,0,0,0,0,0,0,0,0
korean	2	48	39	host	40096,35787,32678,8696,6268,5117,4344,4056,3819,3667,3217,3097,2823,2747,2625,2501,2680,2446,2136,2060,2044,1936,1903,1779,1601,1502,1511,1337,1500,1290,1184,1298,1224,1250,1070,985,1018,872,976,815,885,816,824,749,737,691,760,709,661,685,650,692,660,637,557,572,592,547,528,459,485,499,498,532,501,494,530,456,434,393,400,367,367,361,373,420,432,375,380,364,402,374,387,332,301,323,313,291,313,321,316,283,305,290,272,276,264,276,292,246,263,238,236,245,248,214,205,209,206,200,180,197,225,218,181,197,171,165,175,181,188,176,199,189,169,180,218,173,192,168,188,163,156,151,163,137,140,126,118,112,105,100,94,89,83,80,75,74,72,66,66,97,96,98,121,92,94,143,97,101,101,90,85,110,107,110,107,127,115,95,97,93,94,84,78,92,130,114,97,88,81,74,76,68,64,66,61,59,53,47,45,43,38,38,37,33,32,31,27,26,23,19,18,14,13,11,7,6,6,5,4,3,9,9,5,4,3,2,2,2,2,2,2,1,1,1,1,1,1,1,1,1,1,1,1,1,1,1,1,1,1,1
korean	2	48	39	card	32849,5027,2391,1761,1419,1196,1019,878,793,730,660,600,540,488,444,416,387,364,336,312,290,273,251,230,217,198,188,180,166,157,142,134,128,118,110,99,92,84,77,69,64,57,48,45,41,37,26,20,16,11,10,7,4,2,1,0,0,0,0,0,0,0,0,0,0,0,0,0,0,0
korean	8	12	0	host	44588,18311,13748,7448,6421,5359,5375,4752,3762,3622,3075,3399,3217,2106,2185,2463,2175,1771,1905,2301,2104,1658,1568,1949,1423,1869,1335,1504,1542,1544,1702,1610,1587,1440,1231,1263,1377,1103,1149,1545,1281,1376,1153,1017,1186,1163,864,922,1478,1219,1291,1125,1133,942,972,1101,918,1223,1096,977,799,1077,869,1001,942,922,953,939,844,838,764,833,796,896,1056,877,892,1000,843,960,800,744,872,844,723,660,686,843,724,909,956,753,845,723,674,628,536,593,650,684,791,868,766,749,724,699,626,551,638,596,631,648,624,514,474,602,523,597,625,534,469,466,472,620,635,524,657,646,670,680,594,533,542,570,489,487,538,483,443,478,426,387,354,462,689,620,551,476,425,386,358,318,362,425,386,350,308,287,338,373,331,307,335,389,423,379,626,532,475,533,541,491,436,401,373,358,341,415,350,319,305,288,270,253,238,300,283,264,252,235,263,234,267,437,391,349,407,397,339,357,394,342,360,316,301,372,393,349,317,297,353,305,271,253,240,230,224,214,203,189,179,174,165,157,146,202,168,157,150,141,132,118,110,98,250,168,204,231,300,375,417,371,345,322,374,323,306,281,259,252,237,223,209,198,189,179,173,166,157,153,148,142,136,129,121,117,112,108,100,95,85,83,75,73,127,113,99,91,137,160,148,139,117,151,139,155,166,192,179,197,169,156,178,169,208,186,247,335,262,229,194,177,161,152,143,134,127,122,117,106,105,98,93,117,109,105,96,94,88,85,82,77,76,71,71,67,59,59,56,51,48,46,46,45,43,41,40,36,33,33,30,27,25,25,25,25,21,19,17,17,16,16,14,11,10,10,9,8,8,5,2,2
korean	8	12	1	host	33585,17126,11480,7377,6594,5857,4878,4922,4480,4333,3491,3495,3285,3194,3623,3263,3077,2205,2718,2592,2262,2168,2412,1616,1925,2448,1788,1877,1852,1825,1837,1747,2098,1744,1587,1539,1593,1731,1640,1287,1813,1666,1394,1698,1343,1173,1138,1104,1150,1055,1132,952,1159,1161,1053,1093,1233,1232,1425,1079,1251,985,1254,1092,1325,1252,1022,1031,975,768,885,802,905,760,742,701,1213,973,853,695,643,829,748,790,846,780,656,811,753,636,840,684,717,627,684,644,878,844,672,731,591,722,666,774,737,642,730,842,594,509,561,445,695,600,629,559,637,600,531,768,596,523,587,500,421,415,336,356,331,722,599,680,571,596,500,455,510,552,573,522,452,416,385,362,404,367,495,333,320,434,454,514,458,456,466,426,389,361,506,383,433,392,456,510,423,379,356,333,310,289,271,257,296,277,261,244,223,271,217,199,301,270,364,328,282,260,237,300,266,238,283,266,281,345,298,326,306,275,258,237,347,314,286,251,239,226,377,322,301,284,233,220,241,218,204,198,183,172,166,203,190,177,217,208,332,275,239,267,307,289,260,246,302,365,298,269,249,363,262,219,207,192,185,238,221,193,182,179,164,159,150,144,141,133,130,125,118,110,174,162,140,119,108,97,92,89,85,82,79,73,176,115,109,148,121,109,134,120,114,215,177,191,171,159,195,173,240,200,186,170,160,182,168,156,150,288,269,176,151,189,180,162,150,136,119,114,106,99,92,90,120,117,108,104,104,98,93,87,81,76,74,72,72,69,67,64,63,58,55,50,50,47,46,45,43,41,39,36,33,32,31,29,29,25,24,24,21,19,17,17,16,15,13,11,10,7,7,6,4,4,4,4,3,1
korean	8	12	2	host	43387,13252,7651,8362,7512,7179,6724,5762,6150,4325,3833,3846,3916,3037,4056,2701,2292,2517,2362,2473,3457,1852,1991,2662,1924,2018,2324,1733,2164,1839,1697,2084,1597,1299,1607,1772,1895,1336,1832,917,1167,1040,1374,867,683,1418,908,1554,1034,888,836,860,1051,899,931,626,998,722,616,1022,1171,922,789,848,626,702,507,1082,703,849,701,637,683,748,549,462,459,738,389,557,543,638,822,515,371,558,640,644,528,403,373,291,527,426,443,364,400,558,825,538,412,348,499,347,284,421,343,303,264,291,229,1046,552,424,480,460,384,342,309,327,297,262,231,253,287,335,298,237,222,299,219,195,276,298,246,313,250,411,437,288,269,219,200,286,362,278,251,214,310,278,486,383,241,217,195,181,227,207,185,305,402,304,276,284,252,232,215,236,215,199,190,173,164,152,140,129,173,161,145,134,254,228,190,149,136,127,120,109,103,100,215,139,125,100,98,157,122,196,136,161,145,554,299,177,244,174,157,144,137,130,118,110,289,203,192,185,228,322,258,211,194,164,152,190,174,148,141,133,121,114,110,105,98,96,90,86,82,80,79,75,72,69,67,64,62,58,55,55,53,50,47,46,42,40,38,38,36,35,32,30,27,26,25,25,24,24,23,22,20,18,15,14,14,14,14,13,12,12,10,8,8,8,6,5,4,3,2,2,1
korean	8	12	2	card	4093,2995,2617,2193,1961,1704,1540,1372,1295,1165,1042,968,901,855,779,732,674,630,591,551,520,481,449,433,407,394,377,355,340,326,316,302,282,260,244,230,219,214,205,198,191,183,175,162,156,141,123,116,107,97,87,82,72,63,58,52,44,37,32,26,22,19,14,11,9,7,4,1,0,0,0
korean	8	12	3	host	33350,16654,9676,13425,11244,8597,6396,5391,5776,7132,4408,2929,2391,3743,1938,2703,2388,1787,2353,1958,1902,1593,1578,1172,1859,1414,1212,2737,1308,1093,1356,1678,1035,1002,1489,1067,1189,1398,988,944,1285,1664,1024,952,856,838,1051,1029,888,1121,819,839,1164,1181,797,673,889,887,791,727,850,1140,620,871,708,860,743,854,649,845,880,818,831,651,641,483,603,678,626,760,650,788,549,466,667,567,768,575,489,407,343,271,740,754,565,711,514,554,476,437,376,599,457,694,562,551,523,387,348,253,195,284,937,531,676,608,448,451,669,425,377,411,373,333,387,455,328,301,446,322,279,338,278,404,353,713,320,285,327,309,299,258,226,212,192,171,157,144,364,174,298,262,187,177,213,330,270,175,156,315,352,292,210,192,337,243,202,185,172,272,216,184,171,147,392,263,219,192,152,133,124,111,104,96,173,153,130,105,184,200,171,157,146,133,124,103,101,239,214,117,285,162,149,133,165,298,240,213,204,164,150,139,209,178,287,214,185,169,148,132,120,107,100,94,89,85,77,70,67,65,62,58,53,51,49,46,45,44,40,40,39,36,34,31,30,30,29,29,29,28,26,25,22,20,20,20,17,17,17,17,17,17,15,12,12,12,10,9,9,9,9,9,7,5,4,4,4,2,2,2,1,1,1,1
korean	8	12	3	card	8628,6958,3700,2838,2026,1680,1395,1180,1033,949,870,786,697,646,581,541,515,476,453,425,403,371,336,310,291,268,247,229,213,200,187,171,153,143,139,129,120,116,109,103,94,83,78,73,68,64,58,52,51,45,39,36,34,32,28,27,23,21,19,19,14,12,8,6,2,1,0,0,0,0,0
korean	8	12	4	host	32237,24102,18579,8253,6757,6984,5300,4554,4813,2978,2970,3312,3859,2558,2393,1823,2009,1801,2082,2420,2384,2281,1393,1682,1614,1559,1637,1858,1493,1896,1351,1462,1132,1551,1337,2022,1383,882,1370,1250,1232,1027,1492,1241,1315,1378,982,932,1335,932,1073,961,1003,852,1114,1245,1159,904,861,633,848,874,938,694,673,778,1054,981,747,896,716,550,835,634,846,673,675,818,568,414,484,734,791,885,725,582,554,513,419,576,634,506,430,579,511,473,879,807,543,471,521,487,398,346,417,381,369,334,293,606,412,793,422,609,464,519,492,417,473,443,350,304,275,348,359,302,260,337,282,593,355,400,361,255,223,487,272,295,389,309,253,358,301,369,295,279,326,415,311,281,248,224,207,189,308,263,300,269,237,215,198,181,162,257,211,194,180,158,773,433,356,270,187,215,192,179,164,145,129,193,180,145,123,109,103,89,154,132,118,103,97,87,83,134,110,165,142,132,121,107,101,90,477,301,215,192,177,290,203,338,208,238,202,191,260,217,183,166,157,147,210,197,174,168,161,152,143,132,125,121,111,104,98,96,88,85,83,78,74,70,67,66,63,60,57,54,52,48,45,44,44,44,42,39,36,35,33,33,32,31,28,27,25,25,24,23,23,22,19,19,18,15,13,12,12,12,12,12,12,10,10,10,9,8,8,8,7,4,3,3,2
korean	8	12	4	card	5293,3548,2792,2478,2121,1843,1654,1519,1361,1243,1178,1109,1019,893,805,698,624,570,522,456,428,385,372,337,301,280,264,251,234,219,213,198,186,177,168,159,147,135,129,119,113,105,97,96,83,79,70,62,53,50,47,42,39,35,32,29,27,26,19,17,16,14,10,10,7,5,4,3,0,0,0
korean	8	12	5	host	17906,16551,17617,13046,8273,4510,3882,3986,4220,3393,2961,2382,3147,2909,2479,3088,2316,2445,3032,2373,3201,1926,1934,1688,2307,1698,1711,1170,1701,1635,1993,1928,1649,1119,1122,1409,1969,1562,1469,1245,1177,1286,1085,1069,909,1761,1299,1020,1179,1039,1092,844,1210,1078,1001,1019,722,1252,1064,1184,849,1136,1133,1117,690,591,634,797,839,1184,977,806,1086,771,1148,1002,737,774,549,499,601,627,667,567,664,579,505,374,543,430,523,635,1009,701,550,429,495,520,514,513,427,512,464,458,447,614,440,312,461,507,782,537,442,431,604,498,448,386,439,367,327,293,458,523,456,353,282,496,399,505,625,473,381,449,374,345,617,463,503,388,473,508,497,369,301,271,354,343,288,258,242,222,209,188,175,204,189,173,151,289,202,175,229,351,254,241,542,489,518,495,391,306,258,238,277,250,227,204,367,267,251,209,189,174,169,157,143,233,203,170,153,140,126,118,113,107,232,176,140,135,126,116,282,131,190,176,147,121,114,246,227,307,203,307,309,280,231,206,251,203,223,359,275,232,219,195,187,159,148,142,139,133,118,114,104,103,100,97,90,85,82,79,77,73,70,69,65,62,60,56,53,52,52,50,48,47,44,40,38,37,35,34,32,31,31,31,30,28,25,24,24,22,21,18,18,17,17,15,15,15,15,13,13,13,12,9,9,8,7,7,7,5,4,3,3,2,1
korean	8	12	5	card	7454,5232,3304,2704,2099,1837,1590,1452,1316,1218,1079,1031,965,922,877,826,774,725,679,651,622,574,543,511,480,462,442,417,396,372,347,313,295,282,271,253,243,227,213,194,179,164,156,144,131,118,110,101,96,90,81,75,71,63,57,53,45,41,34,29,27,23,16,13,12,8,2,2,0,0,0
korean	8	12	6	host	19859,11775,10778,8760,6941,6107,4563,5510,4794,3605,3001,2494,2671,2727,3327,3496,3359,2329,2115,2284,1813,2297,1942,2454,1716,1581,2465,1677,2571,1551,1250,1358,2311,1297,1050,1853,1457,1111,1008,991,1131,1629,1195,1449,1705,1209,933,1658,896,1013,901,787,1574,931,816,1054,755,749,773,862,662,796,881,1572,860,888,557,700,530,657,644,685,675,748,614,536,561,432,772,400,687,898,582,644,607,957,824,602,701,438,375,275,381,855,754,802,567,1878,545,448,368,307,259,351,356,326,253,354,308,393,475,648,549,504,454,421,311,265,396,298,238,274,239,289,231,211,381,763,539,388,330,535,517,377,304,267,224,199,266,237,217,169,329,269,448,304,247,212,186,283,221,494,504,297,244,395,327,245,203,346,222,194,176,170,149,137,130,122,114,108,98,88,82,73,68,156,356,204,236,220,466,675,352,305,246,218,188,276,257,218,311,241,216,515,419,328,296,236,198,366,242,201,188,178,165,157,146,136,124,121,113,109,103,96,94,90,84,83,79,78,76,74,67,65,63,61,59,56,55,54,52,50,47,46,45,43,41,41,40,39,37,37,37,35,34,33,30,30,28,26,26,25,25,24,24,21,20,19,18,16,15,15,15,14,13,12,12,11,11,11,11,10,9,8,7,7,6,5,3,2,2
korean	8	12	6	card	13655,8996,5781,4321,3566,3075,2695,2402,2184,1949,1645,1345,1193,1005,902,795,730,701,655,609,578,552,509,487,434,407,386,359,333,314,286,274,262,244,229,211,202,190,176,168,159,144,135,124,116,105,98,94,86,81,76,71,58,55,44,40,38,33,27,20,16,15,11,8,8,5,2,0,0,0,0
korean	8	12	7	host	22321,21109,15454,14622,10176,8413,5268,6476,3418,4665,3993,3468,2704,2226,2272,1826,2772,2642,2401,2102,1816,1815,1928,2176,1860,1532,1561,1730,1482,1319,1570,1856,1161,915,1961,1064,771,1514,1177,1121,1169,1092,1072,1054,953,1173,1004,1454,854,893,1152,792,938,666,879,616,555,841,599,696,1052,1216,985,690,681,484,512,629,782,472,446,645,975,1075,813,1165,615,581,630,384,977,536,789,578,512,1100,656,545,530,465,479,427,340,257,216,246,213,286,544,384,308,361,516,428,616,658,515,467,403,341,273,210,180,149,280,266,211,170,301,213,327,239,329,253,810,453,436,344,280,238,256,225,384,303,262,235,198,163,148,140,127,118,105,94,85,77,71,63,55,52,49,186,141,119,99,87,80,152,271,318,530,305,236,295,266,412,349,294,271,229,209,636,309,297,250,237,218,198,193,178,168,158,143,131,125,115,104,101,98,93,89,86,77,75,74,71,67,66,64,61,59,56,53,53,51,51,45,44,43,41,40,39,36,35,33,32,32,30,29,28,26,25,24,23,23,23,23,22,20,20,20,19,18,16,15,15,15,15,15,15,14,14,13,13,13,13,10,10,10,8,8,8,7,7,6,5,4,4,4,4,3,2,1,1
korean	8	12	7	card	16397,7747,5959,4604,3155,2080,1616,1307,1216,1121,1062,935,871,805,773,712,660,619,583,541,504,469,408,381,352,326,300,272,244,214,195,179,167,152,136,125,119,107,103,89,84,75,70,63,56,52,49,42,36,33,33,26,23,21,18,17,16,13,12,10,8,5,3,1,0,0,0,0,0,0,0
korean	8	12	8	host	17467,11778,8932,4178,7013,3442,4946,3284,3833,4932,2958,3361,3530,2576,3434,2131,3128,2175,2650,2248,2012,2451,2097,1835,2053,1884,1851,1822,1850,1672,1896,1503,1469,1816,1813,1581,1477,1368,1063,1426,2132,1396,1123,1190,1333,1301,1705,1111,1040,1009,1244,1219,928,1159,1064,1712,1539,1003,761,1340,965,1062,816,930,1090,1739,1288,899,753,835,839,1131,718,567,915,641,867,669,1276,694,1096,448,542,947,829,749,808,947,729,567,632,643,989,808,686,534,552,874,563,617,670,827,553,380,305,671,538,818,649,588,598,703,490,556,488,427,384,301,458,498,318,865,552,737,652,620,796,567,394,343,296,266,237,330,230,189,348,596,461,347,285,245,202,176,155,135,209,365,369,266,208,300,251,214,259,327,546,480,383,610,339,283,324,271,292,257,213,193,165,148,128,119,110,94,84,78,72,65,157,111,98,79,71,62,51,49,333,280,164,143,182,284,251,226,318,261,269,360,294,411,259,228,214,268,250,209,169,156,136,123,113,106,101,96,89,84,78,76,73,68,66,62,59,54,52,50,48,46,46,43,41,38,35,33,33,30,29,27,27,25,25,25,23,21,19,18,18,18,17,16,15,14,13,13,13,12,11,11,11,11,10,10,9,9,7,6,3,3,2,2,2,1
korean	8	12	8	card	20215,16713,3816,2275,1975,1682,1561,1356,1283,1153,1035,982,898,822,733,710,662,607,560,527,493,456,416,386,350,311,297,282,254,238,217,206,199,191,173,159,150,135,114,104,95,89,81,74,68,64,55,51,46,39,33,29,26,25,20,16,14,12,9,8,7,5,2,2,0,0,0,0,0,0,0
korean	8	12	9	host	20424,17578,12890,13046,7885,7551,4187,5243,5782,4080,3528,3125,3032,3710,2277,2521,3103,2296,2189,2524,1832,1959,2305,2037,1635,1634,1630,1801,1349,2287,1171,1151,1122,1614,1694,1266,1197,1343,1514,1202,1209,1760,1461,1642,1283,1415,1417,1383,1321,1187,1025,1311,1979,1341,1472,970,886,711,1088,1030,1174,1168,826,972,888,1005,1111,966,617,1044,924,850,667,545,1062,761,1081,751,554,438,592,746,444,815,670,973,846,554,775,495,475,458,542,657,647,545,454,1065,797,505,767,476,480,417,770,501,410,304,255,887,491,577,601,496,1164,836,616,542,443,394,304,511,371,320,269,422,314,600,599,486,465,440,375,285,371,637,568,464,377,348,266,242,207,335,208,178,233,454,423,341,252,420,332,468,520,451,368,331,307,261,239,216,194,178,161,151,364,498,431,303,424,456,480,376,284,240,215,196,183,174,323,278,195,162,155,139,128,113,394,337,230,181,242,178,154,146,129,118,108,231,328,262,477,398,334,393,341,305,293,237,294,387,408,333,308,260,295,251,227,210,188,176,159,150,143,135,126,120,113,109,105,100,94,90,84,80,76,72,67,65,60,57,54,53,46,43,43,41,41,39,34,34,31,31,30,28,26,23,23,22,22,20,18,17,16,15,14,13,13,12,11,11,11,9,9,9,9,9,9,6,5,5,3,2,2,2,1,1,1,1,1,1
korean	8	12	9	card	4455,3156,2597,2406,2164,1894,1733,1495,1318,1209,1075,945,830,747,666,619,561,499,460,430,399,364,341,325,299,273,245,210,198,183,167,158,149,140,125,111,108,101,93,83,73,68,63,56,50,45,41,37,32,28,26,24,19,15,12,12,12,9,5,4,2,0,0,0,0,0,0,0,0,0,0
korean	8	12	10	host	15369,11652,8437,7557,5197,5812,5937,4519,4607,4790,4817,3804,4365,3960,3978,3044,3678,3408,2860,3365,2446,2345,2900,1337,2394,3239,2046,1888,1706,1418,1316,1609,2058,1538,1469,1101,1484,1022,1416,1961,1405,2148,1268,1483,1977,2162,1054,1061,1266,1111,1576,836,1054,922,902,1135,1462,1599,847,1094,909,1136,1609,1035,1035,1015,615,955,1181,1161,821,960,1094,849,1560,688,448,823,747,581,956,1040,1028,641,555,1242,970,675,710,657,697,831,547,996,1018,666,675,541,466,613,570,509,706,562,397,1022,1007,661,535,373,472,765,797,558,964,580,531,422,341,289,433,524,391,311,250,785,438,868,492,491,490,384,392,316,269,353,425,541,486,437,370,482,362,277,251,209,180,157,141,125,232,324,290,248,225,414,482,865,703,548,610,548,477,432,394,433,350,301,261,232,395,342,276,218,187,174,246,205,193,173,151,147,139,128,102,93,80,72,65,54,49,208,329,209,347,383,625,580,995,542,591,490,365,300,280,462,334,301,266,238,365,331,522,413,305,279,252,229,219,206,187,173,160,151,143,138,135,131,124,120,118,109,103,98,92,87,79,76,72,70,66,63,59,58,58,56,51,49,47,46,45,44,41,40,38,37,35,33,30,29,27,27,27,26,26,24,22,20,18,18,17,15,15,15,14,13,12,12,10,9,9,8,7,7,6,4,3,3,3,2,1,1,1
korean	8	12	10	card	4632,3044,2462,1982,1885,1662,1477,1305,1195,1091,1026,936,870,820,773,713,687,640,602,551,526,503,477,436,414,382,363,334,319,286,256,233,218,201,193,182,170,165,152,140,129,122,114,110,101,93,87,80,76,71,63,53,49,40,36,32,30,28,24,21,16,13,11,8,8,4,3,1,1,0
korean	8	12	11	host	15533,10048,7949,5239,4991,3773,4593,3504,3594,3776,3837,2928,3699,3394,3118,3009,1977,2168,2127,2824,1727,3681,2336,2248,1493,1624,1819,2353,2572,2498,1463,1393,2319,1687,2045,1896,1319,1375,1444,1404,1214,1133,1495,1620,1114,1215,1344,1186,1143,1039,1076,1217,1717,1047,811,1168,1159,1268,1050,896,1320,1533,1191,1032,841,859,1294,1354,921,783,566,888,916,1417,1388,1690,1433,791,853,1456,758,530,531,730,1079,965,971,593,1069,723,547,357,395,458,989,989,965,1038,1110,674,459,724,400,512,329,558,806,589,711,954,795,728,1117,579,486,404,342,370,279,225,572,473,580,475,545,475,396,462,600,637,541,442,356,318,258,478,389,341,313,281,416,273,254,360,228,209,247,224,565,400,321,500,537,351,440,376,274,364,531,617,457,379,324,358,281,261,235,206,189,173,300,273,205,245,201,179,161,141,113,100,98,89,81,74,69,58,49,47,626,354,375,445,307,257,230,710,905,667,700,423,359,447,418,363,328,308,285,387,400,320,288,260,246,225,211,186,175,167,158,149,138,133,128,125,116,113,109,102,97,96,89,87,84,79,75,73,68,68,65,61,59,56,52,50,46,46,41,39,39,36,35,32,29,28,28,28,26,24,23,20,19,19,17,17,14,13,13,13,12,12,12,11,10,9,7,7,6,5,4,2,1,1
korean	8	12	11	card	13376,7053,3256,2642,2024,1801,1639,1522,1421,1335,1237,1149,1091,1032,960,912,868,810,770,741,704,655,618,575,541,504,477,440,415,388,371,340,307,265,220,205,190,176,162,143,129,117,103,98,91,87,73,62,57,52,48,44,40,38,30,26,25,19,16,14,13,12,10,5,2,2,0,0,0,0
korean	8	12	12	host	14882,9587,7805,6703,6461,5800,3875,4040,5075,3876,2486,2661,3244,2782,3776,4076,1842,2400,2339,2745,2670,2615,1962,1579,2677,2406,2070,1604,2295,1710,1353,1985,1305,1038,1120,2050,1185,1605,1099,1026,1686,1542,1293,1963,1228,1028,1274,749,1050,1164,971,952,1009,886,1303,1363,964,682,822,921,1527,1247,1049,1115,890,742,708,873,1090,1115,841,1112,1233,1014,769,1002,741,758,732,728,640,738,517,583,627,818,853,910,716,783,603,498,561,526,609,554,741,788,562,460,409,599,748,1107,617,972,947,768,601,476,438,394,360,284,805,584,489,394,515,470,668,454,415,341,287,334,258,308,343,390,319,562,388,751,597,557,488,410,366,333,279,370,290,246,454,267,340,288,601,435,341,793,872,591,478,417,408,363,509,430,337,287,269,613,417,321,267,255,293,386,503,366,422,332,297,273,400,330,287,263,240,211,189,164,141,126,115,101,95,88,80,276,174,157,128,122,101,296,503,488,491,424,362,334,306,283,239,310,260,294,392,518,568,486,508,464,405,331,274,246,231,211,206,195,185,171,163,155,149,139,130,121,112,111,106,101,94,90,87,82,82,77,72,70,68,67,62,59,58,53,51,49,47,47,44,43,42,40,38,35,34,33,32,29,26,26,24,24,23,22,21,19,19,18,15,14,13,13,12,12,9,9,9,8,6,6,5,5,4,2,1,1
korean	8	12	12	card	7137,5350,4634,4044,3153,2672,2355,2134,1835,1631,1525,1359,1199,1110,1059,993,941,894,859,791,707,692,645,610,566,538,512,482,445,405,383,341,316,302,293,276,260,235,218,201,184,171,154,135,125,115,101,92,87,80,76,69,65,56,52,48,40,35,28,23,22,18,13,9,7,4,3,2,1,0
korean	8	12	13	host	31276,13459,4343,5130,4123,3851,4119,4128,3290,3178,3417,3138,3165,2549,3296,2651,2744,2610,2217,2243,2065,1805,1964,1542,1755,1997,1731,1770,1711,1720,1279,1077,1573,1677,1523,1122,1365,1626,1940,1301,1603,1104,1166,1293,1583,1267,1475,1054,1271,1277,1240,1109,928,1226,870,1083,987,931,827,874,673,1331,1152,953,907,836,740,632,859,919,910,827,897,861,812,748,954,1094,914,934,722,586,570,455,802,893,845,753,668,526,680,719,561,655,710,634,606,775,712,526,714,622,507,907,811,634,527,545,556,693,648,608,649,564,564,605,471,381,666,774,572,469,487,629,393,477,392,343,372,526,403,436,358,332,282,650,405,299,366,461,378,293,255,352,492,651,632,513,573,452,429,381,328,304,388,412,316,286,253,227,197,185,294,252,175,154,613,457,321,268,255,232,279,250,456,275,254,325,268,228,412,416,427,292,260,243,216,198,169,160,155,147,131,123,111,104,99,93,85,81,74,68,60,156,127,217,189,176,146,205,175,437,413,497,577,285,257,358,321,230,196,235,226,243,222,298,249,216,196,188,177,171,158,149,142,133,128,120,113,109,102,97,92,88,84,84,81,79,78,71,68,64,63,61,57,56,50,49,46,44,42,39,39,37,34,31,30,26,25,23,23,23,22,19,19,19,16,13,13,12,11,11,8,8,7,6,5,4,3,2,1,1,1
korean	8	12	13	card	7848,6321,5089,3833,3254,2595,2156,1937,1766,1581,1410,1239,1133,1029,953,834,717,660,626,592,551,512,477,455,435,421,393,370,347,328,310,301,286,267,256,240,219,204,192,176,162,143,132,120,111,103,89,76,66,59,49,43,35,29,24,19,16,12,11,6,4,3,1,0,0,0,0,0,0,0
korean	8	12	14	host	20034,17695,10031,9501,6784,6771,6581,6626,5524,3732,4180,4109,2981,3473,3207,2702,3580,2822,2464,2544,2200,2237,1771,1724,1688,3242,2091,1579,1560,2141,2026,1750,1701,1594,1423,1766,1295,1413,1308,1172,1247,1154,1253,1118,992,847,1059,1286,932,1602,1106,941,1159,1010,1152,773,1061,674,1204,1274,730,630,710,809,1074,837,763,795,802,1001,706,1357,784,657,685,692,806,679,567,576,701,780,921,1170,829,602,573,577,497,421,318,1025,682,886,1001,623,635,431,501,385,323,247,1635,632,525,357,469,334,299,436,393,548,472,522,512,549,595,639,472,418,356,413,359,328,287,294,354,247,428,706,610,427,352,287,263,221,281,693,506,407,415,353,388,342,308,319,290,264,227,335,309,309,254,229,206,178,165,133,122,178,163,139,125,106,214,211,359,299,241,219,196,340,436,545,500,370,504,633,544,459,420,351,324,290,278,318,295,258,246,228,331,262,240,226,217,204,194,184,176,165,159,143,140,132,124,119,112,105,98,93,87,84,80,77,75,71,68,64,62,60,58,56,53,49,49,48,46,41,40,37,36,33,33,32,29,29,28,26,26,23,22,21,21,20,18,17,16,16,15,14,14,14,13,13,12,10,9,9,9,7,6,6,5,4,4,4,3,2,2,2,2,1,1,1,1,1,1
korean	8	12	14	card	5298,3934,3219,2601,2414,2179,1981,1874,1761,1634,1556,1413,1280,1077,1015,938,868,796,665,607,589,526,481,458,428,397,381,362,334,313,287,264,244,226,208,189,178,162,148,137,125,114,101,85,75,67,61,56,50,47,40,35,31,29,23,20,17,15,10,8,4,2,0,0,0,0,0,0,0,0
korean	8	12	15	host	45046,11250,6441,6236,3442,3213,4451,3004,3008,3266,3258,2100,2995,2555,2591,1920,1734,2101,1750,1974,1551,1711,1811,2100,1464,1267,1235,1753,1397,1541,1603,1953,1281,1320,1423,1235,1106,1176,1067,1120,960,1074,917,736,907,1453,1245,888,1047,823,842,848,859,1102,916,717,1037,804,893,1038,845,1111,970,680,638,802,808,752,747,556,533,653,723,777,651,784,657,467,601,708,762,629,744,571,561,653,805,628,531,598,757,561,434,471,394,660,551,727,684,589,505,456,398,355,370,324,342,306,273,403,358,564,487,429,467,447,1006,529,449,473,441,368,381,343,341,424,284,308,295,260,233,202,235,208,486,516,603,458,413,527,395,341,299,268,233,209,265,237,214,200,320,265,583,292,244,218,197,211,189,165,283,237,196,186,242,235,972,308,270,245,217,182,250,205,260,235,214,196,184,167,149,135,182,167,151,537,211,198,148,142,127,114,106,101,96,87,84,108,95,113,104,95,89,126,106,403,312,255,253,312,260,219,174,159,192,171,145,136,128,126,117,108,101,91,86,80,168,119,108,100,94,89,85,82,78,74,68,65,59,57,56,54,52,49,44,42,41,37,36,34,33,32,30,28,27,24,22,21,20,20,19,19,19,19,19,17,13,13,11,10,8,8,7,6,5,4,3,2,2,2,1,1,1
korean	8	12	15	card	36207,7231,3474,2541,2101,1697,1490,1277,1157,1046,925,851,798,740,694,649,596,569,523,498,470,434,390,369,346,330,311,283,267,250,237,217,208,192,177,166,157,139,125,116,103,97,87,80,69,61,58,53,47,43,36,33,27,21,18,14,12,9,6,5,2,1,1,1,0,0,0,0,0,0
korean	8	12	16	host	13328,10426,10710,8082,6812,6014,4608,4273,4852,4563,4995,3345,2871,3610,2260,3267,2725,2618,2891,2378,2843,2106,2715,2200,2143,2235,1915,1862,2044,2063,1954,1820,1777,1837,1532,1477,1952,2040,1373,1678,1722,1686,1253,1033,1121,1044,1255,1541,1668,1274,1530,1684,879,983,1554,1058,1454,966,1222,1394,876,1330,1136,837,893,802,899,942,818,752,2212,1371,868,983,874,714,1417,920,645,1004,1298,1190,812,588,693,552,640,929,987,724,518,917,890,762,728,1068,955,582,668,566,439,410,335,522,479,545,982,520,740,721,448,845,651,511,397,689,598,493,368,408,272,230,177,142,114,95,754,851,738,493,418,608,423,352,451,376,295,270,216,896,534,344,224,185,224,197,358,345,385,264,226,280,215,298,275,212,1039,236,221,205,168,153,147,127,108,96,230,197,135,272,317,238,313,287,331,294,265,245,340,306,351,298,280,936,531,486,893,688,596,490,433,384,331,309,284,268,249,231,220,208,194,182,174,155,150,144,138,130,120,115,112,106,101,96,91,90,83,80,78,70,68,65,62,58,55,51,47,47,43,41,40,35,33,32,30,29,28,26,25,25,23,20,20,20,19,19,18,17,15,14,13,12,12,12,12,11,11,11,11,9,9,5,5,4,3,2,2,2,1,1,1
korean	8	12	16	card	9122,5049,3882,2598,2123,1834,1511,1362,1268,1184,1091,1011,952,920,853,797,735,684,657,622,570,540,508,478,444,407,372,346,312,299,269,245,229,214,200,176,167,149,142,131,125,119,112,107,101,91,87,76,73,70,63,56,54,46,40,37,31,27,22,21,20,17,14,9,5,4,0,0,0,0
korean	8	12	17	host	15530,8588,8803,6187,6036,4877,4900,6553,5967,3929,3084,4701,3096,3254,3981,2843,2731,2659,2018,2203,1904,2686,2196,2675,1699,1424,2701,1997,2027,1768,1857,2314,2081,2194,1951,1786,1133,1020,2220,1751,1386,1368,1851,1174,1391,991,897,1404,1402,1737,1306,1332,1099,1342,898,1297,1263,923,1640,1235,1255,1004,1471,1230,1307,710,1582,1137,1437,990,767,590,546,824,819,737,861,1140,1379,1027,768,874,764,588,618,734,823,803,1152,955,953,774,631,569,468,415,496,519,513,417,582,551,734,697,617,670,570,436,436,456,325,473,274,382,507,930,547,705,710,705,532,465,377,512,399,357,392,424,364,276,514,425,389,281,720,440,491,942,741,778,609,546,478,436,354,313,268,240,221,208,178,149,858,396,350,306,471,326,861,545,494,797,606,852,687,541,458,413,354,320,293,276,250,229,212,187,159,143,129,117,109,99,89,79,77,75,65,243,523,423,245,221,208,395,339,302,567,387,572,500,501,628,555,627,739,531,449,389,365,326,302,273,240,232,217,205,191,176,169,158,148,141,138,132,128,120,112,105,101,96,93,89,85,81,76,75,72,66,60,59,58,57,53,52,50,49,45,44,43,41,38,38,35,33,32,31,30,28,24,23,22,21,21,20,19,19,18,18,15,15,14,11,10,9,9,9,8,8,7,7,7,6,5,5,2,1,1,1,1
korean	8	12	17	card	4136,3008,2560,2283,2030,1855,1740,1651,1503,1389,1301,1240,1110,1051,973,906,841,769,720,666,613,584,565,530,476,448,410,383,363,322,307,287,262,245,228,213,203,190,178,169,160,153,141,134,128,117,105,98,85,80,73,65,58,48,45,37,32,25,22,18,12,10,7,5,2,0,0,0,0,0
korean	8	12	18	host	12121,9688,5557,5933,6209,5390,4566,4550,4706,5168,3393,3185,3713,3784,4008,3212,2461,1325,2167,2888,1795,2571,2102,2127,1757,2195,1835,1706,2208,1203,1582,1247,2275,1471,1839,2050,1582,1600,1590,1315,1574,1288,1328,1262,1030,776,1495,990,1069,1275,1245,1429,1244,829,1287,1193,1111,872,830,890,807,1047,1551,806,783,788,1220,1289,1112,915,613,985,721,712,944,854,592,406,733,995,1066,793,650,515,649,560,900,716,555,400,1037,1005,907,986,644,545,532,418,552,705,430,1218,633,604,509,1063,680,698,582,467,410,391,389,535,343,826,547,461,385,444,420,684,570,514,421,350,375,453,592,474,440,497,572,433,308,280,236,217,405,480,772,469,516,414,923,656,510,417,369,324,281,243,218,416,301,219,195,248,226,212,188,164,141,129,119,99,91,182,123,105,188,174,476,281,240,198,185,353,237,312,845,818,779,614,524,503,899,562,603,538,464,418,343,315,303,280,266,253,237,228,212,202,188,180,252,237,207,194,184,175,162,152,144,138,129,121,114,108,103,99,95,91,89,83,83,74,69,67,67,63,61,58,55,54,53,50,48,45,43,43,43,37,35,34,33,31,31,30,28,25,25,24,24,23,22,20,19,18,17,16,15,15,13,13,13,12,11,10,10,9,9,8,7,5,5,3,1
korean	8	12	18	card	13883,6372,4379,3457,2808,2686,2393,2044,1831,1703,1585,1465,1387,1306,1170,1123,1059,1007,937,869,805,745,677,614,562,529,497,459,429,381,357,328,307,274,254,221,202,174,156,137,120,108,95,87,75,71,62,51,47,37,32,27,23,19,14,13,11,8,6,5,2,0,0,0,0,0,0,0,0,0
korean	8	12	19	host	31720,14574,4616,3553,3915,2775,2974,2612,2648,2378,2401,2141,1536,2135,2235,2187,2440,2110,1827,2097,2483,1973,2269,1767,1825,1900,2104,1522,1457,1944,1604,1715,1511,1507,1260,1675,1384,1416,1596,1381,1229,1141,1552,1446,1438,1639,1174,1229,1394,1195,1160,1062,1169,1061,1044,876,804,893,1364,1058,903,926,951,804,1167,981,924,779,856,923,961,821,739,955,828,767,698,615,871,973,790,943,819,785,880,726,713,701,658,738,751,695,758,975,818,718,787,611,531,574,1082,896,750,636,558,643,796,591,534,445,605,751,644,610,894,813,661,572,690,620,545,629,481,404,348,431,414,418,467,630,605,461,615,512,564,615,516,596,659,547,556,505,435,396,423,402,366,504,510,489,544,636,553,466,402,341,273,399,363,334,274,312,355,365,301,441,352,557,411,342,298,268,283,366,268,300,277,353,369,303,296,269,244,231,213,289,319,270,246,213,185,153,262,387,307,394,345,343,311,274,304,272,342,307,289,311,281,241,226,247,220,199,186,165,223,191,179,163,142,137,129,119,104,98,251,209,165,140,186,169,148,140,119,100,95,183,143,123,209,190,177,301,222,332,230,250,221,187,206,187,170,159,149,140,134,127,117,138,131,118,110,105,99,92,87,82,77,69,67,64,61,55,53,48,45,43,40,36,34,31,28,28,24,23,23,20,18,17,15,14,13,13,11,7,5,4,4,1,1,1,1,1
korean	8	12	19	card	8214,4541,3402,3006,2492,2139,1834,1708,1595,1463,1331,1215,1154,1068,1014,957,911,872,833,759,722,677,646,628,598,570,545,516,493,473,439,409,392,365,341,315,303,288,275,265,255,243,228,208,198,185,179,166,153,142,133,128,115,110,106,96,90,83,75,71,63,56,48,38,28,21,8,4,2,2
korean	8	12	20	host	29874,28641,11066,7912,6927,5252,4801,5186,4060,5222,3163,3240,2843,3750,2331,2313,2341,2307,2601,1931,1460,1720,1924,1302,2118,1556,1226,1335,2376,1266,1203,1071,1380,1077,1077,796,922,1201,1175,1015,1070,903,1271,1147,826,1064,1003,1019,903,1195,1027,624,725,835,562,961,756,611,704,699,1009,770,510,1151,1100,541,656,703,552,469,436,664,828,606,695,520,395,452,585,523,422,696,589,772,600,541,438,621,371,312,490,270,455,454,411,387,642,942,544,528,601,497,404,338,366,440,547,612,454,337,292,258,301,316,273,244,270,322,243,201,292,233,187,521,472,348,281,217,191,153,380,541,553,448,354,323,304,316,280,218,193,223,207,277,240,229,186,165,142,135,123,233,571,615,431,240,211,189,320,225,201,333,251,226,166,152,141,130,494,565,496,577,514,389,355,324,288,260,230,346,252,228,207,198,188,184,176,167,203,186,166,152,143,137,132,122,119,112,107,97,93,89,80,76,76,70,69,65,62,59,57,53,50,49,46,46,43,40,39,39,35,33,33,30,29,27,27,24,23,22,22,22,18,18,17,16,16,16,16,14,13,11,10,10,10,10,10,8,7,6,6,6,6,6,6,5,5,4,3,1,1,1,1
korean	8	12	20	card	14325,8270,4344,3542,2871,2401,1950,1723,1540,1442,1271,1117,1048,990,912,827,765,717,677,646,617,589,565,530,491,461,428,409,394,348,331,301,287,264,245,225,216,203,188,170,157,147,137,121,102,92,75,64,52,40,35,32,27,22,18,14,9,6,3,1,0,0,0,0,0,0,0,0,0,0
korean	8	12	21	host	28375,30190,22951,21127,8327,6373,3561,4045,3247,3651,3745,3655,3492,2181,2204,2261,2409,2443,2654,1972,1720,2169,2214,1932,1398,2698,1370,1359,1232,1632,1172,1339,879,1423,1171,1182,1463,1295,1537,1188,1727,1363,1091,905,825,842,1253,896,928,894,674,1166,950,1000,818,829,1152,1741,821,716,551,801,673,1081,880,645,785,643,597,724,515,499,539,732,845,611,596,481,645,591,470,660,871,838,629,553,543,493,448,787,699,518,576,518,547,485,389,344,272,982,767,663,407,398,476,450,384,480,560,591,467,398,415,371,335,268,217,345,282,290,236,263,415,318,268,221,294,509,523,390,343,305,491,448,354,488,338,234,206,415,313,229,364,224,406,393,440,366,307,259,222,200,182,174,151,140,217,198,178,159,135,120,104,100,86,79,75,110,103,96,90,79,200,349,271,311,275,363,303,265,238,434,293,279,256,231,244,215,197,178,264,215,179,158,148,140,132,129,118,110,106,100,95,91,86,84,78,75,70,65,65,62,57,54,51,51,50,50,45,42,40,40,38,38,35,34,33,31,31,31,29,27,27,23,22,21,21,20,19,19,17,17,17,15,13,13,12,11,10,10,10,8,8,8,8,7,7,7,6,5,4,4,3,3,2,1
korean	8	12	21	card	3127,2248,2022,1803,1687,1547,1421,1234,1148,1063,963,884,813,733,646,606,569,516,446,408,387,352,328,305,284,271,250,239,225,215,203,196,182,173,165,150,141,134,128,115,112,104,98,90,83,76,67,62,55,52,47,40,38,34,32,30,22,18,15,12,7,4,4,1,0,0,0,0,0,0
korean	8	12	22	host	30753,23119,19539,13693,6364,8702,6084,6367,4691,4186,3731,4250,3388,2755,2312,4102,2626,2958,1647,2735,2660,1848,2009,2386,2008,1887,1924,1657,1280,1831,2471,1522,1668,1441,1371,1481,988,1100,898,1118,1519,1508,1033,954,1082,1018,715,984,1419,1086,1032,659,772,1018,1015,1035,888,533,418,619,1025,844,870,577,396,727,819,976,721,606,899,527,471,828,800,916,877,655,643,620,574,390,502,490,363,406,368,397,506,584,605,454,426,359,294,869,466,449,390,588,603,619,556,728,389,330,462,325,402,262,226,283,246,331,351,1127,434,576,387,469,414,363,452,330,288,232,205,188,164,140,187,151,141,115,161,315,395,313,285,511,375,258,305,484,1114,358,336,290,253,227,200,181,168,156,149,135,124,118,106,89,84,77,71,69,65,58,53,322,232,205,148,183,301,246,191,163,310,229,441,420,317,256,380,304,464,308,387,300,288,247,224,195,182,598,187,208,193,181,171,158,152,147,139,132,124,118,113,106,95,92,89,87,84,81,76,73,70,67,64,59,59,58,55,51,50,48,45,44,40,39,37,36,36,35,32,31,31,31,28,26,26,24,22,21,20,18,17,17,17,16,16,16,16,16,13,11,11,11,11,10,10,8,6,5,5,5,5,4,3,2,2,1,1,1
korean	8	12	22	card	5453,4461,3864,2855,2151,1544,1345,1051,911,762,673,602,520,470,439,390,353,326,301,279,261,229,203,177,158,137,124,114,100,95,92,84,73,68,62,57,53,50,45,39,37,35,31,28,27,25,21,20,18,15,14,13,11,10,8,8,7,7,5,1,1,0,0,0,0,0,0,0,0,0
korean	8	12	23	host	39084,19035,13705,9786,9321,9085,8956,7000,5412,3589,3843,3182,2606,2974,2510,2734,2914,2307,1920,1603,2028,2411,1900,1865,1547,1893,1471,1775,1829,1514,1094,1378,1526,1044,1399,1337,1335,1153,975,1117,1169,1049,1487,1080,996,1035,957,1116,902,776,1313,1137,875,1043,1088,1053,1002,939,1070,773,639,783,1055,1031,897,808,730,1049,832,764,524,761,871,1246,732,562,447,872,685,596,638,546,890,628,607,688,868,671,575,473,398,428,363,408,352,446,578,518,555,601,508,418,361,308,346,300,600,503,493,397,519,459,485,504,403,359,331,365,341,289,466,338,292,269,361,309,264,231,388,359,542,373,344,275,369,290,256,238,309,283,265,223,189,166,159,215,230,199,271,199,187,171,160,283,250,222,195,274,198,217,187,449,309,341,276,324,291,236,212,195,169,158,149,139,128,120,116,108,100,93,85,75,152,144,121,91,84,239,196,224,192,171,135,125,122,112,100,164,207,173,142,118,154,209,213,179,160,261,231,215,252,206,192,171,136,130,119,113,110,104,97,91,86,85,80,78,74,69,69,66,62,61,57,54,51,49,46,44,95,70,68,60,54,52,52,49,45,41,37,37,36,34,32,30,29,29,27,26,25,25,24,20,18,16,16,16,16,16,15,15,14,14,14,12,12,12,11,11,7,5,5,4,3,3,3,2,2,2,1,1,1,1,1,1,1,1,1,1,1
korean	8	12	23	card	6274,2592,2036,1693,1468,1290,1156,1039,938,848,807,740,701,663,633,591,566,539,512,478,460,439,426,405,390,371,351,327,307,295,282,270,256,234,221,207,192,180,167,152,141,132,122,106,97,85,76,64,61,55,46,40,37,31,28,25,20,20,17,14,11,8,4,3,1,1,1,1,1,0
korean	8	12	24	host	19717,17291,9034,5111,5576,4552,4718,4433,3616,3029,3152,3554,2586,2886,2200,2284,2760,2051,2256,2050,1782,1895,2183,1779,1343,1807,1452,1465,1522,1724,1150,1438,1538,1466,1092,1413,1085,987,1261,1239,801,828,1102,819,864,1167,1103,1164,853,582,787,871,974,750,754,704,888,1201,809,509,552,988,570,819,513,1133,576,733,549,520,648,414,511,467,385,534,391,1164,886,540,447,489,818,636,929,606,522,429,447,399,473,435,496,476,572,317,662,455,366,307,340,287,1122,378,722,424,541,532,392,341,290,226,194,275,453,555,375,251,226,195,166,142,135,120,104,93,77,256,191,544,402,634,509,430,392,505,472,487,402,371,318,286,245,216,191,177,160,141,124,114,109,103,94,87,78,73,68,57,52,45,38,34,29,141,259,220,491,607,407,742,514,653,434,395,360,335,294,256,231,210,196,268,189,179,166,304,210,176,162,147,138,130,122,116,110,104,97,92,85,84,83,77,73,71,68,62,61,59,56,54,53,51,51,49,46,43,43,43,40,38,36,33,33,33,31,28,28,26,25,24,22,21,20,20,18,17,16,15,15,14,14,14,13,13,13,13,12,11,11,11,10,10,10,9,9,7,6,4,4,3,2,2
korean	8	12	24	card	20192,15088,12363,10303,7729,3639,2531,2039,1895,1622,1412,1264,1152,1038,944,833,755,677,607,534,516,477,427,394,367,339,327,302,276,259,238,224,209,197,182,164,152,137,122,111,102,97,87,81,77,72,60,55,49,41,36,31,23,19,17,14,11,6,3,1,1,0,0,0,0,0,0,0,0,0
korean	8	12	25	host	26315,19041,14838,12115,10410,11652,11401,6030,6164,7946,5840,4985,5246,3671,4228,3997,4158,3643,2788,1780,1945,2727,1978,3011,1308,1572,2617,1446,1104,1078,1013,1280,1192,1688,1582,1359,826,794,1057,865,1755,838,1233,793,615,1047,780,1149,595,528,602,785,674,442,876,984,745,656,731,576,1089,589,1285,743,572,431,503,436,486,652,536,489,497,542,559,680,851,613,465,384,358,296,422,437,297,244,211,381,377,691,600,534,384,313,386,288,253,400,442,465,366,314,245,208,174,147,600,661,380,502,399,298,404,371,281,365,508,334,627,417,282,236,217,191,427,203,191,166,144,136,192,155,142,312,217,155,144,132,120,103,99,88,76,68,62,56,49,46,42,39,446,144,137,244,384,847,729,563,371,406,448,492,398,510,430,357,323,355,329,290,277,242,226,212,195,176,170,239,198,172,146,137,128,126,118,110,107,99,97,92,86,82,79,75,75,69,65,65,65,61,55,55,54,52,50,49,47,45,45,44,41,40,38,38,38,36,32,31,30,28,28,28,27,26,26,24,23,21,21,21,20,18,16,15,15,14,14,14,13,13,13,13,12,12,12,11,11,11,10,9,9,7,6,6,6,6,3,3,3,2,1,1,1
korean	8	12	25	card	8377,6392,4187,3024,2509,1583,1146,907,783,615,539,490,425,398,366,340,303,284,268,242,224,202,188,179,165,152,141,130,124,117,103,96,88,80,75,70,64,62,54,49,46,42,36,33,33,30,28,24,23,20,16,15,13,11,8,8,6,3,2,2,1,0,0,0,0,0,0,0,0,0
korean	8	12	26	host	32503,22370,12744,13016,7543,10194,7204,5074,4977,4880,3592,3320,4248,2678,2035,3415,2203,3690,1905,2139,1885,1690,1867,2251,1884,1268,1199,2020,1147,1540,1379,1505,1367,863,1154,1868,1028,1016,799,954,921,1204,745,614,643,509,452,1192,1109,732,641,732,870,380,528,539,660,504,827,896,696,512,415,778,426,452,441,345,498,527,576,433,480,565,340,307,247,620,327,296,433,309,514,663,499,561,444,330,288,392,321,258,414,399,421,495,378,314,420,597,470,485,470,443,353,331,290,331,308,368,322,260,366,243,222,192,173,155,142,133,222,634,396,295,570,321,350,288,257,243,433,345,469,358,337,293,251,280,234,210,193,173,164,289,249,195,181,159,147,138,127,118,159,130,107,102,97,284,180,169,153,133,115,108,99,86,75,67,57,218,293,245,345,378,260,304,266,434,427,419,376,320,286,249,240,215,396,258,235,225,207,195,181,161,151,148,142,226,178,149,141,134,119,116,112,109,105,99,94,91,90,87,84,80,77,76,72,70,67,64,62,59,58,56,54,52,51,48,47,44,44,42,40,37,34,31,31,30,29,29,28,27,26,25,24,23,22,22,21,20,20,17,17,17,16,14,14,14,13,13,13,12,12,11,10,10,10,10,7,7,5,5,3,3,1,1
korean	8	12	26	card	17022,12915,4879,2772,2355,2061,1764,1393,1164,969,859,754,643,541,477,408,378,340,315,292,272,243,225,201,187,173,151,140,132,124,119,105,96,90,86,81,76,71,65,63,56,52,48,47,44,40,37,34,30,28,24,22,19,17,17,14,12,9,8,6,1,1,0,0,0,0,0,0,0,0
korean	8	12	27	host	16377,12365,13663,11557,11756,8640,7203,7602,7210,5459,5268,3761,5057,4278,3657,3428,2489,2116,2199,2083,2606,2735,2512,2111,2337,1550,2007,1507,1172,1545,1342,1260,1255,1212,1483,1332,1299,1478,965,783,907,881,799,1350,996,773,645,984,1058,842,1055,811,816,1175,893,745,956,872,698,784,1173,594,779,705,686,567,490,916,626,761,722,617,832,617,533,418,385,608,771,592,643,787,457,576,1150,454,407,335,297,661,513,529,499,345,318,263,496,391,708,714,422,496,502,420,378,472,450,366,333,286,273,257,231,205,182,270,522,302,228,275,228,178,394,385,335,235,253,294,355,259,230,331,369,325,265,231,209,316,257,527,424,604,330,530,436,278,247,396,307,599,534,435,303,288,264,242,218,198,187,175,168,152,143,133,126,116,111,103,98,90,87,84,75,74,255,185,174,144,136,117,229,203,158,345,214,196,185,220,207,268,225,196,202,169,434,243,260,233,214,226,201,278,222,213,184,178,172,157,151,150,142,130,124,116,111,104,100,95,91,88,84,80,79,77,75,71,69,66,63,61,57,53,51,51,49,48,45,41,41,38,38,36,35,33,30,29,26,26,26,26,25,24,24,20,19,17,16,14,14,14,14,14,13,13,12,12,12,10,10,8,7,6,6,5,4,3,3,3,3,1,1
korean	8	12	27	card	16668,6306,4428,3638,2446,1870,1536,1305,1162,1036,910,840,778,723,684,626,584,541,503,469,431,391,374,350,336,327,297,266,240,216,197,182,158,144,134,125,114,101,94,85,80,74,70,65,60,53,48,41,39,37,36,32,26,22,20,16,14,12,8,6,4,3,0,0,0,0,0,0,0,0
korean	8	12	28	host	25658,22077,19800,15800,10275,14526,7449,6224,6910,4240,4980,4848,2123,2913,3174,1806,2613,3271,2159,1366,2451,1782,1663,1365,1239,1445,1278,1355,1014,2468,1512,1464,1230,745,1549,1129,1185,989,1001,864,809,404,684,1380,805,784,542,619,715,1114,703,802,635,883,647,491,370,520,763,891,845,471,471,551,486,351,582,675,623,468,345,277,523,418,374,267,885,643,502,774,442,339,527,502,357,307,248,1025,452,305,247,207,275,345,273,490,363,320,217,462,597,398,298,257,394,298,218,262,266,234,321,240,220,383,315,216,522,471,286,406,288,235,220,191,169,153,340,265,207,273,206,155,246,195,392,338,217,196,166,151,145,129,120,113,104,99,89,83,76,70,67,184,154,120,370,269,226,208,189,175,142,129,123,116,110,520,351,391,245,227,207,336,518,262,221,450,332,274,243,220,201,199,188,174,169,157,152,138,129,127,121,118,113,110,105,102,98,95,92,88,85,81,78,76,74,73,69,68,61,59,57,55,54,53,53,50,47,44,43,42,42,41,38,37,35,34,33,31,29,28,28,27,26,26,24,24,23,23,23,22,18,17,17,17,16,14,14,13,13,13,12,12,12,12,12,11,11,11,10,9,7,7,6,5,4,4,3,3,2,1,1
korean	8	12	28	card	7860,5523,4316,3725,3090,2565,2007,1644,1490,1291,1195,1117,992,917,828,753,718,660,595,536,501,469,437,413,368,343,310,283,264,247,234,208,191,172,163,150,139,124,115,108,95,86,75,63,59,51,45,41,34,30,27,21,18,16,12,12,7,5,4,2,2,0,0,0,0,0,0,0,0,0
korean	8	12	29	host	36988,31152,26266,6063,6449,6361,4415,3356,4168,4156,3890,2003,3724,3527,2278,2413,2498,2651,1603,1558,1854,1772,1723,1679,1985,1453,1412,1540,1110,1288,1076,1288,1535,1075,1519,1120,1154,857,1249,1143,1063,808,761,892,927,648,769,716,1099,999,1093,1071,773,683,700,547,540,370,671,757,538,622,649,641,764,509,456,392,801,569,447,631,744,646,525,470,521,496,409,491,536,617,457,658,398,334,433,492,469,618,536,435,392,578,504,378,313,343,441,476,344,306,464,429,386,555,578,507,352,319,287,251,322,690,426,366,369,350,301,265,233,394,256,311,266,393,319,231,322,374,401,476,400,337,295,261,239,212,194,174,154,136,254,404,382,325,352,298,239,211,187,262,635,357,258,245,201,188,366,210,198,172,162,146,139,116,112,183,166,145,130,121,106,102,93,128,117,205,149,138,132,125,112,155,199,266,218,179,161,148,233,276,257,225,203,174,207,194,177,168,148,161,155,146,340,197,183,170,155,147,138,129,122,113,162,148,141,116,105,104,98,90,86,81,80,77,74,72,72,68,63,62,61,59,56,53,52,51,50,47,46,43,42,41,39,38,33,33,32,32,31,30,30,30,28,28,26,24,21,21,21,20,19,17,17,17,16,15,15,14,14,13,12,11,10,10,8,7,6,6,5,5,4,2,2,2,2
korean	8	12	29	card	17779,3405,2713,2301,1763,1350,1207,1055,950,864,756,673,641,591,524,493,458,389,376,351,322,300,284,269,260,235,218,206,190,184,168,157,152,139,133,125,115,107,100,95,92,82,77,71,67,59,55,49,46,44,43,38,33,29,26,23,20,16,15,10,9,6,6,3,1,1,0,0,0,0
korean	8	12	30	host	19620,16757,18865,16304,14681,11805,8541,2511,2939,2757,2543,1961,3601,2520,1724,1785,2532,1938,1573,1183,1926,1908,1321,1367,889,1569,986,1113,1000,1223,1259,1160,1353,1255,1277,1134,1016,1063,1177,1607,1219,1052,921,700,945,932,642,604,862,772,557,637,654,843,525,959,1346,782,769,625,826,771,723,575,602,755,633,1382,978,617,550,620,436,663,640,480,595,541,392,465,694,428,482,454,391,309,236,534,794,647,616,417,788,520,424,532,327,339,372,328,344,545,414,338,294,250,491,356,571,278,420,373,558,414,313,262,423,337,445,385,480,331,356,324,259,224,211,289,227,277,252,215,188,171,146,396,282,449,528,488,463,417,468,353,326,330,276,253,223,198,177,161,147,134,199,175,153,146,214,137,116,108,100,93,91,84,77,123,113,107,97,83,80,70,287,204,422,278,178,351,244,210,163,139,263,236,222,217,224,175,152,323,275,460,277,258,410,226,188,174,152,140,131,122,113,109,105,102,101,94,90,87,80,76,73,70,65,64,64,61,58,57,53,52,49,49,47,45,44,42,41,41,38,34,34,34,32,31,29,29,26,26,26,25,23,22,22,22,20,18,18,17,16,15,15,14,11,10,10,10,10,10,10,9,9,9,8,7,6,5,5,5,5,3,2,2
korean	8	12	30	card	17951,11216,4231,3349,2506,2226,1968,1805,1534,1431,1312,1240,1124,1007,932,862,758,721,626,558,524,484,449,411,390,362,334,309,288,268,251,238,220,205,187,170,157,141,125,115,105,96,85,75,72,63,59,55,47,43,40,37,34,32,27,25,24,20,17,13,11,8,7,3,2,1,0,0,0,0
korean	8	12	31	host	24919,17461,18678,11355,8474,8432,5666,5679,4285,3030,2520,3000,2807,2130,2615,2230,1356,1915,1305,2447,2114,1339,2145,1256,1949,1501,1112,1681,1305,1270,1366,1287,1127,952,2085,1365,1342,1233,782,688,882,1448,1060,968,814,816,1187,1141,801,860,1050,877,892,833,966,993,924,747,643,804,581,488,517,484,474,609,896,722,554,520,357,554,896,843,679,555,610,570,615,466,450,472,447,429,383,453,435,327,299,364,675,534,555,411,444,387,375,308,286,257,217,299,178,442,337,597,474,393,540,446,340,297,250,341,260,232,208,188,252,211,186,156,134,117,107,187,214,562,455,324,275,242,282,364,283,240,286,254,230,200,186,147,131,122,110,101,92,88,80,74,66,60,56,176,195,168,140,127,97,306,191,167,142,373,355,670,280,382,487,546,362,306,279,233,207,176,165,158,142,203,154,199,183,150,139,128,116,168,145,138,119,118,104,97,91,88,87,81,76,74,72,70,68,66,61,59,58,56,53,49,49,47,44,41,40,38,37,36,33,32,30,28,28,27,27,27,25,24,23,20,18,17,17,16,15,14,13,13,13,12,12,12,12,12,12,12,12,12,11,11,10,8,8,8,6,6,5,3,2,2,2
korean	8	12	31	card	32679,8968,5692,3693,2487,1977,1622,1454,1277,1109,969,906,796,693,644,608,575,542,525,478,444,415,391,355,326,311,295,274,257,243,236,218,205,194,181,171,160,144,131,116,108,97,89,80,76,70,65,57,49,44,40,33,27,26,21,18,15,13,12,10,6,3,3,1,1,1,1,0,0,0
korean	8	12	32	host	26053,21840,20386,12491,10281,7981,6466,5465,5206,3995,3117,5543,3692,2431,1772,1935,1816,2127,2131,2228,1474,1485,1553,2013,1121,1488,1784,1298,1010,1344,1409,1042,1429,961,1368,861,703,963,969,905,1185,744,842,619,844,979,1084,987,1323,933,704,586,584,581,534,538,533,581,490,568,641,789,447,558,474,466,338,434,417,385,442,997,598,519,399,429,311,351,492,418,304,315,731,635,552,427,503,379,306,311,578,358,278,243,527,378,373,661,389,326,296,258,235,539,268,220,403,379,298,241,201,537,207,186,159,142,250,306,295,307,275,586,277,223,265,208,312,238,210,224,208,167,148,214,199,172,161,148,138,133,124,117,112,106,92,89,81,74,69,67,64,58,50,46,152,144,106,93,274,239,184,156,234,470,384,277,306,252,215,191,179,165,239,288,224,201,169,206,182,171,157,149,140,132,121,118,111,106,103,97,96,93,121,110,105,97,92,86,80,78,75,73,69,67,64,62,58,53,53,52,48,47,45,45,43,42,41,38,37,35,34,33,33,31,29,28,28,25,24,22,22,21,21,20,19,18,16,15,15,14,13,13,13,13,13,13,12,11,11,11,11,11,10,8,8,8,8,7,5,4,4,3,3,2,1,1,1,1
korean	8	12	32	card	33948,15602,2404,1586,1262,1081,962,895,756,635,576,536,501,468,439,411,395,376,359,337,317,296,275,258,242,229,210,198,189,179,165,155,146,138,134,123,114,107,104,96,90,83,78,69,62,58,53,49,45,41,36,34,28,25,21,16,13,12,10,9,6,2,1,1,1,1,1,0,0,0
korean	8	12	33	host	32626,12832,8503,8982,6120,6512,7108,5310,4988,3262,3297,2238,3639,1851,2082,2554,2477,2188,1651,1271,2123,2093,2096,2230,1438,1664,1452,1501,1714,1550,793,1087,1109,1717,1492,843,1341,1079,862,554,1509,2391,1366,768,921,631,937,830,1376,755,875,535,595,902,783,982,724,486,392,516,601,771,688,459,408,688,518,721,539,435,473,429,369,534,561,645,429,436,407,346,283,310,261,231,239,514,593,359,340,346,375,378,312,261,211,234,366,263,235,303,273,239,262,227,191,241,326,245,197,180,196,312,214,171,141,114,305,284,277,269,322,305,285,376,268,246,225,191,170,293,291,263,214,182,170,153,145,133,119,111,104,91,82,77,145,133,122,78,73,69,63,53,51,46,110,128,113,104,93,86,79,202,154,173,372,354,279,230,213,190,233,307,218,198,185,167,160,147,139,133,124,119,231,185,148,136,131,123,117,106,101,143,125,113,105,92,89,88,83,75,72,70,69,65,61,61,59,56,54,50,50,47,46,45,42,41,40,39,36,36,35,33,31,31,30,30,29,27,25,24,22,22,21,20,20,19,18,17,17,17,17,16,15,14,13,13,13,13,12,12,11,11,11,10,10,10,8,7,5,5,4,4,3,3,3,2,2,2,1,1,1,1,1
korean	8	12	33	card	33894,13107,9283,4946,3221,2668,2278,1915,1796,1661,1514,1401,1251,1093,1007,892,797,704,653,611,566,515,496,459,427,408,386,355,340,309,291,256,240,217,207,194,182,171,161,146,136,125,115,104,97,89,78,70,65,57,47,39,36,34,28,23,19,18,15,12,9,4,3,1,1,0,0,0,0,0
korean	8	12	34	host	34092,33921,28198,8980,6476,4479,4765,4959,3292,3525,2932,2713,2518,3182,2043,2124,2107,2061,1901,1300,1947,1647,2170,1437,1453,2270,1235,1118,1091,1012,1763,1221,1541,982,1589,1107,967,781,806,766,680,1090,1033,752,725,1222,768,998,709,630,623,756,673,739,615,839,723,768,474,564,448,625,569,488,760,509,532,579,516,416,337,422,405,395,607,551,391,341,359,532,628,509,448,357,313,478,439,352,304,251,278,312,236,192,714,293,263,279,281,425,255,289,220,276,228,211,187,285,202,183,151,129,116,247,247,216,221,238,224,193,337,435,297,316,260,235,267,218,206,187,173,156,231,182,172,154,131,123,117,111,100,95,88,80,71,67,59,57,55,47,44,39,38,81,115,89,77,67,63,180,175,280,374,276,302,259,299,241,215,196,349,286,215,202,184,227,213,198,170,163,149,139,134,129,123,114,109,107,104,98,93,91,85,153,142,107,100,96,93,85,81,78,69,65,60,60,58,53,50,50,48,44,43,42,42,42,40,39,39,34,34,32,32,32,30,30,29,27,26,25,25,25,24,24,21,19,18,17,17,15,14,14,14,14,14,14,14,14,12,12,12,11,10,10,10,8,8,6,6,5,5,3,2,2,1,1,1,1,1,1,1,1,1,1,1,1,1
korean	8	12	34	card	14886,12410,3831,3492,3095,2700,2220,2022,1682,1456,1229,1050,911,799,716,650,591,537,499,456,426,405,364,337,320,302,287,273,253,233,216,197,184,177,167,153,138,130,116,110,101,90,82,77,71,64,55,49,43,40,36,35,31,28,25,21,16,14,12,8,6,1,1,1,0,0,0,0,0,0
korean	8	12	35	host	38187,31557,15599,9251,5422,4668,3957,4065,2791,3266,2775,2948,2262,1995,2222,2542,1552,2047,1599,1945,1457,1389,2262,1505,1413,1455,1485,1059,1654,1159,1164,1350,1234,885,1119,1049,939,1155,1154,782,1065,651,1143,946,1006,746,945,817,599,1115,1027,706,603,720,662,534,509,552,687,993,678,697,522,449,632,609,550,567,561,441,762,525,458,348,525,663,474,562,451,445,367,391,436,351,310,358,274,320,355,545,438,560,556,414,477,405,401,335,307,263,337,724,388,429,345,295,243,278,330,362,275,465,320,332,287,246,218,190,374,337,289,257,228,204,188,163,194,366,256,168,154,126,405,332,508,406,484,345,366,445,316,278,256,240,216,193,177,164,156,147,138,129,121,113,214,150,120,115,110,99,93,165,134,124,93,85,116,110,207,220,158,191,173,157,134,117,112,209,173,307,254,217,176,162,131,115,162,292,411,291,262,232,197,189,181,150,124,113,106,103,98,90,88,82,76,72,68,64,62,59,112,108,73,69,65,62,60,57,54,50,49,46,43,43,43,42,40,39,37,33,31,30,29,28,27,26,25,24,24,23,22,21,20,17,16,15,13,13,13,12,12,12,12,12,12,10,10,9,9,9,5,4,3,3,2,2,1,1,1,1,1,1,1,1,1,1,1,1,1,1,1,1
korean	8	12	35	card	39544,5236,4041,2620,2075,1636,1392,1203,1058,962,832,736,639,573,513,440,388,349,331,305,272,255,236,217,206,191,168,158,144,134,123,116,113,102,92,85,78,75,69,64,60,52,50,48,42,37,32,31,27,22,22,18,15,12,10,9,7,5,3,0,0,0,0,0,0,0,0,0,0,0
korean	8	12	36	host	38438,11847,5027,5135,5000,4654,4080,3940,3799,3437,2857,3353,3149,2250,2068,2332,2322,2321,1804,2228,1778,1759,1850,1333,2054,1573,1591,1477,1502,1339,1426,1187,1326,1188,998,1875,1235,1320,1014,1056,857,1214,930,1119,891,916,615,747,1250,966,726,818,916,951,878,668,976,1357,782,948,752,802,931,761,655,549,667,556,444,372,276,757,590,589,742,557,574,501,444,557,468,588,725,579,477,606,686,513,520,354,315,741,444,488,454,524,601,433,482,411,372,372,320,289,242,216,589,314,394,335,263,311,282,608,661,623,670,413,343,301,257,217,191,376,190,355,221,162,142,124,108,285,343,593,332,457,351,379,356,298,264,239,290,241,212,195,403,233,213,181,167,154,140,123,111,194,150,117,176,141,118,197,147,121,114,96,88,78,527,179,200,152,122,113,97,85,80,194,92,567,180,260,227,201,425,411,236,184,154,149,133,122,119,115,105,98,90,234,139,128,116,108,103,182,139,109,102,93,82,78,70,66,65,61,60,55,55,53,51,51,46,41,41,40,39,36,34,34,34,31,29,29,26,26,25,23,23,22,20,17,17,16,16,16,16,15,14,13,13,12,11,10,10,10,9,8,8,8,8,7,4,2,1,1,1,1,1,1,1,1,1,1
korean	8	12	36	card	42589,9354,4735,2969,2609,2175,1999,1827,1715,1609,1475,1398,1258,1151,1025,914,778,675,607,555,515,475,430,405,378,345,311,288,270,248,239,222,212,196,183,173,151,135,128,120,113,103,91,83,75,67,60,51,44,37,33,29,23,20,17,14,11,8,6,6,2,1,1,0,0,0,0,0,0,0
korean	8	12	37	host	41636,38298,36458,8815,5422,6941,3992,4304,3593,2671,2293,2288,2267,3398,2271,2488,2125,1949,2065,1721,1690,1648,2325,1433,1107,1479,1556,1325,1226,1445,1101,1023,1451,1624,1285,1023,976,1031,1205,922,1047,866,1200,1020,784,925,816,870,860,646,798,644,919,919,853,578,801,731,892,629,613,759,592,579,924,608,560,514,597,506,527,497,374,534,393,461,591,748,511,502,488,472,400,498,418,324,400,430,428,345,324,272,336,288,418,406,426,393,309,262,444,302,273,388,336,285,235,409,289,336,253,314,360,358,267,225,189,169,210,183,166,209,187,151,210,173,198,170,197,243,187,160,149,227,160,148,142,125,439,327,200,170,154,135,125,115,105,98,89,75,70,64,58,56,49,82,134,120,109,99,135,122,102,158,134,116,96,163,116,188,176,352,254,246,199,330,251,232,216,178,162,155,144,136,130,121,111,107,94,86,84,75,70,68,64,60,59,58,55,54,53,51,49,48,45,40,39,37,37,36,35,32,31,31,31,30,28,69,45,43,43,38,38,35,32,30,28,26,25,23,23,22,21,17,17,16,16,15,14,14,14,13,13,13,13,12,12,10,10,10,8,8,7,7,7,6,5,3,3,3,2,2,2,1,1,1,1,1,1,1,1,1,1,1,1,1,1,1
korean	8	12	37	card	11197,4736,2712,1620,1463,1247,1106,1027,927,852,801,756,686,644,608,588,544,505,472,456,403,370,342,319,307,281,255,235,215,203,192,177,165,158,142,128,115,105,98,90,83,77,71,68,63,60,54,50,47,43,39,36,35,31,27,24,22,21,17,15,10,8,5,2,2,1,1,0,0,0
korean	8	12	38	host	39992,36035,31166,15045,11334,10375,6180,4072,3327,4691,3906,3442,2870,2400,3089,2501,2051,2654,2027,1722,2010,2033,2472,1695,1690,1615,2075,1597,1780,1343,1106,1201,921,1460,1084,922,1485,1428,1042,1252,726,956,792,889,832,951,796,743,902,849,656,624,452,683,806,972,725,853,760,582,539,396,617,765,583,426,535,412,741,534,441,471,453,913,663,508,579,473,519,441,406,557,540,431,384,388,444,387,331,284,401,411,484,365,309,326,556,413,321,330,462,452,402,537,362,328,327,291,609,301,270,262,238,216,196,170,210,190,159,146,130,119,181,170,183,158,138,203,164,314,355,526,332,339,334,288,304,289,260,240,228,214,195,178,168,159,148,135,125,115,108,103,99,156,118,109,102,94,90,87,81,73,69,64,59,47,107,73,68,63,55,120,141,240,313,176,162,217,239,410,351,261,206,200,181,242,205,171,155,145,138,129,125,117,113,106,100,97,90,86,84,82,74,70,70,67,64,60,57,55,53,52,50,46,153,130,69,65,61,53,51,50,46,44,42,39,38,37,37,34,33,31,30,28,27,27,26,25,22,22,19,18,17,17,16,15,13,12,12,12,12,11,11,11,10,10,10,9,9,9,5,5,1,1,1,1,1,1,1,1,1,1,1
korean	8	12	38	card	2533,1835,1462,1307,1118,1030,928,840,774,704,620,532,478,429,377,332,299,288,260,232,221,190,176,158,146,142,131,118,111,100,95,89,81,73,70,63,57,54,52,49,48,44,40,35,32,28,27,22,19,19,16,12,11,9,8,6,3,2,1,1,0,0,0,0,0,0,0,0,0,0
korean	8	12	39	host	40096,35787,32678,7098,4729,4703,4524,3116,3560,2742,2907,2631,2397,2514,2536,2619,2423,2505,2587,2484,2302,1708,2285,1668,1313,1488,1678,1327,973,1143,1112,1158,1182,1495,1015,870,927,809,851,760,856,1009,737,786,704,725,580,598,721,647,630,749,647,670,503,476,712,676,562,413,576,604,612,533,447,482,670,417,351,367,470,353,368,303,340,642,447,438,529,547,374,470,426,378,328,392,292,306,333,307,450,373,403,331,279,296,402,375,313,269,229,259,237,290,305,239,217,185,162,138,182,396,323,271,290,242,218,256,210,313,272,237,320,245,215,184,236,215,186,199,174,159,148,137,191,177,193,178,172,144,135,127,116,113,105,101,93,83,80,77,70,68,60,55,83,81,67,117,164,163,204,175,148,226,215,185,166,281,227,196,181,161,189,166,146,140,126,167,143,127,123,118,148,139,129,124,117,108,98,92,87,85,83,78,72,70,69,66,63,59,58,55,52,50,47,46,45,42,42,39,37,36,69,61,59,55,46,40,39,38,34,33,31,31,31,29,28,26,25,24,23,21,21,20,19,18,17,17,17,14,13,13,13,13,13,13,11,9,9,8,7,7,7,7,5,5,4,4,2,1,1,1,1,1,1,1,1,1,1,1,1,1,1,1,1,1,1,1
korean	8	12	39	card	32849,4494,2394,1645,1348,1082,940,874,814,711,649,584,534,494,464,430,394,376,338,319,303,290,267,249,236,222,213,200,187,175,164,149,144,139,129,120,116,112,104,95,92,86,82,77,69,64,58,52,45,39,36,31,26,22,20,18,15,10,9,4,0,0,0,0,0,0,0,0,0,0
